qa_id,origin,passed_filters,reject_reason,repaired,q_type,dimension,difficulty,question,paraphrase_1,paraphrase_2,answer,citation,evidence,grounding,standalone,judge_rationale,human_verdict,human_notes
budd-l-hall-rajesh-2021-socially-responsible:0055:q0,pilot,True,,False,definition,equity_accessibility,medium,"In critiques of global university rankings, what message do rankings convey about where 'world class' status, 'quality' or 'excellence' are found?","What do global university rankings imply about the locations of 'world class' status, 'quality' or 'excellence'?","What do global university rankings communicate, according to their critics, about the location of 'world class' standing, 'quality' or 'excellence'?","The message is that 'world class' status, 'quality' or 'excellence' are highly concentrated in specific places. By implication, they are not present in other places.","Socially Responsible Higher Education, p. 96","The message seems clear - 'world class' status, 'quality', or 'excellence' are highly concentrated in specific places. It is therefore, by implication, not present in others.",4,True,"The answer restates the evidence almost verbatim. It only drops the hedge 'seems', presenting the message as definite rather than as what 'seems clear'. | The question names its context (critiques of global university rankings) and relies on no unseen references or undefined terms.",,
budd-l-hall-rajesh-2021-socially-responsible:0055:q1,pilot,True,,True,factual,equity_accessibility,easy,"In the 2020 Times Higher Education World University Rankings, how many of the 'top 300' universities are in Europe, North America, Australia and New Zealand?","How many of the 300 highest-ranked universities in the 2020 THE World University Rankings are located in Europe, North America, Australia and New Zealand?","What is the count of universities from Europe, North America, Australia and New Zealand among the top 300 in the 2020 Times Higher Education World University Rankings?","Of the purportedly 'top 300' universities in the world, 270 (90%) are located in Europe, North America, Australia and New Zealand.","Socially Responsible Higher Education, p. 95","of the purportedly 'top 300' universities in the world, 270 (90%) are located in Europe, North America, Australia and New Zealand.",5,True,"The answer repeats the evidence almost verbatim: 270 of the 'top 300' universities, or 90%, are in Europe, North America, Australia and New Zealand. It adds no other claims. | The question names the specific ranking and year and asks for a clear count. It needs no unseen context.",,
budd-l-hall-rajesh-2021-socially-responsible:0055:q2,pilot,True,,True,explanation,equity_accessibility,medium,Why is top placement in global university rankings described as not simply a matter of the 'cream rising to the top'?,What reason is given for saying that high ranking in global university rankings is not just merit rising to the top?,How is it explained that top positions in global university rankings do not merely reflect the best institutions naturally rising?,"Top placement is described as not being about the cream rising to the top, but about the presence of a system in which the cream identifies itself as better and uses systemic processes to stay there. Rankings are also described as a question of sovereignty and control, where the balance of power, and therefore status and funding, rests in the hands of a small minority of majority white countries and institutions.","Socially Responsible Higher Education, p. 96","it is not about the cream rising to the top, but rather about the presence of a system in which the cream identifies itself as better and utilises systemic processes to stay there. … rankings are a question of sovereignty, of control, where the balance of power - and therefore status and funding - rests in the hands of a small minority of majority white countries and institutions.",5,True,"Both statements in the answer restate the evidence directly: the cream sustaining itself through systemic processes, and rankings as sovereignty and control held by a small minority of majority white countries and institutions. | The question names global university rankings and the specific 'cream rising to the top' phrasing, so it makes sense without the source. It contains no references to unseen context.",,
budd-l-hall-rajesh-2021-socially-responsible:0055:q3,pilot,True,,False,factual,equity_accessibility,easy,"How many institutions represent the whole of Africa in the 2020 Times Higher Education top 300, and in which country are they located?","In the 2020 Times Higher Education ranking of the top 300 universities, what number of institutions stand for the entire African continent, and what country are they based in?","What is the count of African universities included in the Times Higher Education 2020 top 300, and in what country do these institutions sit?","Africa is represented by only three institutions, all of which are in South Africa. By comparison, there is one university from all of Latin America, one from the Middle East, and none from Central Asia.","Socially Responsible Higher Education, p. 95","The entire continent of Africa is represented by three institutions, all of which are in South Africa. There is only one university from the whole of Latin America, one from the Middle East, and not a single institution from Central Asia.",4,True,"The answer's figures (three South African institutions; one each from Latin America and the Middle East; none from Central Asia) all match the evidence. The added word ""only"" is trivial rewording. | The question names the ranking (Times Higher Education 2020 top 300) and asks a clear factual question without relying on unseen context.",,
budd-l-hall-rajesh-2021-socially-responsible:0055:q4,pilot,True,,True,explanation,equity_accessibility,medium,"The Times Higher Education (THE) world university ranking places 270 of its 'top 300' universities in Europe, North America, Australia and New Zealand. Is this geographic concentration unique to THE, and how do the ARWU and QS rankings compare?","Of THE's purported 'top 300' universities, 90% are in Europe, North America, Australia and New Zealand. Is THE the only ranking with this bias, and how do ARWU and QS compare?","In the Times Higher Education (THE) world university ranking, 270 of the 'top 300' institutions are in Europe, North America, Australia and New Zealand. Does only THE show this geographic concentration, and how do the ARWU and QS rankings compare?","Of the purportedly 'top 300' universities in the THE ranking, 270 (90%) are located in Europe, North America, Australia and New Zealand. THE is not alone in this bias. The Academic Ranking of World Universities (ARWU, 2019) and the QS World University Rankings (QS, 2019) are more geographically inclusive, but only by a few percentage points.","Socially Responsible Higher Education, p. 95","of the purportedly 'top 300' universities in the world, 270 (90%) are located in Europe, North America, Australia and New Zealand. … THE is not alone in this bias - the Academic Ranking of World Universities (ARWU, 2019) and QS World University Rankings (QS, 2019) are more geographically inclusive, but only by a few percentage points.",4,True,"Every statement matches the evidence: 270 (90%), THE not alone, ARWU and QS more inclusive by only a few percentage points. The only addition is explicitly attributing the 'top 300' list to THE, which is a trivial inference from 'THE is not alone in this bias'. | The question names the THE, ARWU and QS rankings and the specific statistic. It does not rely on any unseen context.",,
budd-l-hall-rajesh-2021-socially-responsible:0120:q0,pilot,True,,False,application,teaching_learning,hard,"A Peruvian law school is making its free legal aid clinic a compulsory course for students in their final years. Based on findings from a survey of 31 Peruvian law schools, what problems might this design cause?",A law school in Peru plans to require a clinic course late in students' studies. What does survey research on 31 Peruvian law schools say about the risks of this compulsory model?,"A law school in Peru plans to require students in their last years to take its free legal aid clinic. According to a survey of 31 Peruvian law schools, what difficulties could this arrangement create?","Almost all Peruvian law schools place clinical education near the end of studies, and 15 of 31 make clinics compulsory. While this theoretically allows better service and more student engagement, the model does not seem to account for students' context. By the time they take the clinic, students may already specialise in a different area of law and be occupied with another dissimilar internship. These factors may severely hinder the quality of service to users and the number of cases taken on.","Socially Responsible Higher Education, p. 222","Second, we found that almost all universities have chosen to implement legal clinical education towards the end of a student's education, often requiring them to have passed a certain set of classes (usually related to procedural law) in order to participate. … Third, out of the 31 universities, 15 stated that clinics are a compulsory course. While this theoretically allows for better service and more student engagement, the model does not seem to take into account the students' context. By the time students take a clinical class, they may already have chosen to specialise in a different area of the law and are probably occupied with another dissimilar internship. These factors may severely hinder the quality of service provided to users and the number of cases taken on.",4,True,"The answer closely restates the evidence. It makes only minor rewordings, such as turning 'probably occupied' into 'may be occupied' and 'may already have chosen to specialise' into 'may already specialise'. | The question describes the scenario and identifies the source by its content (a survey of 31 Peruvian law schools), without vague references to unseen context.",,
budd-l-hall-rajesh-2021-socially-responsible:0120:q1,pilot,True,,False,explanation,general,medium,Why might public interest clinics in Peru be concentrated in just three private universities in Lima?,What is the possible reason that Peruvian public interest clinics are found only in three private universities in the capital?,How can the clustering of public interest clinics in three private Lima universities be explained?,"Research found that free legal aid clinics are evenly distributed across public and private universities nationwide, while public interest clinics are concentrated in three private universities in Lima. This could be because Peru has only a few dedicated public interest lawyers, and the Supreme Court and Constitutional Court are both in Lima.","Socially Responsible Higher Education, p. 222","The research shows that free legal aid clinics are evenly distributed in public and private universities throughout the country, while public interest clinics are concentrated in three private universities in Lima, Peru's capital. This could be because there only few dedicated public interest lawyers in Peru, and the high courts of Peru (Supreme Court and Constitutional Court) are both in Lima.",5,True,"Every statement in the answer is directly stated in the evidence: the distribution pattern of clinics, the few dedicated public interest lawyers, and both high courts being in Lima. | The question names Peru, public interest clinics, and Lima specifically, and relies on no unseen context.",,
budd-l-hall-rajesh-2021-socially-responsible:0120:q2,pilot,True,,False,factual,general,easy,How many of the 31 Peruvian law schools surveyed have implemented public interest clinics rather than free legal aid clinics?,"Out of 31 surveyed law schools in Peru, how many run public interest clinics?","In a survey of 31 Peruvian law schools, what number had set up public interest clinics instead of free legal aid clinics?","Only 3 of the 31 institutions surveyed have implemented public interest clinics, while the remainder have opted for free legal aid clinics.","Socially Responsible Higher Education, p. 222","First, it is interesting to note that of the 31 institutions surveyed, only 3 have implemented public interest clinics, while the remainder have opted for free legal aid clinics. The latter often function as alternatives to internships, where students can get educational credit and recognition for internship work (27 institutions).",5,True,"The evidence states directly that only 3 of the 31 surveyed institutions have implemented public interest clinics, with the rest choosing free legal aid clinics. | The question names the population (31 Peruvian law schools surveyed) and both clinic types, so it can be understood without the source.",,
budd-l-hall-rajesh-2021-socially-responsible:0120:q3,pilot,True,,False,explanation,general,medium,Why is it notable that only 15 Peruvian free legal aid clinics handle civil law cases?,What makes the low number of Peruvian clinics (15) handling civil law cases surprising?,Why is it described as unusual that just 15 Peruvian legal clinics deal with civil law?,"Only 15 of the clinics indicated that they deal with civil law cases, which is an unusual number given that civil law is the most common area of practice in Peru. By comparison, 24 of the 31 clinics provided family law services and 16 provided criminal law representation.","Socially Responsible Higher Education, p. 223","Surprisingly, only 15 of the clinics indicated that they deal with civil law cases - an unusual number given that civil law is the most common area of practice in Peru. … Fourth, in terms of the areas of the law that clinics work on, most free legal aid clinics (22 universities) accept cases of varying nature. Out of the 31 clinics, 24 free legal aid clinics provided services in family law and 16 provided representation in criminal law cases.",5,True,"Every statement matches the evidence: the 15 civil-law clinics, civil law being the most common practice area in Peru, and the 24 family-law and 16 criminal-law clinics out of 31. The comparison is only a framing device and adds no claim. | The question names its subject (Peruvian free legal aid clinics) and the specific figure, so it makes sense without the source.",,
budd-l-hall-rajesh-2021-socially-responsible:0120:q4,pilot,True,,False,explanation,leadership_strategy,medium,Why has implementation of socially responsible higher education practice differed so drastically across Peruvian law schools?,What accounts for the drastic differences between Peruvian law schools in implementing socially responsible higher education as standard practice?,How come Peruvian law schools have implemented socially responsible higher education so differently?,The process of implementing socially responsible higher education as standard practice has been drastically different across all law schools. This is due to vast differences in institutional commitment and available resources.,"Socially Responsible Higher Education, p. 222","The process of implementing SRHEI as standard practice has been drastically different across all law schools, due to vast differences in institutional commitment and available resources.",4,True,"Both answer claims (drastically different implementation, due to differences in institutional commitment and resources) come straight from the evidence. The only change is expanding the acronym SRHEI to 'socially responsible higher education', which is trivial rewording. | The question names Peruvian law schools and socially responsible higher education practice explicitly. It uses no undefined acronyms and does not refer to unseen context.",,
budd-l-hall-rajesh-2021-socially-responsible:0027:q0,pilot,True,,False,factual,equity_accessibility,easy,"What net enrollment rate among 18-to-24-year-olds does Argentina's university system reach, based on 2019 data?","According to 2019 figures, what share of Argentine young people aged 18 to 24 are enrolled in university?",What is the net enrollment rate for the 18-to-24 age group in Argentina's university system as of the 2019 data?,"Argentina's university system had 2,164,500 registered students, representing a net enrollment rate of 19.7% for young people aged 18 to 24 (DIU, 2019). About 93% of these students are undergraduates and about 80% are in state-run institutions.","Socially Responsible Higher Education, p. 50","Considering the population, the Argentine university system brings together 2,164,500 students, of which 93% are undergraduate students, and about 80% are in state-run institutions (national or provincial). The number of registered students represents a net enrollment rate of 19.7% for the population of young people aged 18 to 24 years old (DIU, 2019).",5,True,"Every statement in the answer is taken directly from the evidence: 2,164,500 students, the 19.7% net enrollment rate for 18–24-year-olds, 93% undergraduates and about 80% in state-run institutions. | The question names Argentina's university system, the age group and the data year, so it is clear without the source.",,
budd-l-hall-rajesh-2021-socially-responsible:0027:q1,pilot,True,,False,definition,equity_accessibility,medium,"What have been the main inclusion policies in Argentina's university system, and what has supplemented them?","Which policies have served as the principal inclusion measures in Argentine higher education, and what additional programmes accompany them?","In Argentina's university system, what do the main inclusion policies consist of, and what complements them?",One of the main inclusion policies in the Argentine university system has been the territorial expansion of offerings and the sustained increase in enrollment. These were accompanied by some scholarship and tutoring programmes for courses.,"Socially Responsible Higher Education, p. 50","One of the main policies of inclusion in the Argentine university system has been the territorial expansion of offerings and the sustained increase in enrollment, along with some scholarship and tutoring programmes for courses.",4,True,"The answer restates the evidence nearly verbatim: territorial expansion of offerings and rising enrollment, along with some scholarship and tutoring programmes. The only change is rephrasing 'along with' as 'accompanied by', which is trivial rewording. | The question names Argentina's university system explicitly and does not depend on any unseen context.",,
budd-l-hall-rajesh-2021-socially-responsible:0027:q2,pilot,True,,False,definition,equity_accessibility,medium,"According to García de Fanelli (2014), why are dropout levels in Argentine higher education high among young people from lower-income sectors?",Why does García de Fanelli (2014) say abandonment of Argentine higher education is high among lower-income young people?,What reason does García de Fanelli (2014) give for high dropout among low-income youth in Argentine higher education?,"García de Fanelli (2014) points out that levels of abandonment are high, particularly for young people from lower-income socioeconomic sectors. Higher education is associated with the cultural capital of the family and with young people's chances of having access to quality high school education.","Socially Responsible Higher Education, p. 50","However, as García de Fanelli (2014, p. 290) points out, levels of abandonment are high, particularly for young people from lower-income socioeconomic sectors, given that ""[higher education] is associated with the cultural capital of the family and with the possibilities of young people having access to quality high school education"".",5,True,"Both statements in the answer restate the evidence directly: high abandonment among lower-income youth, and the link to family cultural capital and access to quality high school education. | The question names the specific author, year and topic, and contains no references to unseen context.",,
budd-l-hall-rajesh-2021-socially-responsible:0027:q3,pilot,True,,False,application,equity_accessibility,hard,A researcher comparing Argentina and Brazil asks how Argentina's undergraduate enrollment grew between 2007 and 2017 and whether that growth has solved dropout among low-income students. What is stated about each?,"For a comparative study, what is known about Argentina's undergraduate enrollment growth from 2007 to 2017 and about dropout among lower-income students?",A scholar examining Argentine higher education wants to know the 2007–2017 undergraduate growth figures and the state of dropout among poorer students. What is stated?,"Argentine undergraduate enrollment rose steadily at an average of 2.8% per year, from 1,569,063 in 2007 to 2,005,152 in 2017. Territorial expansion and enrollment growth have been main inclusion policies. However, levels of abandonment remain high, particularly for young people from lower-income socioeconomic sectors, because higher education is associated with family cultural capital and access to quality high school education.","Socially Responsible Higher Education, p. 50","In the last 10 years, the population of undergraduate students has risen steadily at an average rate of 2.8% per year, from 1,569,063 in 2007 to 2,005,152 in 2017. New registrants increased annually at a rate of 4.2%, from 362,735 in 2007 to 516,305 in 2017, and graduate students at a rate of 4.5%, from 86,528 to 125,328 in the same period. … One of the main policies of inclusion in the Argentine university system has been the territorial expansion of offerings and the sustained increase in enrollment, along with some scholarship and tutoring programmes for courses. … However, as García de Fanelli (2014, p. 290) points out, levels of abandonment are high, particularly for young people from lower-income socioeconomic sectors, given that ""[higher education] is associated with the cultural capital of the family and with the possibilities of young people having access to quality high school education"".",4,True,"The enrollment figures and the dropout explanation match the evidence. There is minor rewording: 'one of the main policies' becomes 'main inclusion policies', and 'are high' becomes 'remain high'. | The question names the country, the period and the topics explicitly, with no reference to unseen context.",,
budd-l-hall-rajesh-2021-socially-responsible:0027:q4,pilot,True,,False,factual,equity_accessibility,easy,"How much did enrollment in graduation courses in Brazil rise between 2008 and 2018, and what share was in private institutions in 2018?","By what percentage did Brazilian graduation-course enrollment grow from 2008 to 2018, and what proportion was enrolled in private institutions in 2018?","What was the 2008–2018 growth in Brazil's graduation course enrollment, and how much of 2018 enrollment was private?","Enrollment in graduation courses in Brazil increased by 44.6% between 2008 and 2018, from 5,843,322 to 8,451,748 students. In 2018, 75% of enrollments were in private institutions.","Socially Responsible Higher Education, p. 51","Between 2008 and 2018, enrolment in graduation courses increased by 44.6%, from 5,843,322 to 8,451,748 students; the percentage of new entrants rose by 47.4%, from 2,336,899 to 3,445,935, and the number og graduate students grew by 45%, from 870,386 to 1,264,288. There is a higher concentration of enrollments in private institutions - in 2018, 75% of the enrollments were in private institutions.",4,True,"The evidence directly gives the 44.6% rise from 5,843,322 to 8,451,748 students and the 75% private share in 2018. The evidence does not explicitly say these figures are for Brazil; the answer adds that from context, which is trivial. | The question names Brazil, the time period and the metrics, and does not refer to any unseen context.",,
budd-l-hall-rajesh-2021-socially-responsible:0118:q0,pilot,True,,True,definition,governance,easy,How does Article 124 of Peru's Law 30220 of 2014 define social responsibility in higher education (SRHEI)?,What definition of social responsibility in higher education is given in Article 124 of Peru's 2014 Law 30220?,"In Peru's Law 30220, how is social responsibility in higher education defined in Article 124?","Article 124 defines social responsibility in higher education as ""the ethical and effective management of the impact generated by the university in society."" This is understood to include managing the impact produced by the relationship between the (the quoted text ends at this point).","Socially Responsible Higher Education, p. 219","Article 124 defines SRHEI as ""the ethical and effective management of the impact generated by the university in society"", which is understood to ""include managing the impact produced by the relationship between the",5,True,"The answer reproduces the quoted definition word for word and explicitly flags where the evidence is truncated. It adds no unsupported claims. | The question names the specific law and article and spells out SRHEI, so a reader needs no other context to understand what is being asked.",,
budd-l-hall-rajesh-2021-socially-responsible:0118:q1,pilot,True,,False,factual,governance,easy,What does Article 130 of Peru's Law 30220 require every university to create?,Which programme must every Peruvian university set up under Article 130 of Law 30220?,"Under Article 130 of Peru's Law 30220, what programme is each university obliged to establish?","Article 130 obliges every university to create a Programa de Servicio Social Universitario (University Social Service Programme). Through it, students apply knowledge in a way that improves the quality of life of people in traditionally marginalised groups.","Socially Responsible Higher Education, p. 220","Article 130 establishes the obligation to implement SRHEI. Per this article, every university should create a Programa de Servicio Social Universitario (University Social Service Programme), through which students apply knowledge in a way that improves the quality of life of people in traditionally marginalised groups.",5,True,"Both statements, the programme name and the students' application of knowledge to improve the quality of life of marginalised groups, are stated directly in the evidence. | The question names the specific law, article and country, so it can be understood without the source.",,
budd-l-hall-rajesh-2021-socially-responsible:0118:q2,pilot,True,,False,definition,leadership_strategy,medium,"Which principles do Articles 5 and 6 of Peru's Law 30220 establish as guiding higher education, and what do they ask of universities?","What guiding principles of higher education are set out in Articles 5 and 6 of Peru's Law 30220, and what should universities do?","According to Articles 5 and 6 of Peru's Law 30220, what are the guiding principles of higher education and what are universities expected to strive for?","Articles 5 and 6 establish pluralism, inclusion, intercultural dialogue and commitment to the country's development as the guiding principles of higher education. Universities should strive to interact with the community and engage in socially relevant teaching and research.","Socially Responsible Higher Education, p. 219","Articles 5 and 6 establish that pluralism, inclusion, intercultural dialogue and commitment to the country's development are the guiding principles of higher education, and universities should strive to interact with the community and engage in socially relevant teaching and research.",5,True,"Every statement in the answer is directly stated in the evidence: the four guiding principles and the expectation that universities interact with the community and engage in socially relevant teaching and research. | The question names a specific law and articles (Peru's Law 30220, Articles 5 and 6). It relies on no unseen context.",,
budd-l-hall-rajesh-2021-socially-responsible:0118:q3,pilot,True,,False,factual,monitoring_improvement,easy,What did a 2017 ENARSU Network study find about how many of 50 surveyed Peruvian universities treated social responsibility as a central pillar?,"In the 2017 ENARSU Network study of 50 Peruvian universities, what share considered social responsibility a central pillar?",What percentage of the 50 Peruvian universities surveyed by the ENARSU Network in 2017 saw social responsibility as a central pillar of the institution?,The 2017 ENARSU Network study found that only 43% of the 50 universities surveyed considered social responsibility in higher education a central pillar of their institution.,"Socially Responsible Higher Education, p. 220","a 2017 study by Peru's ENARSU Network (Network of the National Meeting on Social Responsibility in Higher Education) found that only 43% of the 50 universities surveyed considered SRHEI as a central pillar in their institution (Stojnic Chávez & Jungbluth Melgar, 2017, p. 4). This last report also found that only 36% of universities studied were incorporating SRHEI into curriculums and campus life",5,True,"The answer directly restates the evidence: a 2017 ENARSU Network study found that only 43% of the 50 universities surveyed considered SRHEI a central pillar. Expanding SRHEI as 'social responsibility in higher education' is supported by the network's name. | The question names the study by its network, year and sample (50 Peruvian universities). ENARSU is the network's proper name, not an undefined generic acronym, so the question is understandable without the source.",,
budd-l-hall-rajesh-2021-socially-responsible:0118:q4,pilot,True,,True,application,governance,hard,"A Peruvian university has no staff expertise in social responsibility and is waiting for government guidance before acting on Law 30220. What is known about why implementation of the law's social responsibility obligations has been difficult, and how widespread are the difficulties?",A university in Peru lacks social responsibility expertise and is waiting for state direction on Law 30220. What is known about the reasons implementation has been difficult and how common those difficulties are?,"If a Peruvian university has no social responsibility expertise and awaits government guidance under Law 30220, what explains the difficult implementation of the law's obligations and how far do the difficulties extend?","Implementation of the Act's obligations has been disparate and difficult, which may be due in large part to the lack of further regulations, policies or government sponsored programmes to accompany the Act. A 2018 URSULA study found that all 18 Peruvian universities surveyed had difficulty executing socially responsible initiatives, with results below the regional average. A 2017 ENARSU study found that only 36% of universities studied were incorporating social responsibility into curriculums and campus life.","Socially Responsible Higher Education, p. 220","However, the obligations set out in the Act have had a disparate and difficult implementation. This may be due in large part to the lack of further regulations, policies or government sponsored programmes to accompany the Act. … a 2018 study by Unión de Responsabilidad Social Universitaria Latinoamericana - URSULA (Latin American Social Responsibility in Higher Education Union) found that all 18 Peruvian universities surveyed had difficulty in executing socially responsible initiatives, with results below the regional average (p. 17). … a 2017 study by Peru's ENARSU Network (Network of the National Meeting on Social Responsibility in Higher Education) found that only 43% of the 50 universities surveyed considered SRHEI as a central pillar in their institution (Stojnic Chávez & Jungbluth Melgar, 2017, p. 4). This last report also found that only 36% of universities studied were incorporating SRHEI into curriculums and campus life",4,True,"Every statement in the answer is supported by the evidence, with only light rewording such as ""social responsibility"" for SRHEI. It leaves out the 43% figure, but that omission does not introduce any unsupported claim. | The question names Law 30220 and Peru, so the subject is clear without the source. The scenario framing is self-contained and needs no outside context.",,
towards-ethical:0028:q0,pilot,True,,False,application,teaching_learning,hard,"A university plans to deploy a personalized learning AI system that recommends study paths to individual students. What should the system provide about its recommendations, and what should its decision-making be based on?","A university is rolling out an AI personalized learning tool that suggests study paths for each student. What explanations should it give for its recommendations, and what data should its decisions rest on?","If a university adopts a personalized learning AI that makes recommendations to individual students, what should it explain about those recommendations and what should its decision-making draw upon?","The system should explain how it arrived at recommendations for individual students, including the factors considered and the goals of those recommendations. Its decision-making processes should be transparent and based on all relevant data, including student performance, demographic information and behavioural factors.","Towards Ethical and Socially Responsible Explainable AI, pp. 67-68","Explanations of how the system arrived at recommendations for individual students, including the factors considered and the goals of those recommendations … Decision-making processes should be transparent and based on all relevant data, including student performance, demographic information and behavioural factors",5,True,"Every statement in the answer directly restates the evidence. That covers the explanations of how recommendations were reached, including factors and goals, and the transparent decision-making based on all relevant data such as performance, demographics and behaviour. | The question sets out a concrete scenario, a university deploying a personalized learning AI that recommends study paths. It refers to no unseen source, document or undefined term.",,
towards-ethical:0028:q1,pilot,True,,False,definition,equity_accessibility,medium,"In personalized learning AI systems for education, what does fairness require of the system?",What does fairness demand from an AI-based personalized learning system in education?,"For educational personalized learning AI, what is required for the system to be fair?",Fairness requires the system to consider each student's individual needs and characteristics and to avoid reinforcing educational inequalities.,"Towards Ethical and Socially Responsible Explainable AI, p. 68",Fairness requires the system to consider each student's individual needs and characteristics and avoid reinforcing educational inequalities,5,True,"The answer reproduces the evidence nearly verbatim, adding only a repeated ""to"" before ""avoid"". It introduces no unsupported claims. | The question names its topic (personalized learning AI systems in education) and does not refer to any unseen source or context.",,
towards-ethical:0028:q2,pilot,False,"format(sentences=1,allowed=2-5)",False,explanation,equity_accessibility,medium,Why might biases arise in educational AI systems?,What are the sources from which bias can come in AI systems used in education?,How do biases come to exist in AI systems used for education?,Biases in educational AI systems may arise from historical educational data or from a lack of diversity in the training data.,"Towards Ethical and Socially Responsible Explainable AI, p. 68",Biases may arise from historical educational data or a lack of diversity in training data,5,True,The answer directly restates the evidence: biases may arise from historical educational data or a lack of diversity in training data. | The question is self-contained and clear without the source. It asks about the origins of bias in educational AI systems.,,
towards-ethical:0028:q3,pilot,True,,False,definition,governance,medium,What legal compliance is expected of educational AI systems?,Which regulations and laws must AI systems in education comply with?,What kinds of laws must educational AI systems adhere to?,"Educational AI systems must comply with educational regulations and laws, including student privacy laws and anti-discrimination laws.","Towards Ethical and Socially Responsible Explainable AI, p. 68","Compliance with educational regulations and laws, including student privacy laws and anti-discrimination laws",4,True,The answer restates the evidence nearly verbatim. Framing it as something educational AI systems 'must' do is a slight rewording of what is a listed compliance expectation. | The question is self-contained and refers to no unseen context.,,
towards-ethical:0028:q4,pilot,True,,False,definition,teaching_learning,medium,Why is accuracy important in educational AI systems?,What is the reason accuracy matters for AI systems used in education?,What makes accuracy a key requirement for AI systems used in education?,Accuracy is important to ensure that students receive appropriate and effective instruction.,"Towards Ethical and Socially Responsible Explainable AI, p. 68",Accuracy is important to ensure that students receive appropriate and effective instruction,5,True,"The answer restates the evidence almost verbatim, with no added claims. | The question is self-contained and clearly asks why accuracy matters in AI systems used in education, with no reference to unseen context.",,
towards-ethical:0077:q0,pilot,True,,False,application,governance,hard,"A university deploys an AI admissions-screening tool and wants accountability measures. Which accountability aspects and example practices from a framework on AI transparency and accountability would apply, covering bias, human supervision, and ongoing checks?","Suppose a university introduces an AI tool to screen admissions applicants and wants to put accountability in place. According to a framework on AI transparency and accountability, which accountability aspects and sample practices apply to bias, human supervision, and ongoing checks?","When a university uses an AI admissions-screening tool, which accountability aspects and example practices from an AI transparency and accountability framework should it apply to handle bias, human oversight, and continuing monitoring?","Bias detection and mitigation involves detecting and mitigating biases in algorithms to ensure fairness in decision-making, for example using demographic parity techniques to reduce gender bias in a recruitment AI system. Human oversight means incorporating human supervision and intervention to correct AI outputs, such as human moderators reviewing AI-generated content. Auditing and monitoring means regular audits and monitoring to ensure compliance, performance, and ethical standards, such as periodic third-party audits of financial decision algorithms.","Towards Ethical and Socially Responsible Explainable AI, pp. 151-152","| Bias detection and mitigation    | Detecting and mitigating biases in AI algorithms to ensure fairness in decision-making                             | Using demographic parity techniques to reduce gender bias in a job recruitment AI system               | … | Human oversight                  | Incorporating human oversight and intervention when necessary to supervise and correct AI system outputs             | Having human moderators review and intervene in content generated by AI-driven social media platforms                | … | Auditing and monitoring          | Conducting regular audits and monitoring of AI systems to ensure compliance, performance, and ethical standards      | Periodic third-party audits of AI algorithms used in financial decision-making processes                             |",4,True,"All three aspects, definitions and examples come from the evidence table, with only light condensing (for example, dropping ""when necessary"" and ""social media platforms""). No unsupported claims are added. | The question sets out a concrete scenario and identifies the framework by its content (AI transparency and accountability) rather than pointing to unseen context.",,
towards-ethical:0077:q1,pilot,True,,False,factual,governance,easy,What example is given of an accountability mechanism in the form of an internal body that deals with AI bias?,"In AI accountability, what internal body is given as an example of an accountability mechanism for biases?",Which internal body is cited as an example of an accountability mechanism for addressing bias in AI?,The example given is implementing an internal review board to assess and rectify AI system biases. Accountability mechanisms involve establishing processes and mechanisms to track and address AI-related issues and decisions.,"Towards Ethical and Socially Responsible Explainable AI, p. 151",| Accountability mechanisms        | Establishing processes and mechanisms to track and address AI-related issues and decisions                         | Implementing an internal review board to assess and rectify AI system biases                           |,5,True,"Both statements in the answer, the internal review board example and the description of accountability mechanisms, are taken directly from the evidence row. | The question is understandable without the source: it asks for an example of an internal body that serves as an accountability mechanism for AI bias. It uses no unexplained references or acronyms.",,
towards-ethical:0077:q2,pilot,True,,False,factual,governance,easy,What example is given for the liability aspect of AI accountability?,Which example illustrates liability in AI accountability?,What practice is cited as an example of addressing liability for harm caused by AI systems?,"The example is clarifying liability terms in contracts for AI system deployment in autonomous vehicles. Liability means determining legal responsibility for damages or harm caused by AI systems, including organizations and individuals.","Towards Ethical and Socially Responsible Explainable AI, p. 151","| Liability                        | Determining legal responsibility for damages or harm caused by AI systems, including organizations and individuals | Clarifying liability terms in contracts for AI system deployment in autonomous vehicles                |",5,True,"The answer gives both the definition and the example of liability exactly as they appear in the table row. It adds nothing beyond that row. | The question asks for an example of liability within AI accountability without pointing to unseen context. One could argue ""is given"" implies a particular source, but the topic itself is self-contained.",,
towards-ethical:0077:q3,pilot,True,,False,definition,general,easy,"In AI transparency, what is transparency described as and what does it let AI systems communicate?","How is transparency in AI characterized, and what does it enable AI systems to communicate?","Within AI transparency, how is transparency characterized, and what does it enable AI systems to convey?","Transparency in AI serves as the bridge between human users and machine intelligence. It is the mechanism through which AI systems communicate their decision-making processes, data sources, and the rationale behind their recommendations.","Towards Ethical and Socially Responsible Explainable AI, p. 150","Transparency in AI serves as the bridge between human users and machine intelligence. It is the mechanism through which AI systems communicate their decisionmaking processes, data sources, and the rationale behind their recommendations.",5,True,"The answer reproduces the evidence nearly verbatim, with only a hyphenation difference. | The question asks about the general concept of transparency in AI and does not refer to any unseen source or context.",,
towards-ethical:0077:q4,pilot,True,,False,factual,privacy_security,easy,What example is given of user consent and control as an AI accountability aspect?,Which example illustrates user consent and control in AI accountability?,What practice is cited to show users having informed consent and control over their data in AI systems?,The example is allowing users to customize privacy settings and opt in or out of data collection by an AI-driven personal assistant. The aspect ensures users have informed consent and control over how their data is used and interacted with by AI systems.,"Towards Ethical and Socially Responsible Explainable AI, p. 152",| User consent and control         | Ensuring that users have informed consent and control over how their data is used and interacted with by AI systems  | Allowing users to customize privacy settings and opt in or out of data collection by an AI-driven personal assistant |,5,True,"Both the example and the description of the aspect are directly stated in the evidence table row. | The question names the specific accountability aspect, user consent and control, and makes no reference to unseen context. A reader can understand it without the source.",,
towards-ethical:0051:q0,pilot,True,,True,factual,privacy_security,easy,Which technique conceals confidential information in a way that does not affect the overall outcome of an AI system's decision-making process?,What technique hides confidential data in an AI system without changing the outcome of its decision-making?,Which approach lets AI systems conceal confidential information while leaving the overall decision outcome unaffected?,Data masking is the technique. It is described as concealing confidential information in a way that does not affect the overall outcome of the decision-making process.,"Towards Ethical and Socially Responsible Explainable AI, p. 103","This can be achieved through techniques such as data masking, where confidential information is concealed in a way that does not affect the overall outcome of the decisionmaking process.",5,True,"The answer directly restates the evidence: data masking conceals confidential information without affecting the overall outcome of the decision-making process. | The question is self-contained. It does not refer to unseen context, so a reader can understand it without the source.",,
towards-ethical:0051:q1,pilot,True,,False,explanation,privacy_security,medium,Why must developers of ethical and socially responsible explainable AI balance transparency against confidentiality?,"What makes it necessary to weigh transparency against confidentiality when building ethical, socially responsible explainable AI?",Why do transparency and confidentiality need to be balanced in explainable AI that is ethical and socially responsible?,"AI systems often involve sensitive or confidential data, such as personal or financial information, which must be protected from unauthorized access. Transparency is also essential because it builds trust and helps ensure that the decisions AI systems make are fair and unbiased.","Towards Ethical and Socially Responsible Explainable AI, p. 103","AI systems often involve sensitive or confidential data, such as personal or financial information, and these data must be protected from unauthorized access. However, transparency is also essential in building trust and ensuring that the decisions made by AI systems are fair and unbiased.",5,True,"The answer only restates the evidence. It mentions sensitive data that must be protected, and it says transparency is essential for trust and for fair, unbiased decisions. | The question names its topic directly, explainable AI and the trade-off between transparency and confidentiality, and does not refer to any unseen context.",,
towards-ethical:0051:q2,pilot,True,,False,application,privacy_security,hard,A university is deploying an AI system that handles student financial records and wants to be transparent about its decisions. What approaches can reconcile transparency with protecting confidential data?,A higher-education institution uses an AI system on students' financial records and wants decisions to be transparent. Which approaches reconcile transparency with confidentiality?,How can a university keep an AI system that processes student financial data transparent while still protecting the confidential information?,"One approach is data masking, where confidential information is concealed in a way that does not affect the overall outcome of the decision-making process. Another is to use explainable AI models that explain the system's decisions without revealing confidential data. Both are described as ways to keep systems transparent while protecting sensitive data.","Towards Ethical and Socially Responsible Explainable AI, p. 103","AI systems often involve sensitive or confidential data, such as personal or financial information, and these data must be protected from unauthorized access. However, transparency is also essential in building trust and ensuring that the decisions made by AI systems are fair and unbiased. … This can be achieved through techniques such as data masking, where confidential information is concealed in a way that does not affect the overall outcome of the decisionmaking process. … Another approach is to use explainable AI models that provide an explanation for the decisions made by the system without revealing confidential data [94, 95].",4,True,"The two approaches, data masking and explainable AI models, are stated directly in the evidence. The closing sentence about keeping systems transparent while protecting sensitive data is a fair rewording of the passage's framing. | The question sets out a concrete scenario and does not rely on any unseen context.",,
towards-ethical:0051:q3,pilot,True,,False,explanation,governance,medium,Why should clear guidelines and standards for confidentiality and transparency be established in AI development and deployment?,What reason is given for establishing clear confidentiality and transparency standards for AI systems?,Why is it essential to set clear standards for confidentiality and transparency when developing and deploying AI?,"The definition of confidential information may vary depending on the stakeholders involved. What a company considers confidential may differ from what a regulatory body or the public considers confidential. Therefore, it is essential to establish clear guidelines and standards for confidentiality and transparency.","Towards Ethical and Socially Responsible Explainable AI, p. 104","Another challenge is that the definition of what constitutes confidential information may vary depending on the stakeholders involved [96]. For example, what is considered confidential information by a company may be different from what is considered confidential information by a regulatory body or the public. Therefore, it is essential to establish clear guidelines and standards for confidentiality and transparency in the development and deployment of AI systems [97, 98].",5,True,"Every statement in the answer is directly stated in the evidence: confidentiality definitions vary by stakeholder, the company-versus-regulator-or-public example, and the conclusion calling for clear guidelines. | The question is self-contained, clearly asks for the rationale, and does not refer to any unseen context.",,
towards-ethical:0051:q4,pilot,True,,True,application,governance,hard,"A university committee must decide how transparent to make an AI system used for a high-stakes decision such as a medical or financial one, and what must be possible for relevant parties to do with its decision-making processes. What applies to the level of transparency and to auditability?","An institution's committee is setting the level of transparency for an AI system used in a high-stakes medical or financial decision, and wants to know what relevant parties must be able to do with its decision-making processes. What applies?","For a university AI system making a high-stakes decision like a medical or financial one, how much transparency is needed, and what must relevant parties be able to do with its decision-making processes?","The level of transparency needed depends on context. In cases such as medical diagnosis or financial decision-making, a high level of transparency may be necessary to build trust and ensure accountability, whereas in cases such as national security or defense, confidentiality may be paramount and transparency may need to be limited. Transparency requires clear and understandable explanations of the decision-making processes, the data used, and the outcomes produced by the system. It also requires that the system be auditable, meaning that the decision-making processes can be traced and verified by relevant parties.","Towards Ethical and Socially Responsible Explainable AI, p. 104","In some cases, such as medical diagnosis or financial decision-making, a high level of transparency may be necessary to build trust and ensure accountability. In other cases, such as national security or defense, confidentiality may be paramount, and transparency may need to be limited to protect sensitive information [1, 9, 12]. … This requires clear and understandable explanations of the decision-making processes, the data used, and the outcomes produced by the system. It also requires ensuring that the system is auditable, meaning that the decision-making processes can be traced and verified by relevant parties [9].",4,True,All substantive claims match the evidence. The opening line 'depends on context' is a light synthesis of the contrasting cases. Attributing 'This requires' to transparency is a reasonable reading of an elided antecedent. | The question sets up a concrete scenario and asks about transparency level and auditability without referring to unseen context or undefined terms.,,
towards-ethical:0090:q0,pilot,True,,False,explanation,governance,medium,"Why is it essential for AI systems to adhere to applicable laws and regulations, and what does accountability in AI encompass in relation to this?","What makes adherence to applicable laws and regulations essential for AI systems, and which elements does AI accountability cover?","Why must AI systems comply with relevant laws and regulations, and what is included in the principle of accountability in AI?","Ensuring AI systems adhere to applicable laws and regulations is essential for protecting user rights, ensuring fairness, and preventing unintended consequences. Accountability is a fundamental principle in developing and deploying AI systems, and it encompasses legal and regulatory compliance, ethical considerations, and defining liability and responsibility.","Towards Ethical and Socially Responsible Explainable AI, p. 171","Accountability is a fundamental principle in the development and deployment of AI systems. It encompasses legal and regulatory compliance, ethical considerations, and defining liability and responsibility [4, 9, 12, 14, 27]. … Ensuring that AI systems adhere to applicable laws and regulations is essential for protecting user rights, ensuring fairness, and preventing unintended consequences [28].",5,True,"Every statement in the answer is directly stated in the evidence: the reasons legal adherence is essential and the three components of accountability. | The question is self-contained, with no references to unseen sources or undefined terms.",,
towards-ethical:0090:q1,pilot,True,,False,definition,privacy_security,medium,"In best practices for accountability in AI, what does data privacy compliance involve?",What does the data privacy compliance practice for accountable AI require of developers and organizations?,How is data privacy compliance described as a best practice for AI accountability?,"Data privacy compliance means adhering to data privacy laws such as the GDPR in the European Union or the CCPA in the United States. It involves implementing robust data protection measures, obtaining necessary consents, and enabling users to exercise their privacy rights.","Towards Ethical and Socially Responsible Explainable AI, p. 171","Data Privacy Compliance: Adhere to data privacy laws such as the General Data Protection Regulation (GDPR) in the European Union or the California Consumer Privacy Act (CCPA) in the United States [31]. Implement robust data protection measures, obtain necessary consents, and enable users to exercise their privacy rights.",5,True,"Every statement in the answer is directly restated from the evidence. This covers adherence to GDPR and CCPA, robust data protection measures, obtaining consents, and enabling users to exercise their privacy rights. | The question names a clear topic, data privacy compliance among best practices for AI accountability, and does not rely on unseen context.",,
towards-ethical:0090:q2,pilot,True,,False,application,equity_accessibility,hard,"A university is building an AI system that influences decisions affecting individuals' lives, such as admissions, and wants to follow accountability best practices on bias and societal impact. What should it do?","What accountability practices on algorithmic bias and societal impact apply to a university developing an AI system that affects individuals' lives, such as for admissions decisions?","If a university deploys an AI system that affects people's lives, for example in admissions, which best practices concerning bias and effects on societal groups should it follow?","The university should implement measures to identify and mitigate algorithmic bias, particularly in applications that impact individuals' lives such as hiring or lending decisions, and regularly audit algorithms for fairness. It should also conduct ethical impact assessments to evaluate how the AI system may affect different societal groups, assess potential risks and benefits, and take steps to minimize harm.","Towards Ethical and Socially Responsible Explainable AI, p. 172","Algorithmic Bias Mitigation: Implement measures to identify and mitigate algorithmic bias, particularly in applications that impact individuals' lives, such as hiring or lending decisions. Regularly audit algorithms for fairness. … Ethical Impact Assessment: Conduct ethical impact assessments to evaluate how AI systems may affect different societal groups. Assess potential risks and benefits and take steps to minimize harm.",4,True,"The answer restates the evidence's bias-mitigation, auditing and ethical-impact-assessment measures almost verbatim. Its only addition is framing these generic recommendations as what 'the university' should do, which the question supplies rather than the evidence. | The question describes a concrete scenario (a university AI system affecting admissions) and asks for best practices without referring to any unseen source or context.",,
towards-ethical:0090:q3,pilot,True,,False,definition,governance,medium,"In best practices for accountability in AI, what do stakeholder engagement and AI ethics training each involve?",How are stakeholder engagement and AI ethics training each described as accountability practices for AI?,What do the accountability best practices of stakeholder engagement and AI ethics training consist of?,"Stakeholder engagement means engaging with diverse stakeholders, including users, affected communities, and experts in relevant fields, to gather input and ensure AI systems consider a broad range of perspectives. AI ethics training means providing training to developers, data scientists, and decision-makers involved in AI projects, fostering a culture of ethical awareness and responsibility within the organization.","Towards Ethical and Socially Responsible Explainable AI, p. 172","Stakeholder Engagement: Engage with diverse stakeholders, including users, affected communities, and experts in relevant fields, to gather input and ensure AI systems consider a broad range of perspectives. … AI Ethics Training: Provide AI ethics training to developers, data scientists, and decision-makers involved in AI projects. Foster a culture of ethical awareness and responsibility within the organization.",4,True,"Both definitions closely restate the evidence. The only liberty is presenting 'fostering a culture' as part of the training's purpose, which is trivial rewording. | The question names the topic (accountability best practices in AI) and both practices explicitly, with no references to unseen context.",,
towards-ethical:0090:q4,pilot,True,,False,application,privacy_security,hard,A university plans to deploy an AI system in its student health services that handles patient information. Which accountability practices on regulation should it follow?,What regulatory accountability practices apply when a university deploys an AI system in student health services that handles patient information?,A university's student health service is adopting an AI system using patient information; which best practices on laws and regulations should it observe?,"The university should be aware of sector-specific regulations that may apply to AI applications; for instance, healthcare AI systems should comply with HIPAA regulations. It should also adhere to data privacy laws such as the GDPR or the CCPA, implementing robust data protection measures, obtaining necessary consents, and enabling users to exercise their privacy rights.","Towards Ethical and Socially Responsible Explainable AI, pp. 171-172","Sector-Specific Regulations: Be aware of sector-specific regulations that may apply to AI applications. For instance, healthcare AI systems should comply with Health Insurance Portability and Accountability Act (HIPAA) regulations. … Data Privacy Compliance: Adhere to data privacy laws such as the General Data Protection Regulation (GDPR) in the European Union or the California Consumer Privacy Act (CCPA) in the United States [31]. Implement robust data protection measures, obtain necessary consents, and enable users to exercise their privacy rights.",4,True,"The answer restates the evidence nearly verbatim. Applying the general best practices to a university student health service is a trivial contextual framing. Acronyms are left unexpanded, but they were expanded in the evidence. | The question describes a concrete scenario and does not refer to unseen context. The phrase 'accountability practices on regulation' is somewhat vague but still understandable.",,
patterns-advances-and-gaps-in-using-chatgpt-and:0013:q0,pilot,True,,False,application,teaching_learning,hard,"A nursing school is planning to adopt generative AI. It wants to run short-term training for faculty and students, make sure the content supports responsible use, and bring AI into the curriculum without discarding existing teaching. What do scoping-review recommendations say it should do?","A nursing school intends to adopt generative AI and wants short-term training for faculty and students, content that supports responsible use, and curriculum integration that keeps existing teaching in place. What do scoping-review recommendations say it should do?","When a nursing school plans to bring in generative AI by offering short-term faculty and student training, ensuring the content promotes responsible use, and integrating AI into the curriculum without abandoning current teaching, what do scoping-review recommendations advise?","Short-term training should build AI literacy and digital proficiency among faculty and students, with prompt engineering as an essential curriculum component. Content should develop critical thinking abilities alongside ethical guidelines to ensure responsible AI use. Studies recommend systematically integrating AI into nursing education while preserving traditional teaching methods, and note that such integration can strengthen student writing skills.","Patterns, advances, and gaps in using ChatGPT and similar technologies in nursing education: A PAGER scoping review, p. 7","Short-term training initiatives should focus on developing AI literacy and digital proficiency among faculty and students, incorporating prompt engineering as an essential curriculum component (O'Connor et al., 2024). … authors emphasise the need for content that develops critical thinking abilities alongside the establishment of ethical guidelines to ensure responsible AI use … studies recommend systematically integrating AI into nursing education while preserving traditional teaching methods, noting that such integration can strengthen student writing skills (Parker et al., 2023)",5,True,"Every statement in the answer (AI literacy, digital proficiency, prompt engineering, critical thinking, ethical guidelines, integration preserving traditional methods, stronger writing skills) is stated directly in the evidence. | The question describes the scenario fully and refers generically to scoping-review recommendations, without relying on 'the text' or other unseen context.",,
patterns-advances-and-gaps-in-using-chatgpt-and:0013:q1,pilot,True,,False,factual,student_ai_literacy,easy,Which skill does a PAGER scoping review of GenAI in nursing education recommend as an essential curriculum component in short-term training initiatives?,What essential curriculum component do short-term nursing AI training initiatives recommended in a PAGER scoping review incorporate?,"According to a PAGER scoping review on generative AI in nursing education, what skill should be included as an essential curriculum component of short-term training initiatives?","Prompt engineering. Short-term training initiatives should focus on developing AI literacy and digital proficiency among faculty and students, incorporating prompt engineering as an essential curriculum component.","Patterns, advances, and gaps in using ChatGPT and similar technologies in nursing education: A PAGER scoping review, p. 7","Short-term training initiatives should focus on developing AI literacy and digital proficiency among faculty and students, incorporating prompt engineering as an essential curriculum component (O'Connor et al., 2024).",5,True,The answer restates the evidence almost verbatim. Prompt engineering is named directly as the essential curriculum component. | The question identifies the source by its content: a PAGER scoping review of GenAI in nursing education. It does not rely on unseen context.,,
patterns-advances-and-gaps-in-using-chatgpt-and:0013:q2,pilot,True,,False,factual,procurement_technology,easy,What do technical recommendations for GenAI in nursing education focus on improving?,Which aspects of GenAI do technical recommendations for nursing education aim to improve?,What are technical recommendations for GenAI in nursing education centered on?,Technical recommendations focus on improving GenAI's accuracy and reducing bias. They suggest refining models to better reflect nursing standards and classification systems.,"Patterns, advances, and gaps in using ChatGPT and similar technologies in nursing education: A PAGER scoping review, p. 7","Technical recommendations focus on improving GenAI's accuracy and reducing bias by refining models to reflect nursing standards and classification systems better (Gosak et al., 2024; Ye, 2024).",5,True,"The answer only lightly rewords the evidence: improving accuracy, reducing bias, and refining models to better reflect nursing standards and classification systems. Every statement is directly supported. | The question names its topic, GenAI in nursing education. It refers to no unseen context and uses no undefined acronyms, since GenAI is widely understood.",,
patterns-advances-and-gaps-in-using-chatgpt-and:0013:q3,pilot,True,,True,factual,monitoring_improvement,easy,What do research recommendations on GenAI in nursing education say is needed to determine the enduring effects of its integration?,Which kinds of studies do research recommendations call for to establish the lasting effects of GenAI integration in nursing education?,"To learn the enduring effects of integrating GenAI into nursing education, what research is recommended?",Research recommendations emphasise the need for longitudinal and outcome evaluation studies to determine the enduring effects of GenAI integration.,"Patterns, advances, and gaps in using ChatGPT and similar technologies in nursing education: A PAGER scoping review, p. 7",research recommendations emphasise the need for longitudinal and outcome evaluation studies to determine the enduring effects of GenAI integration,5,True,The answer restates the evidence almost verbatim: longitudinal and outcome evaluation studies are needed to determine the enduring effects of GenAI integration. It adds no unsupported claims. | The question identifies its subject by content (research recommendations on GenAI in nursing education) and does not point to an unseen text. GenAI is a widely recognised abbreviation.,,
patterns-advances-and-gaps-in-using-chatgpt-and:0013:q4,pilot,True,,False,definition,equity_accessibility,medium,What do institutional recommendations for GenAI in nursing education consist of with regard to equity and access?,What institutional actions on equity and access are recommended for GenAI in nursing education?,"With respect to equity and access, what elements make up the institutional recommendations for using GenAI in nursing education?","Institutional recommendations include developing policies and inclusive tools to ensure equity, access, and support for diverse user needs. This is meant to reduce language barriers and improve geographic access to resources.","Patterns, advances, and gaps in using ChatGPT and similar technologies in nursing education: A PAGER scoping review, p. 7","institutional recommendations include developing policies and inclusive tools to ensure equity, access, and support for diverse user needs (Abujaber et al., 2023), thereby reducing language barriers and improving geographic access to resources",5,True,"The answer directly restates the evidence: policies and inclusive tools for equity, access and support for diverse user needs, which reduce language barriers and improve geographic access. | The question names its topic, GenAI in nursing education, and its focus, equity and access. It uses no references to unseen context, and GenAI is a widely understood term.",,
patterns-advances-and-gaps-in-using-chatgpt-and:0016:q0,pilot,True,,False,explanation,faculty_readiness,medium,Why does a 2025 PAGER scoping review of ChatGPT and similar technologies in nursing education say that developing technical and ethical competencies is crucial?,"According to a PAGER scoping review on GenAI in nursing education, what makes technical and ethical competency development crucial?","According to a 2025 PAGER scoping review of ChatGPT and comparable technologies in nursing education, what makes it crucial to develop technical and ethical competencies?","The review states that developing technical and ethical competencies is crucial, especially for upholding academic integrity and ensuring equitable student access. It also says systematic documentation and evaluation of implementation experiences will contribute to developing best practices.","Patterns, advances, and gaps in using ChatGPT and similar technologies in nursing education: A PAGER scoping review, p. 8","Systematic documentation and evaluation of implementation experiences will contribute to developing best practices. Developing technical and ethical competencies is crucial, especially for upholding academic integrity and ensuring equitable student access. Cross-institutional collaboration should be encouraged to share implementation strategies and lessons learned.",5,True,Both sentences in the answer are taken almost verbatim from the evidence. The answer adds no inference or causal connection beyond what the evidence states. | The question identifies the source by its content: a 2025 PAGER scoping review of ChatGPT and similar technologies in nursing education. It asks a clear question without relying on unseen context.,,
patterns-advances-and-gaps-in-using-chatgpt-and:0016:q1,pilot,True,,False,application,teaching_learning,hard,A nursing school wants to adopt GenAI for assessment generation and clinical simulation. What does a PAGER scoping review of ChatGPT in nursing education recommend about how to implement it?,"If a nursing program plans to use GenAI to create assessments and clinical simulations, what implementation approach does a scoping review of ChatGPT in nursing education recommend?",A nursing school is considering GenAI for generating assessments and running clinical simulations. What implementation guidance does a PAGER scoping review of ChatGPT in nursing education give?,Implementation should follow evidence-based approaches in assessment generation and clinical simulation development. It should align with established pedagogical frameworks so that it enhances rather than replaces effective teaching practices. The review also calls for a comprehensive system balancing innovation with academic integrity in nursing assessment and clinical training.,"Patterns, advances, and gaps in using ChatGPT and similar technologies in nursing education: A PAGER scoping review, p. 8","Implementation should follow evidence-based approaches in assessment generation and clinical simulation development, aligning with established pedagogical frameworks to enhance rather than replace effective teaching practices. … The findings indicate the necessity of establishing a comprehensive system that balances innovation with academic integrity in nursing assessment and clinical training. These frameworks should establish clear data privacy and security standards guidelines and ensure compliance with educational regulations (Foronda and Porter, 2024).",4,True,"Every claim restates the evidence: evidence-based approaches, alignment with pedagogical frameworks, enhancing rather than replacing teaching, and a comprehensive system balancing innovation with academic integrity. The only change is light rewording, such as 'calls for' in place of 'findings indicate the necessity'. | The question identifies the source by its content (a PAGER scoping review of ChatGPT in nursing education) and gives a clear scenario. PAGER is a named review framework, and GenAI is a widely understood term.",,
patterns-advances-and-gaps-in-using-chatgpt-and:0016:q2,pilot,True,,False,application,equity_accessibility,hard,A university with students in low-resource settings wants to roll out GenAI in its nursing program. What does a PAGER scoping review of ChatGPT in nursing education recommend to address disparities in access?,"For a nursing school whose students have limited resources, what does a PAGER scoping review recommend to address access disparities with GenAI?",A university plans to introduce GenAI into a nursing program where students have limited resources. Which measures does a PAGER scoping review of ChatGPT in nursing education recommend for tackling unequal access?,"Incentive structures should promote equitable access to GenAI technologies across diverse settings, with particular attention to underserved populations and low-resource settings. Targeted strategies are needed for bridging digital divides and maximising global applicability.","Patterns, advances, and gaps in using ChatGPT and similar technologies in nursing education: A PAGER scoping review, p. 8","To address identified disparities, incentive structures should promote equitable access to GenAI technologies across diverse settings, with particular attention to underserved populations and low-resource settings. Targeted strategies are needed for bridging digital divides and maximising global applicability.",5,True,"The answer restates the evidence almost word for word, and adds no unsupported claims. | The question names the specific source by its content (a PAGER scoping review of ChatGPT in nursing education) and states its own scenario. It does not rely on unseen context such as 'the text' or 'the authors'.",,
patterns-advances-and-gaps-in-using-chatgpt-and:0016:q3,pilot,True,,False,factual,monitoring_improvement,easy,What type of research comparison does a PAGER scoping review of GenAI in nursing education say should be given priority?,"In a PAGER scoping review on GenAI in nursing education, what comparison should research prioritise?","In a PAGER scoping review of generative AI in nursing education, which kind of comparative research is identified as a priority?",Comparative effectiveness research between AI-enhanced and conventional teaching methods should be given priority. The review also says longitudinal studies are needed to evaluate GenAI's impact on student outcomes and ethical decision-making.,"Patterns, advances, and gaps in using ChatGPT and similar technologies in nursing education: A PAGER scoping review, p. 8",Longitudinal studies are needed to evaluate the impact of GenAI use on student outcomes and ethical decision-making. Comparative effectiveness research between AI-enhanced and conventional teaching methods should be given priority.,5,True,"Both sentences of the answer directly restate the evidence: the priority on comparative effectiveness research between AI-enhanced and conventional teaching, and the need for longitudinal studies. | The question identifies the source by its content (a PAGER scoping review of GenAI in nursing education) and asks a clear question. PAGER is a named review framework, and GenAI is a widely understood term.",,
patterns-advances-and-gaps-in-using-chatgpt-and:0016:q4,pilot,True,,True,application,teaching_learning,hard,"A nursing education researcher is planning studies on generative AI (GenAI) use in nursing programs. Based on a scoping review of ChatGPT in nursing education, which outcomes and issues should the research examine?","What topics should a researcher studying generative AI (GenAI) in nursing education focus on, based on a scoping review of ChatGPT in nursing education?","If a nursing faculty member designs research on generative AI (GenAI) in nursing programs, what outcomes and issues does a scoping review of ChatGPT in nursing education say should be investigated?","Research should focus on how GenAI influences clinical reasoning, professional judgment, and academic integrity over time. It should critically examine GenAI's alignment with pedagogical frameworks, particularly impacts on critical thinking and reflective learning. Longitudinal studies are also needed to evaluate the impact of GenAI use on student outcomes and ethical decision-making.","Patterns, advances, and gaps in using ChatGPT and similar technologies in nursing education: A PAGER scoping review, p. 8","Longitudinal studies are needed to evaluate the impact of GenAI use on student outcomes and ethical decision-making. Comparative effectiveness research between AI-enhanced and conventional teaching methods should be given priority. … Research should focus on how GenAI influence clinical reasoning, professional judgment, and academic integrity over time. Critical examination is required to ensure GenAI alignment with pedagogical frameworks, particularly investigating impacts on critical thinking and reflective learning.",5,True,"Every statement in the answer restates the evidence nearly verbatim: clinical reasoning, judgment and integrity; pedagogical alignment; and longitudinal studies. It omits comparative effectiveness research but adds nothing unsupported. | The question identifies its source by content (a scoping review of ChatGPT in nursing education) and defines GenAI, so it is understandable without seeing the source.",,
toward-understanding-the-role-of-generative-ai:0000:q0,pilot,True,,False,definition,general,medium,"In a systematic review of generative AI in entrepreneurship education, what conceptual framework is proposed, and which levels and theories does it combine?","Which levels does the conceptual framework from a systematic review of generative AI in entrepreneurship education integrate, and what theories ground it?","A systematic review of generative AI in entrepreneurship education puts forward which conceptual framework, and what levels and theories are integrated within it?","The review proposes a conceptual framework that integrates micro-level instructional applications with meso-level competency development and macro-level ecosystem readiness. It is grounded in educational theories including constructivism, experiential learning, and social cognitive theory.","Toward understanding the role of generative AI in entrepreneurship education: A systematic review, p. 1","this study proposes a set of research propositions and a conceptual framework that integrates micro-level instructional applications with meso-level competency development and macro-level ecosystem readiness. These are grounded in educational theories, including constructivism, experiential learning, and social cognitive theory.",5,True,Every statement in the answer is directly stated in the evidence: the three-level integration and the three grounding theories. | The question identifies the study by its content (a systematic review of generative AI in entrepreneurship education) and uses no undefined references or acronyms.,,
toward-understanding-the-role-of-generative-ai:0000:q1,pilot,True,,False,explanation,monitoring_improvement,medium,"Why is the long-term impact of generative AI on entrepreneurial competence, mindset, and outcomes described as uncertain in a systematic review of entrepreneurship education?","According to a systematic review of generative AI in entrepreneurship education, why does the long-term effect on entrepreneurial competence, mindset, and outcomes remain unclear?","In a systematic review of entrepreneurship education, what explains why the lasting effects of generative AI on entrepreneurial competence, mindset, and outcomes remain unclear?","Although promising use cases are identified, most studies are either conceptual or limited to small-scale exploratory evidence. As a result, the long-term impact of generative AI on entrepreneurial competence, mindset, and outcomes remains uncertain and calls for empirical caution.","Toward understanding the role of generative AI in entrepreneurship education: A systematic review, p. 1","Although promising use cases are identified, most studies are either conceptual or limited to small-scale exploratory evidence. As such, the longterm impact of GAI on entrepreneurial competence, mindset, and outcomes remains uncertain and calls for empirical caution.",5,True,"The answer restates the evidence almost verbatim; it only expands 'GAI' to 'generative AI' and changes 'As such' to 'As a result'. | The question identifies the source by its content (a systematic review of entrepreneurship education) and spells out every term, so it is clear without the source.",,
toward-understanding-the-role-of-generative-ai:0000:q2,pilot,True,,False,factual,teaching_learning,easy,What four major domains of generative AI-enabled entrepreneurship education did a systematic review identify?,Which four domains did a systematic review find in generative AI-enabled entrepreneurship education?,A systematic review of generative AI in entrepreneurship education grouped the findings into which four major domains?,"The four major domains are personalized and adaptive instruction, simulation-based entrepreneurial training, ethical and psychological concerns, and ecosystem integration through intelligent systems.","Toward understanding the role of generative AI in entrepreneurship education: A systematic review, p. 1","The findings reveal four major domains in GAIenabled EE: personalized and adaptive instruction, simulation-based entrepreneurial training, ethical and psychological concerns, and ecosystem integration through intelligent systems.",5,True,"The answer lists exactly the four domains that the evidence states, with no additions or changes. | The question identifies the topic, a systematic review of generative AI-enabled entrepreneurship education, by its content. It contains no undefined references or acronyms.",,
toward-understanding-the-role-of-generative-ai:0000:q3,pilot,True,,False,application,teaching_learning,hard,"A university is designing an entrepreneurship curriculum that integrates generative AI, and its leaders want guidance from a systematic review on both the learning outcomes to target and the priorities to emphasize. What should they focus on?","What should a university emphasize, in terms of curriculum outcomes and broader priorities, when integrating generative AI into an entrepreneurship curriculum, based on a systematic review?","A university plans a generative AI-integrated entrepreneurship curriculum. According to a systematic review, which outcomes should the curriculum build and which priorities should educators and policymakers stress?","The review advocates designing generative AI-integrated curricula that foster not only technical proficiency but also critical thinking, creativity, and ethical reasoning. It also emphasizes the importance of ethical guidance, digital equity, and cross-contextual adaptability for educators, policymakers, and researchers.","Toward understanding the role of generative AI in entrepreneurship education: A systematic review, p. 1","It advocates for designing GAI-integrated curricula that foster not only technical proficiency but also critical thinking, creativity, and ethical reasoning. … the study discusses actionable implications for educators, policymakers, and researchers, emphasizing the importance of ethical guidance, digital equity, and cross-contextual adaptability.",5,True,"The answer restates the evidence directly, covering both the curriculum outcomes and the emphasized priorities, with no added claims. | The question describes the scenario and refers to 'a systematic review' generically. It does not rely on unseen context, so it is understandable without the source.",,
toward-understanding-the-role-of-generative-ai:0000:q4,pilot,True,,False,definition,monitoring_improvement,medium,Which methodological strategies does a systematic review of generative AI in entrepreneurship education suggest for testing its influence across cultural and institutional contexts?,What research methods does a systematic review of generative AI-enabled entrepreneurship education recommend to rigorously test its influence across cultural and institutional contexts?,,"The review suggests structural equation modeling (SEM), hierarchical linear modeling (HLM), and longitudinal mixed-methods designs to rigorously test generative AI's influence across cultural and institutional contexts.","Toward understanding the role of generative AI in entrepreneurship education: A systematic review, p. 1","the review suggests methodological strategies, such as structural equation modeling (SEM), hierarchical linear modeling (HLM), and longitudinal mixed-methods designs, to test GAI's influence across cultural and institutional contexts rigorously.",5,True,"The answer restates the three methods (SEM, HLM, longitudinal mixed-methods designs) and their purpose exactly as given in the evidence. | The question identifies the source by its content, a systematic review of generative AI in entrepreneurship education, and contains no unseen references or undefined acronyms.",,
toward-understanding-the-role-of-generative-ai:0005:q0,pilot,True,,False,definition,general,easy,"In a systematic review of generative AI in entrepreneurship education, which technical characteristics qualified a study as aligned with generative AI?",What technical features did a study need to show to be counted as generative AI in a systematic review on entrepreneurship education?,Which technical features did a systematic review of generative AI in entrepreneurship education require for a study to be considered aligned with generative AI?,"Studies were retained only if they showed clear conceptual or technical alignment with generative AI, meaning the use of generative adversarial networks (GANs), LLMs, transformer-based architectures, or neural networks specifically designed for content generation.","Toward understanding the role of generative AI in entrepreneurship education: A systematic review, p. 3","Specifically, studies were retained only if they demonstrated a clear conceptual or technical alignment with the core characteristics of GAI including the use of generative adversarial networks (GANs), LLMs, transformer-based architectures, or neural networks specifically designed for content generation. In contrast, studies that referred to ""Artificial Intelligence"" in a broad or generic sense without involving generative functionalities were excluded.",4,True,"The answer closely restates the evidence. It only rewords 'including' as 'meaning', which slightly narrows the list from examples to a definition. | The question names the systematic review by its topic and asks a clear question, with no references to unseen context.",,
toward-understanding-the-role-of-generative-ai:0005:q1,pilot,True,,True,application,general,hard,"A research team conducting a systematic review of generative AI in entrepreneurship education finds one paper that refers to ""Artificial Intelligence"" only in a broad sense without generative functionalities, and another paper on the algorithmic foundations of a prototype generative system that was published before 2022. How should each paper be treated for inclusion?","In a systematic review of generative AI in entrepreneurship education, what is the inclusion decision for a paper that uses ""Artificial Intelligence"" generically with no generative functionalities, and for a pre-2022 paper on the algorithmic foundations of a prototype generative system?","Reviewers screening studies for a systematic review of generative AI in entrepreneurship education come across a generic ""Artificial Intelligence"" paper lacking generative functionalities and a pre-2022 paper on algorithmic foundations of a prototype generative system. How should each be handled for inclusion?","Studies that referred to ""Artificial Intelligence"" in a broad or generic sense without involving generative functionalities were excluded. Earlier studies focused on algorithmic foundations, prototype generative systems, or theoretical frameworks directly relevant to the functionalities later embodied in generative tools were considered eligible for inclusion, particularly those published prior to 2022, before the public release of large-scale GAI platforms such as ChatGPT and DALL-E.","Toward understanding the role of generative AI in entrepreneurship education: A systematic review, p. 3","Specifically, studies were retained only if they demonstrated a clear conceptual or technical alignment with the core characteristics of GAI including the use of generative adversarial networks (GANs), LLMs, transformer-based architectures, or neural networks specifically designed for content generation. In contrast, studies that referred to ""Artificial Intelligence"" in a broad or generic sense without involving generative functionalities were excluded. … Earlier studies that focused on algorithmic foundations, prototype generative systems, or theoretical frameworks directly relevant to the functionalities later embodied in generative tools were considered eligible for inclusion particularly those published prior to 2022, before the public release of large-scale GAI platforms such as ChatGPT and DALL-E.",5,True,"Every statement in the answer is taken almost verbatim from the evidence: generic AI studies are excluded, and earlier studies on algorithmic foundations or prototype generative systems published before 2022 are eligible. | The question describes the review and both papers concretely, with no references to unseen context and no undefined acronyms.",,
toward-understanding-the-role-of-generative-ai:0005:q2,pilot,False,"format(sentences=1,allowed=2-5)",False,explanation,monitoring_improvement,medium,Why did a systematic review of generative AI in entrepreneurship education conduct a quality assessment during full-text review?,What reason was given for performing a quality assessment at the full-text stage of a systematic review on generative AI in entrepreneurship education?,Why was quality assessment included during full-text review in a systematic review of generative AI in entrepreneurship education?,Quality assessment was described as a critical step in systematic evaluations that significantly impacts the reliability of research findings.,"Toward understanding the role of generative AI in entrepreneurship education: A systematic review, p. 3","During the full-text review, a quality assessment was conducted, a critical step in systematic evaluations that significantly impacts the reliability of research findings (Okoli, 2015; Xiao & Watson, 2019).",5,True,The answer directly restates the evidence's description of quality assessment as a critical step affecting the reliability of findings. | The question names the review by its topic and is understandable without seeing the source.,,
toward-understanding-the-role-of-generative-ai:0005:q3,pilot,True,,False,definition,general,medium,"In a systematic review of generative AI in entrepreneurship education, how were pre-2022 studies treated with respect to eligibility as generative AI literature?",How did a review of generative AI in entrepreneurship education handle studies published before 2022 when deciding eligibility?,"Could studies from before 2022 count as generative AI literature in a systematic review on entrepreneurship education, and on what basis?","Earlier studies focused on algorithmic foundations, prototype generative systems, or theoretical frameworks directly relevant to functionalities later embodied in generative tools were considered eligible. This applied particularly to those published prior to 2022, before the public release of large-scale platforms such as ChatGPT and DALL-E.","Toward understanding the role of generative AI in entrepreneurship education: A systematic review, p. 3","Earlier studies that focused on algorithmic foundations, prototype generative systems, or theoretical frameworks directly relevant to the functionalities later embodied in generative tools were considered eligible for inclusion particularly those published prior to 2022, before the public release of large-scale GAI platforms such as ChatGPT and DALL-E.",5,True,"The answer closely restates the evidence. It names the eligible categories, the pre-2022 emphasis and the ChatGPT and DALL-E release. | The question names the review by its topic and does not depend on any unseen context.",,
toward-understanding-the-role-of-generative-ai:0005:q4,pilot,False,"format(sentences=1,allowed=2-5)",True,application,teaching_learning,hard,A university researcher wants to contribute new work on AI in entrepreneurship education and is looking for an under-explored area. Existing research has examined how AI may support student motivation. Which aspect of entrepreneurship education has that research discussed only to a limited extent?,"A scholar is seeking a gap in research on AI in entrepreneurship education, where prior work has looked at AI supporting student motivation. What aspect of entrepreneurship education has received limited discussion?","Prior research has explored how AI may support student motivation in entrepreneurship education. For a researcher seeking a gap to address, which aspect of entrepreneurship education has that research covered only limitedly?","Specific research has explored how AI may support student motivation, but it has offered limited discussion on entrepreneurship education's pedagogical models and instructional strategies.","Toward understanding the role of generative AI in entrepreneurship education: A systematic review, p. 3","Likewise, specific research has explored how AI may support student motivation, but it has offered limited discussion on EE's pedagogical models and instructional strategies (Artemova, 2024).",5,True,The answer directly restates the evidence: it expands EE to entrepreneurship education and adds nothing else. | The question describes the research context by its content and has no undefined references or acronyms.,,
toward-understanding-the-role-of-generative-ai:0024:q0,pilot,True,,False,factual,teaching_learning,easy,What three core dimensions through which generative AI enhances entrepreneurship education were identified in a systematic review of 50 papers?,A systematic review of 50 papers on generative AI in entrepreneurship education found which three core dimensions of enhancement?,Which three dimensions of generative AI's enhancement of entrepreneurship education came out of a 50-paper systematic review?,"The review identified three core dimensions: teaching and learning, entrepreneurial capabilities, and the entrepreneurial ecosystem.","Toward understanding the role of generative AI in entrepreneurship education: A systematic review, p. 14","This study systematically reviewed 50 relevant papers and identified three core dimensions of GAI enhancing EE: teaching and learning, entrepreneurial capabilities, and the entrepreneurial ecosystem.",5,True,"The answer directly restates the three dimensions named in the evidence. It adds nothing beyond them. | The question identifies the study by its content (a systematic review of 50 papers) and spells out generative AI and entrepreneurship education, so it uses no undefined acronyms or references to unseen context.",,
toward-understanding-the-role-of-generative-ai:0024:q1,pilot,True,,False,definition,teaching_learning,medium,"In entrepreneurship education, what do AI-driven entrepreneurial simulation systems and LLM-based intelligent question-answering tools each offer to learners?","What do AI-driven entrepreneurial simulation systems offer students, and what do LLM-based question-answering tools offer, in entrepreneurship education?",How do AI-driven entrepreneurial simulations and LLM-based intelligent Q&A tools each support entrepreneurship learners?,"AI-driven entrepreneurial simulation systems let students practice entrepreneurial decision-making in a low-risk environment with instant feedback, improving their ability to handle complex business scenarios. LLM-based intelligent question-answering tools remove classroom constraints of time and instructor availability, making learning more autonomous and flexible.","Toward understanding the role of generative AI in entrepreneurship education: A systematic review, p. 14","AI-driven entrepreneurial simulation systems enable students to practice entrepreneurial decision-making in a low-risk environment, providing instant feedback and improving their ability to handle complex business scenarios (Chen et al., 2022; Mavlutova et al., 2020; Nowak, 2020). … Additionally, intelligent question-answering tools based on LLMs remove traditional classroom constraints related to time and instructor availability, making learning more autonomous and flexible (Liang & Bai, 2024; Torres Ortega et al., 2025).",5,True,Every statement in the answer closely restates the evidence about both tools. | The question names both tools and the domain explicitly. It does not refer to any unseen context.,,
toward-understanding-the-role-of-generative-ai:0024:q2,pilot,True,,False,factual,teaching_learning,easy,"What effect does incorporating AI into entrepreneurship training have on startup teams, according to research on market forecasting and resources?",How does adding AI to entrepreneurship training affect startup teams' forecasting and resource use?,What improvements for startup teams are reported when AI is incorporated into entrepreneurship training?,Incorporating AI into entrepreneurship training improves market forecasting accuracy for startup teams and supports their ability to integrate resources effectively.,"Toward understanding the role of generative AI in entrepreneurship education: A systematic review, p. 14","Additional research reflects that incorporating AI into entrepreneurship training improves market forecasting accuracy for startup teams and supports their ability to integrate resources effectively (Kang, 2022; Xu & Sun, 2022).",5,True,"The answer repeats the evidence almost word for word. It says AI integration improves market forecasting accuracy and supports resource integration. | The question names the topic plainly and does not point to any unseen source. The phrase ""according to research on market forecasting and resources"" is descriptive enough to stand alone.",,
toward-understanding-the-role-of-generative-ai:0024:q3,pilot,True,,False,explanation,teaching_learning,medium,How do AI-powered business plan evaluation systems increase students' entrepreneurial confidence?,By what mechanism do AI business plan evaluation systems raise students' entrepreneurial confidence?,Why do AI-powered business plan evaluation systems boost entrepreneurial confidence in students?,These systems provide intelligent feedback that helps students better understand critical aspects of business model development and market analysis. This in turn increases their entrepreneurial confidence.,"Toward understanding the role of generative AI in entrepreneurship education: A systematic review, p. 14","For example, AI-powered business plan evaluation systems provide intelligent feedback, helping students better understand critical aspects of business model development and market analysis, thereby increasing their entrepreneurial confidence (Lesinskis et al., 2023; T. Nuseir et al., 2020).",5,True,"Every statement in the answer is directly stated in the evidence: the systems give intelligent feedback, which builds understanding of business model development and market analysis, which increases entrepreneurial confidence. | The question names a specific kind of system and outcome, and it contains no references to unseen context.",,
toward-understanding-the-role-of-generative-ai:0024:q4,pilot,True,,False,application,teaching_learning,hard,"A university wants to add AI tools to its entrepreneurship courses so students practice decisions safely, refine business plans, and work better in teams. What benefits do empirical findings report for such tools?","An entrepreneurship program is considering AI tools for safe decision practice, business plan improvement, and teamwork. What benefits are reported?","If a university integrates AI into entrepreneurship courses for simulated decision-making, business plan work, and team collaboration, what outcomes does research report?","AI-driven simulation systems let students practice entrepreneurial decision-making in a low-risk environment with instant feedback and improve their handling of complex business scenarios. Integrating AI tools into courses supports students' understanding and optimization of business plans and improves their adaptability to market dynamics. AI-driven creativity generation systems facilitate idea generation among team members, promote interdisciplinary collaboration, improve innovation performance, and streamline teamwork.","Toward understanding the role of generative AI in entrepreneurship education: A systematic review, p. 14","AI-driven entrepreneurial simulation systems enable students to practice entrepreneurial decision-making in a low-risk environment, providing instant feedback and improving their ability to handle complex business scenarios (Chen et al., 2022; Mavlutova et al., 2020; Nowak, 2020). … Empirical studies indicate that integrating AI-powered tools into EE courses supports students' understanding and optimization of business plans, while also improving their adaptability to market dynamics (Fox et al., 2024; Hammoda, 2024; Jing & Jan 2022; Voronov et al., 2023). … For instance, AI-driven creativity generation systems facilitate idea generation among team members, promote interdisciplinary collaboration, improve innovation performance, and streamline teamwork processes (Kinnula et al., 2024; Somia & Vecchiarini, 2024).",5,True,"Every statement in the answer closely restates the evidence: low-risk simulation with instant feedback, business plan understanding and optimization with market adaptability, and creativity systems that aid idea generation, collaboration, innovation and teamwork. | The question describes a concrete scenario and asks what empirical findings report, without referring to unseen context or using undefined acronyms.",,
be-aiware-an-ai-competency-model-for-k-12:0002:q0,pilot,True,,False,factual,student_ai_literacy,easy,"In the AIware K-12 competency model's discussion of generative AI, what three key issues are named as concerns for younger students who can use these tools independently?",Which three main issues does the AIware K-12 competency model raise about younger students independently using generative AI tools?,"For younger K-12 students using generative AI on their own, what three key concerns are listed in the AIware competency model?","The key issues named are algorithmic bias, hallucinations (plausible but false information), and over-reliance. These can lead to inaccuracies and impact learning outcomes.","Be AIware! An AI Competency Model for K-12 Education, p. 2","Key issues include algorithmic bias, hallucinations (plausible but false information), and over-reliance, which can lead to inaccuracies and impact learning outcomes.",5,True,"Every claim in the answer appears directly in the evidence: the three issues (algorithmic bias, hallucinations, over-reliance) and the note that they can lead to inaccuracies and impact learning outcomes. The evidence does not explicitly mention younger students using the tools independently, but that detail sits only in the question, not in the answer. | The question names a specific framework (the AIware K-12 competency model) and spells out what it is asking for. It does not lean on any unseen context.",,
be-aiware-an-ai-competency-model-for-k-12:0002:q1,pilot,True,,False,explanation,student_ai_literacy,medium,Why can recommender systems on social media and streaming platforms be a particular concern for the political education of K-12 students?,"For the political education of K-12 students, what makes recommender systems used on social media and streaming platforms especially worrying?",,"Recommender systems enhance personalization, but they can create information bubbles by limiting exposure to diverse perspectives and reinforcing existing beliefs. This can hinder critical thinking and create echo chambers, which is an especially serious concern in the political education of K-12 students.","Be AIware! An AI Competency Model for K-12 Education, p. 2","While these systems enhance personalization, they can create information bubbles by limiting exposure to diverse perspectives and reinforcing existing beliefs (Areeb et al., 2023; Kidwai et al., 2023). This can hinder critical thinking and create echo chambers, an especially serious concern in the political education of K-12 students",5,True,"Every statement in the answer closely restates the evidence: personalization, information bubbles, limited exposure, reinforced beliefs, hindered critical thinking, echo chambers, and the K-12 political education concern. | The question names recommender systems on social media and streaming platforms and K-12 political education. It does not refer to any unseen source context.",,
be-aiware-an-ai-competency-model-for-k-12:0002:q2,pilot,True,,False,definition,general,easy,What is Generative Artificial Intelligence (GAI) in relation to AI and machine learning?,How is Generative AI defined as part of AI and machine learning?,"What does Generative Artificial Intelligence mean, and where does it sit within AI?","Generative Artificial Intelligence (GAI) is a part of AI in the realm of machine learning that focuses on creating new content, such as text, images, audio, or video, by learning from existing data.","Be AIware! An AI Competency Model for K-12 Education, p. 2","Generative Artificial Intelligence (GAI) is a part of AI in the realm of machine learning (ML) that focuses on creating new content, such as text, images, audio, or video, by learning from existing data.",5,True,The answer repeats the evidence nearly verbatim. It omits only the parenthetical acronym ML and adds no unsupported claims. | The question names Generative Artificial Intelligence and defines its acronym. It does not refer to any unseen source or context.,,
be-aiware-an-ai-competency-model-for-k-12:0002:q3,pilot,True,,False,explanation,equity_accessibility,medium,"How can AI systems trained on biased data lead to unfair outcomes, and what example is given involving recruitment?","Why can training AI systems on biased data result in unfair outcomes, as illustrated by AI recruitment systems?","In what way does biased training data cause AI to reinforce stereotypes or exclude groups, and what recruitment example is offered?","AI systems trained on biased data can unintentionally reinforce stereotypes or unfairly exclude certain groups. For example, AI-driven recruitment systems may favor particular demographics if historical data reflects biased hiring practices, perpetuating inequalities.","Be AIware! An AI Competency Model for K-12 Education, p. 2","AI systems trained on biased data can unintentionally reinforce stereotypes or unfairly exclude certain groups. For example, AI-driven recruitment systems may favor particular demographics if historical data reflects biased hiring practices, perpetuating inequalities.",5,True,"The answer reproduces the evidence verbatim, so every statement is directly stated. | The question is self-contained. The phrase 'what example is given' is mildly source-referential, but it is still clear without seeing the source.",,
be-aiware-an-ai-competency-model-for-k-12:0002:q4,pilot,True,,False,definition,general,medium,"What does Artificial Intelligence refer to, and which processes of human intelligence does it simulate?","How is Artificial Intelligence defined, including the human intelligence processes involved?","How is Artificial Intelligence defined, and which human intelligence processes does it simulate?","Artificial Intelligence refers to the simulation of human intelligence processes by computer systems. These processes include learning (acquiring information and determining rules for using it), reasoning (using rules to reach conclusions), and self-correction.","Be AIware! An AI Competency Model for K-12 Education, p. 2","Artificial Intelligence (AI) refers to the simulation of human intelligence processes by computer systems. These processes include learning (acquiring information and determining rules for using it), reasoning (using rules to reach conclusions), and self-correction.",5,True,"The answer restates the evidence essentially verbatim, and every statement is directly supported. | The question names Artificial Intelligence explicitly and asks for its definition and the processes it simulates, without referring to unseen context.",,
be-aiware-an-ai-competency-model-for-k-12:0004:q0,pilot,True,,False,definition,teaching_learning,medium,"In the literature on current AI competency models for K-12 education, what does the K-16 framework developed by Blok et al. (2021) address, and how was it developed?","What did the K-16 AI framework by Blok et al. (2021) cover, and by what means was it created?","How was Blok et al.'s (2021) K-16 framework produced, and which competencies does it address?",Blok et al. (2021) addressed higher education competencies by developing a K-16 framework. They developed it through collaborative academic partnerships.,"Be AIware! An AI Competency Model for K-12 Education, p. 3","Higher education competencies are addressed by Blok et al. (2021), who developed a K-16 framework through collaborative academic partnerships.",5,True,"Both statements, that the framework addresses higher education competencies and was developed through collaborative academic partnerships, are stated directly in the evidence. | The question names the specific framework and its authors and asks a clear question. It does not depend on any unseen context.",,
be-aiware-an-ai-competency-model-for-k-12:0004:q1,pilot,True,,True,factual,general,easy,"In the literature on AI competency frameworks, which regions were the focus of the regional adaptations by Sanusi et al. (2022) and D. Lee et al. (2022), respectively?",Sanusi et al. (2022) and D. Lee et al. (2022) each adapted AI competencies to a region; which region did each of them focus on?,"Which region did Sanusi et al. (2022) address, and which did D. Lee et al. (2022) address, in their regional adaptations of AI competencies?","Regional adaptations are seen in studies by Sanusi et al. (2022) and D. Lee et al. (2022), focusing on AI competencies within Africa and Korea, respectively.","Be AIware! An AI Competency Model for K-12 Education, p. 3","Regional adaptations are seen in studies by Sanusi et al. (2022) and D. Lee et al. (2022) focusing on AI competencies within Africa and Korea, respectively.",5,True,"The answer is a near-verbatim restatement of the evidence: Sanusi et al. (2022) focused on Africa and D. Lee et al. (2022) on Korea. | The question names the specific studies and the topic (AI competency frameworks), with no references to unseen context.",,
be-aiware-an-ai-competency-model-for-k-12:0004:q2,pilot,True,,False,definition,student_ai_literacy,medium,What is the focus of the frameworks by Vuorkari et al. (2022) and Bekiaridis (2023) on AI competencies?,What do the AI competency frameworks developed by Vuorkari et al. (2022) and Bekiaridis (2023) focus on?,Which focus do Vuorkari et al. (2022) and Bekiaridis (2023) adopt in their frameworks for AI competencies?,The frameworks by Vuorkari et al. (2022) and Bekiaridis (2023) focused on integrating AI into broader digital literacy. They were aimed at citizens.,"Be AIware! An AI Competency Model for K-12 Education, p. 3","Frameworks by Vuorkari et al. (2022) and Bekiaridis (2023) focused on integrating AI into broader digital literacy, aimed at citizens.",5,True,"Both statements, integration of AI into broader digital literacy and the aim at citizens, are stated directly in the evidence. | The question names specific cited works by author and year. It needs no unseen context to be understood.",,
be-aiware-an-ai-competency-model-for-k-12:0004:q3,pilot,True,,False,application,faculty_readiness,hard,A university wants to build AI competencies for teacher development and to ensure expert consensus on digital competencies for an information systems program. Which existing approaches are described for each need?,A university needs AI competencies for training teachers and expert-agreed digital competencies for an information systems program. Which prior approaches address each?,"Which existing work could a university draw on for teacher AI competency development, and which for expert consensus on information systems digital competencies?","Celik (2023) extended the TPACK model to include AI competencies for teacher development. Leidig et al. (2020) used a Delphi method, ensuring expert consensus on digital competencies for information systems programs.","Be AIware! An AI Competency Model for K-12 Education, p. 3","Celik (2023) extended the TPACK model to include AI competencies for teacher development … Leidig et al. (2020) used a Delphi method, ensuring expert consensus on digital competencies for information systems programs.",5,True,"The answer repeats the evidence almost word for word: Celik (2023) extending TPACK with AI competencies, and Leidig et al. (2020) using a Delphi method for expert consensus. | The question describes a self-contained scenario with clear needs and does not refer to any unseen source or context.",,
be-aiware-an-ai-competency-model-for-k-12:0004:q4,pilot,True,,False,factual,teaching_learning,easy,"What do four K-12 AI curricula, three mapped by UNESCO and one developed by T. K. F. Chiu (2021), primarily introduce?","What is the main content introduced by the four K-12 AI curricula, three mapped by UNESCO and one by Chiu (2021)?","Which main content do four K-12 AI curricula, three of them mapped by UNESCO and one created by T. K. F. Chiu (2021), mainly present to learners?","Four K-12 AI curricula, three mapped by UNESCO and one developed by T. K. F. Chiu (2021), primarily introduce basic AI concepts to K-12 students and teachers.","Be AIware! An AI Competency Model for K-12 Education, p. 3","Four K-12 AI curricula, three mapped by UNESCO (UNESCO, 2022; 2024a; 2024b) and the other developed by T. K. F. Chiu (2021), primarily introduce basic AI concepts to K-12 students and teachers.",5,True,"The answer restates the evidence sentence almost verbatim. Every claim is directly supported. | The question identifies the curricula by their content: four K-12 AI curricula, three mapped by UNESCO and one by Chiu (2021). It does not rely on unseen context.",,
toward-understanding-the-role-of-generative-ai:0033:q0,pilot,True,,False,application,general,hard,A researcher plans a review of generative AI in entrepreneurship education and worries that published studies mostly report benefits and that findings come mainly from university settings. What limitations and future directions does a 2025 systematic review of generative AI in entrepreneurship education identify that apply to this plan?,"I am planning a review of generative AI in entrepreneurship education, and I am concerned that the published studies mostly report benefits and draw mainly on university settings. Which limitations and future directions does a 2025 systematic review of generative AI in entrepreneurship education identify that bear on this plan?",A researcher preparing to review generative AI in entrepreneurship education is worried about a literature that mostly reports positive outcomes and comes largely from universities. What limitations and future directions are identified in a 2025 systematic review of generative AI in entrepreneurship education that are relevant to this plan?,"Publication bias may overrepresent positive effects and underreport drawbacks such as increased student dependence, academic integrity concerns, and ethical challenges. Future studies should incorporate unpublished datasets, industry reports, and real-world educational experiments for a more balanced perspective. Because most reviewed studies focus on university-level higher education, it remains uncertain whether the approaches apply to vocational training, informal learning, or culturally diverse environments.","Toward understanding the role of generative AI in entrepreneurship education: A systematic review, p. 19","Potential publication bias may also lead to an overrepresentation of GAI's positive effects, while underreporting its drawbacks, such as increased student dependence, concerns about academic integrity, and ethical challenges. … Future studies should incorporate unpublished datasets, industry reports, and real-world educational experiments to provide a more balanced perspective. … Second, the generalizability of the findings is limited by the fact that most reviewed studies focus on higher education, particularly at the university level. The applicability of these approaches to other contexts, such as vocational training, informal learning, or culturally diverse educational environments, remains uncertain.",5,True,"Every statement restates the evidence directly: publication bias and the drawbacks it may underreport, the proposed future data sources, and the generalizability limits beyond university settings. | The question identifies the source by its content (a 2025 systematic review of generative AI in entrepreneurship education), and 'this plan' refers to the scenario described within the question itself.",,
toward-understanding-the-role-of-generative-ai:0033:q1,pilot,True,,False,definition,teaching_learning,medium,"In a systematic review of generative AI in entrepreneurship education, what does Research Proposition 1 state about GAI-enabled personalized feedback and entrepreneurial intention?",What relationship does Research Proposition 1 propose between GAI-enabled personalized feedback and entrepreneurial intention in a review of generative AI in entrepreneurship education?,"In a systematic review on generative AI in entrepreneurship education, how does Research Proposition 1 describe the effect of GAI-enabled personalized feedback on entrepreneurial intention?","Research Proposition 1 holds that the effect of GAI-enabled personalized feedback on entrepreneurial intention is mediated by entrepreneurial self-efficacy. It is moderated by institutional support, digital literacy, and prior entrepreneurial experience.","Toward understanding the role of generative AI in entrepreneurship education: A systematic review, p. 19","Research Proposition 1: The effect of GAI-enabled personalized feedback on entrepreneurial intention is mediated by entrepreneurial self-efficacy and moderated by institutional support, digital literacy, and prior entrepreneurial experience.",5,True,"The answer directly restates the proposition: the effect is mediated by entrepreneurial self-efficacy and moderated by institutional support, digital literacy, and prior entrepreneurial experience. | The question names the systematic review by its topic and specifies the proposition it asks about. GAI is defined in context as generative AI, so the question is clear without the source.",,
toward-understanding-the-role-of-generative-ai:0033:q2,pilot,True,,False,factual,student_ai_literacy,easy,Which individual differences does Research Proposition 3 in a review of generative AI in entrepreneurship education say moderate the impact of GAI-enabled learning on entrepreneurial competencies?,"According to Research Proposition 3 in a review of generative AI in entrepreneurship education, which individual differences moderate how GAI-enabled learning affects entrepreneurial competencies?",What individual differences are named as moderators of GAI-enabled learning's impact on entrepreneurial competencies in Research Proposition 3 of a generative AI entrepreneurship education review?,"Digital literacy, entrepreneurial experience, and learning motivation are the individual differences that moderate the impact of GAI-enabled learning on entrepreneurial competencies.","Toward understanding the role of generative AI in entrepreneurship education: A systematic review, p. 19","Research Proposition 3: Individual differences, including digital literacy, entrepreneurial experience, and learning motivation, moderate the impact of GAI-enabled learning on entrepreneurial competencies.",5,True,"The answer directly restates the proposition's listed individual differences: digital literacy, entrepreneurial experience, and learning motivation. | The question identifies the source by its content (a review of generative AI in entrepreneurship education) and names the specific proposition. GAI is defined in context as generative AI, so no unseen context is needed.",,
toward-understanding-the-role-of-generative-ai:0033:q3,pilot,True,,False,explanation,monitoring_improvement,medium,"Why does a systematic review of generative AI in entrepreneurship education say its ability to quantify GAI's influence and establish causal relationships is limited, and what does it recommend?","What limits a systematic review of generative AI in entrepreneurship education from quantifying GAI's influence and establishing causality, and what future research does it recommend?","For a systematic review of generative AI in entrepreneurship education, why are quantification and causal inference limited, and what approaches are recommended?","The review does not include a meta-analysis, which could provide a quantitative assessment of GAI's influence, and its reliance on prior research limits the ability to establish causal relationships. Future research should integrate systematic meta-analyses and longitudinal empirical studies to validate the mechanisms through which GAI improves entrepreneurial competencies and outcomes.","Toward understanding the role of generative AI in entrepreneurship education: A systematic review, p. 19","it does not include a meta-analysis, which could provide a quantitative assessment of GAI's influence. Moreover, reliance on prior research limits the ability to establish causal relationships. Future research should integrate systematic meta-analyses and longitudinal empirical studies to validate the mechanisms through which GAI improves entrepreneurial competencies and outcomes.",5,True,"Every statement in the answer restates the evidence nearly verbatim: no meta-analysis, reliance on prior research limiting causal claims, and the recommendation for meta-analyses and longitudinal studies. | The question identifies the review by its content (a systematic review of generative AI in entrepreneurship education). GAI is used right after 'generative AI', so its meaning is clear.",,
toward-understanding-the-role-of-generative-ai:0033:q4,pilot,True,,False,definition,equity_accessibility,medium,What does Research Proposition 2 in a review of generative AI in entrepreneurship education claim about the effectiveness of GAI-enabled entrepreneurship education across settings?,How does Research Proposition 2 in a generative AI entrepreneurship education review characterize the effectiveness of GAI-enabled entrepreneurship education across contexts?,"In a review of generative AI in entrepreneurship education, what is asserted by Research Proposition 2 about variation in effectiveness across cultural and contextual settings?","Research Proposition 2 holds that the effectiveness of GAI-enabled entrepreneurship education varies across cultural and contextual settings. It is influenced by macro-level factors such as government support, economic conditions, and cultural norms.","Toward understanding the role of generative AI in entrepreneurship education: A systematic review, p. 19","Research Proposition 2: The effectiveness of GAI-enabled EE varies across cultural and contextual settings, influenced by macro-level factors such as government support, economic conditions, and cultural norms.",5,True,"The answer directly restates the proposition, including variation across cultural and contextual settings and the macro-level factors of government support, economic conditions and cultural norms. | The question names the review by its content and specifies the proposition. GAI is effectively defined by the phrase 'generative AI' in the question.",,
be-aiware-an-ai-competency-model-for-k-12:0008:q0,pilot,True,,False,factual,teaching_learning,easy,By how many competencies was the list in the AIware K-12 AI competency model reduced during the iterative focus group process?,"During the iterative focus group process for the AIware K-12 AI competency model, what was the size of the reduction in the number of competencies on the list?",How many competencies were cut from the AIware K-12 AI competency model's list as the focus groups iteratively refined it?,The focus group process refined the competencies from 140 to 98. This was done by excluding duplicates and renaming some.,"Be AIware! An AI Competency Model for K-12 Education, p. 5",This process resulted in refining the competencies from 140 to 98 by excluding duplicates and renaming some.,4,True,"The answer restates the evidence (140 to 98, by excluding duplicates and renaming some). The evidence says only 'this process' and does not name a focus group process, so that attribution comes from the question's framing rather than the quote. | The question names the specific AIware K-12 AI competency model and the focus group process, so it is understandable without seeing the source.",,
be-aiware-an-ai-competency-model-for-k-12:0008:q1,pilot,True,,False,explanation,teaching_learning,medium,"Why were items such as GANs, algorithm explanation, model training types and heuristic searches removed from the AIware K-12 AI competency model?","What was the reason for excluding GANs, algorithm explanation, model training types and heuristic searches from the AIware K-12 competency model?",Why did the AIware K-12 model's refinement drop competencies like GANs and heuristic searches?,"These items were considered too advanced for K-12 learners without specialized preparation. This decision aligns with Blikstein (2018), who cautions against introducing deep computer science topics without sufficient scaffolding.","Be AIware! An AI Competency Model for K-12 Education, p. 5","For example, items like GANs, algorithm explanation, model training types, and heuristic searches were considered too advanced for K-12 learners without specialized preparation. This decision aligns with findings from Blikstein (2018), who cautions against introducing deep computer science topics without sufficient scaffolding.",5,True,"Both sentences of the answer restate the evidence almost verbatim: the items were too advanced for K-12 learners without specialized preparation, and this aligns with Blikstein (2018). | The question names the specific competency model (AIware K-12) and the items concerned, so it is clear without the source. GANs is a standard technical term in the AI domain.",,
be-aiware-an-ai-competency-model-for-k-12:0008:q2,pilot,True,,True,explanation,teaching_learning,medium,"What does the AIware K-12 AI competency model's design as modular and mappable to existing subjects and educational frameworks relate to, and what did insights from practice confirm about its structure?","How was the AIware K-12 AI competency model designed in relation to existing subjects and educational frameworks, and what did practice insights confirm about its structure?","What design choice links the AIware K-12 AI competency model to existing subjects and educational frameworks, and what did practice confirm about its granular structure?",The AIware K-12 AI competency model was designed to be modular and mappable to existing subjects and educational frameworks. Insights from practice also confirmed that a granular structure improves alignment with school-based needs and curricular integration.,"Be AIware! An AI Competency Model for K-12 Education, p. 5","To address this, the model was designed to be modular and mappable to existing subjects and educational frameworks. … Insights from practice also confirmed that a granular structure improves alignment with school-based needs and curricular integration.",5,True,"Both statements, the modular and mappable design and the confirmation that a granular structure improves alignment and curricular integration, are stated directly in the evidence. The answer adds nothing beyond it. | The question names the AIware K-12 AI competency model and does not rely on references to unseen context. Its 'what does ... relate to' phrasing is awkward but still interpretable.",,
be-aiware-an-ai-competency-model-for-k-12:0008:q3,pilot,True,,False,application,student_ai_literacy,hard,"A school is deciding how to integrate AI ethics into its curriculum and worries about students over-relying on AI tools. What concerns did teachers interviewed for the AIware K-12 AI competency model raise, and what competencies did interviews confirm as important?","A school wants to embed AI ethics in its curriculum and fears student over-reliance on AI. What classroom concerns did teachers raise in the AIware K-12 interviews, and which competencies were confirmed as important?","Facing worries about student over-reliance on AI tools while planning AI ethics teaching, what did teachers in the AIware K-12 model interviews highlight, and which competencies did the interviews confirm?","Teachers highlighted the risks of over-reliance on AI tools, the importance of independent thinking, and integrating ethical reasoning into subjects like philosophy and social studies. The interviews confirmed the importance of conceptual and technical understanding, as well as critical reflection and ethical awareness.","Be AIware! An AI Competency Model for K-12 Education, p. 5","The interviews confirmed the importance of conceptual and technical understanding, as well as critical reflection and ethical awareness. The AI expert emphasized foundational knowledge such as optimization, algorithmic thinking, and data literacy, while also pointing to the need for interdisciplinary connections … Teachers highlighted classroom-relevant concerns, including the risks of over-reliance on AI tools, the importance of independent thinking, and the integration of ethical reasoning into subjects like philosophy and social studies",5,True,"Every statement in the answer is taken directly from the evidence: the teachers' concerns about over-reliance, independent thinking and ethical reasoning in philosophy and social studies, and the confirmed competencies. | The question identifies the source by its content (interviews for the AIware K-12 AI competency model) and does not rely on any unseen context.",,
be-aiware-an-ai-competency-model-for-k-12:0008:q4,pilot,True,,False,explanation,student_ai_literacy,medium,What did the AI expert interviewed for the AIware K-12 AI competency model emphasize as foundational knowledge?,Which foundational knowledge areas did the AI expert in the AIware K-12 model interviews stress?,"In interviews conducted for the AIware K-12 AI competency model, which knowledge did the AI expert stress as foundational?","The AI expert emphasized foundational knowledge such as optimization, algorithmic thinking, and data literacy. The expert also pointed to the need for interdisciplinary connections.","Be AIware! An AI Competency Model for K-12 Education, p. 5","The interviews confirmed the importance of conceptual and technical understanding, as well as critical reflection and ethical awareness. The AI expert emphasized foundational knowledge such as optimization, algorithmic thinking, and data literacy, while also pointing to the need for interdisciplinary connections",5,True,"Both sentences of the answer are taken directly from the evidence: the foundational knowledge (optimization, algorithmic thinking, data literacy) and the need for interdisciplinary connections. | The question names the AIware K-12 AI competency model and the interviewed AI expert, so it is understandable without seeing the source.",,
be-aiware-an-ai-competency-model-for-k-12:0057:q0,pilot,True,,False,definition,student_ai_literacy,easy,"In the Be AIware! AI competency model for K-12 education, what does the Structured and unstructured data competency involve?",What is meant by the Structured and unstructured data competency in the Be AIware! K-12 AI competency model?,"In the K-12 Be AIware! AI competency model, what does a learner do under the Structured and unstructured data competency?",The Structured and unstructured data competency involves distinguishing between data with well-defined structures and data without a predefined data model.,"Be AIware! An AI Competency Model for K-12 Education, p. 39",Distinguishing between data with well-defined structures and data without a predefined data model.,5,True,"The answer reproduces the evidence nearly verbatim: distinguishing between data with well-defined structures and data without a predefined data model. | The question names the specific model (Be AIware! for K-12) and the competency, so a reader without the source can understand it.",,
be-aiware-an-ai-competency-model-for-k-12:0057:q1,pilot,True,,True,explanation,student_ai_literacy,medium,"How does the Be AIware! K-12 AI competency model describe the progression of the Big Data knowledge competency, and how does it differ from the progression of the Big Data cloud storage competency?","In the Be AIware! K-12 AI competency model, how does the Big Data knowledge competency advance, and how does that differ from the Big Data cloud storage competency's progression?","What development path does the Be AIware! K-12 model give for the Big Data knowledge competency, in contrast to the path for Big Data cloud storage?",The Big Data knowledge competency advances from basic awareness of large datasets to evaluating the challenges and opportunities presented by Big Data. The Big Data cloud storage competency progresses from understanding basic concepts of storing large datasets in cloud environments to applying strategies for managing and optimizing the storage and retrieval of complex data sets in cloud infrastructures.,"Be AIware! An AI Competency Model for K-12 Education, p. 39",Advances from basic awareness of large datasets to evaluating the challenges and opportunities presented by Big Data. … Progresses from understanding basic concepts of storing large datasets in cloud environments to applying strategies for managing and optimizing the storage and retrieval of complex data sets in cloud infrastructures.,4,True,"Both progressions are restated essentially verbatim from the evidence. The evidence does not explicitly label which sentence belongs to which competency, but the mapping follows plainly from the content. | The question names the Be AIware! K-12 AI competency model and both specific competencies, so it can be understood without seeing the source.",,
be-aiware-an-ai-competency-model-for-k-12:0057:q2,pilot,True,,False,factual,student_ai_literacy,easy,"In the Be AIware! AI competency model for K-12 education, how does the Tables skill progress?",What progression does the Be AIware! K-12 AI competency model describe for the Tables skill?,How does the Tables skill develop in the K-12 Be AIware! AI competency model?,The Tables skill develops from basic data table comprehension to designing and interpreting complex tabular datasets.,"Be AIware! An AI Competency Model for K-12 Education, p. 39",Develops from basic data table comprehension to designing and interpreting complex tabular datasets.,5,True,"The answer repeats the evidence almost verbatim, describing development from basic data table comprehension to designing and interpreting complex tabular datasets. | The question names the specific competency model (Be AIware!, K-12) and the skill, so it can be understood without the source.",,
be-aiware-an-ai-competency-model-for-k-12:0057:q3,pilot,True,,False,definition,student_ai_literacy,medium,"In the Be AIware! K-12 AI competency model, what do the Data characteristics knowledge competency and the Visualization of datasets skill each progress toward?",What end points do the Data characteristics knowledge competency and the Visualization of datasets skill reach in the Be AIware! K-12 AI competency model?,"In the Be AIware! AI competency model for K-12, what is the end goal that the Data characteristics knowledge competency and the Visualization of datasets skill each build toward?",The Data characteristics knowledge competency moves from recognizing data characteristics to critically evaluating the quality and relevance of data sets. The Visualization of datasets skill advances from creating simple visual representations of data to designing and interpreting complex visualizations that enhance understanding and support strategic decision-making.,"Be AIware! An AI Competency Model for K-12 Education, p. 39",Moves from recognizing data characteristics to critically evaluating the quality and relevance of data sets. … Advances from creating simple visual representations of data to designing and interpreting complex visualizations that enhance understanding and support strategic decision-making.,4,True,"Both progressions are restated nearly verbatim from the evidence. However, the excerpt does not explicitly label which sentence belongs to Data characteristics and which to Visualization of datasets, so that attribution is a mild inference. | The question names the specific model (Be AIware! K-12 AI competency model) and both competencies, so it is understandable without seeing the source.",,
be-aiware-an-ai-competency-model-for-k-12:0057:q4,pilot,True,,False,definition,student_ai_literacy,easy,"In the Be AIware! AI competency model for K-12 education, what does the Visualization of datasets skill involve as it develops?",How does the Visualization of datasets skill advance in the Be AIware! K-12 AI competency model?,What progression is described for the Visualization of datasets skill in the K-12 Be AIware! AI competency model?,The Visualization of datasets skill advances from creating simple visual representations of data to designing and interpreting complex visualizations that enhance understanding and support strategic decision-making.,"Be AIware! An AI Competency Model for K-12 Education, p. 39",Advances from creating simple visual representations of data to designing and interpreting complex visualizations that enhance understanding and support strategic decision-making.,5,True,"The answer restates the evidence verbatim, so every statement is directly supported. | The question names the specific competency model (Be AIware!, K-12) and the skill it is asking about, and it does not refer to any unseen context.",,
ai-and-security-in-china-s-higher-education:0016:q0,extra:procurement_technology,True,,False,definition,privacy_security,easy,"In the context of cybersecurity threats to universities, what do malware and ransomware attacks involve?",How are malware and ransomware attacks on university networks characterized?,What happens in a malware or ransomware attack against a university?,"Attackers infiltrate university networks, encrypt files, and demand ransom payments for the return of critical data. These attacks can cause significant financial and operational disruptions.","AI and Security in China’s Higher Education, p. 36","Malware and ransomware attacks are increasingly common, as attackers infiltrate university networks, encrypt files, and demand ransom payments for the return of critical data. These attacks can cause significant financial and operational disruptions.",5,True,"Both sentences restate the evidence nearly verbatim: infiltration, encryption, ransom demands, and financial/operational disruption. | The question names its topic, malware and ransomware attacks on universities, and has no references to unseen context.",,
ai-and-security-in-china-s-higher-education:0016:q1,extra:procurement_technology,True,,False,factual,governance,easy,Which two data protection laws are named as ones that universities should align their data governance with?,What two laws are given as examples for universities to align data governance with?,What are the names of the two data protection laws that universities are advised to make their data governance consistent with?,"Institutions should align data governance with laws like GDPR and FERPA. This covers secure collection, processing, and storage of data.","AI and Security in China’s Higher Education, p. 36","Institutions should align data governance with laws like GDPR and FERPA-covering secure collection, processing, and storage-while educating staff and students on their rights and duties so policies are consistently followed in practice",5,True,"The answer directly restates the evidence: GDPR and FERPA as laws to align with, covering secure collection, processing and storage. | The question clearly asks which two data protection laws universities should align their data governance with. 'Are named' is a mild passive reference to a source, but the question is still understandable without it.",,
ai-and-security-in-china-s-higher-education:0016:q2,extra:procurement_technology,True,,False,explanation,student_ai_literacy,medium,"Why does a lack of cybersecurity training among students, faculty, and staff matter for university security?",How does missing cybersecurity training among campus members affect a university's exposure to attacks?,"How does it affect university security when students, faculty, and staff have not received cybersecurity training?",A lack of cybersecurity training exacerbates vulnerabilities and makes individuals more susceptible to cyberattacks. Institutions must therefore prioritize ongoing security awareness education to mitigate human error-related risks.,"AI and Security in China’s Higher Education, p. 36","A lack of cybersecurity training among students, faculty, and staff exacerbates vulnerabilities, making individuals more susceptible to cyberattacks. Institutions must prioritize ongoing security awareness education to mitigate human error-related risks.",5,True,"Both sentences of the answer closely restate the evidence. Only the connective 'therefore' is added, and it is trivial. | The question is self-contained and refers to no unseen context.",,
ai-and-security-in-china-s-higher-education:0016:q3,extra:procurement_technology,True,,False,explanation,procurement_technology,medium,"How can poorly managed cloud services create risks for a university, and what must institutions ensure to mitigate them?","What risk comes from poorly managed cloud services at universities, and what should institutions require of providers?","In what ways can a university be exposed to risk when its cloud services are not managed well, and what do institutions need to make sure of in order to reduce those risks?",Poorly managed cloud services with weak access controls and configuration errors can lead to data leaks. Institutions must ensure that cloud service providers comply with security protocols to mitigate these risks.,"AI and Security in China’s Higher Education, p. 36",Poorly managed cloud services with weak access controls and configuration errors can lead to data leaks. Institutions must ensure that cloud service providers comply with security protocols to mitigate these risks.,5,True,"The answer reproduces the evidence verbatim, so every statement is directly supported. | The question is self-contained and makes no reference to unseen context.",,
ai-and-security-in-china-s-higher-education:0016:q4,extra:procurement_technology,True,,False,application,privacy_security,hard,"A university wants to reduce breaches caused by human error and strengthen its resilience against evolving threats. What approach to information security culture is recommended, and what benefits does it bring?",A campus leader wants fewer human-factor breaches and greater institutional resilience. What culture-building measures are recommended and what do they achieve?,"If a university aims to lower the number of breaches resulting from human mistakes and become more resilient to changing threats, which kind of information security culture should it adopt, and what advantages does that offer?","Universities should embed cybersecurity norms through sustained awareness campaigns, role-based education, and continuous training so students, faculty, and staff understand their responsibilities and practice policies proactively. A pervasive information security culture builds shared accountability, reduces human-factor breaches, and strengthens institutional resilience against evolving threats.","AI and Security in China’s Higher Education, p. 36","Universities should embed cybersecurity norms through sustained awareness campaigns, role-based education, and continuous training so students, faculty, and staff understand their responsibilities and practice policies proactively. A pervasive ISC builds shared accountability, reduces human-factor breaches, and strengthens institutional resilience against evolving threats … A lack of cybersecurity training among students, faculty, and staff exacerbates vulnerabilities, making individuals more susceptible to cyberattacks. Institutions must prioritize ongoing security awareness education to mitigate human error-related risks.",5,True,"The answer reproduces the evidence nearly verbatim. It only expands 'ISC' to 'information security culture', which the context clearly supports. | The question sets out a concrete scenario and asks for a recommended approach and its benefits. It does not refer to unseen context or use undefined acronyms.",,
reliable-but-not-rigorous-evaluating-chatgpt-s:0002:q0,extra:assessment,True,,False,definition,assessment,medium,"In research on AI-based automated grading, what is meant by the 'leniency' tendency, and what unresolved question surrounds its cause?","What does the leniency tendency in AI grading systems refer to, and what remains unclear about where it comes from?","How is leniency in AI-based grading characterized, and which question about its origin has prior research often failed to settle?","Multiple studies document a consistent tendency toward leniency, in which AI systems assign higher marks and under-penalize weak submissions. Prior research often fails to differentiate whether this leniency represents an inherent model bias, a reflection of training data distributions, or limitations of rubric application.","Reliable but not rigorous: Evaluating ChatGPT's reliability, validity, and bias in automated academic grading, p. 2","Multiple studies document a consistent tendency toward leniency, wherein AI systems assign higher marks and under-penalize weak submissions (Jukiewicz, 2024; Crosthwaite & Ma, 2025). … Importantly, prior research often fails to differentiate whether this leniency represents an inherent model bias, a reflection of training data distributions, or limitations of rubric application (Lalor et al., 2024).",5,True,"Both sentences of the answer restate the evidence nearly verbatim: the definition of leniency and the three candidate causes that prior research fails to tell apart. | The question names its topic, AI-based automated grading, and refers to no unseen text, study or author.",,
reliable-but-not-rigorous-evaluating-chatgpt-s:0002:q1,extra:assessment,True,,False,explanation,assessment,medium,"Why should general claims that AI grading is effective be tempered, according to empirical evidence on AI grading performance?",Why must claims about the efficacy of AI grading be backed by task-specific evaluation rather than made generally?,"What reason is there to moderate sweeping statements that AI grading works well, based on empirical findings about how AI grading performs?","Empirical evidence indicates that AI grading performance varies by task type, discipline, and contextual alignment with assessment rubrics. This suggests that general claims of AI efficacy must be tempered by task-specific evaluation. For example, AI performs reliably in structured tasks, but its accuracy declines in open-ended or creative assignments where nuanced contextual understanding is required.","Reliable but not rigorous: Evaluating ChatGPT's reliability, validity, and bias in automated academic grading, p. 2","Empirical evidence indicates that AI grading performance varies by task type, discipline, and contextual alignment with assessment rubrics, suggesting that general claims of AI efficacy must be tempered by task-specific evaluation (Condor, 2024). … While AI performs reliably in structured tasks, its accuracy declines in openended or creative assignments, where nuanced contextual understanding is required (Lo et al., 2025).",4,True,"Every claim restates the evidence. The only addition is the 'For example' connective, which presents the Lo et al. finding as an illustration of the Condor claim. This is a minor framing link the source does not make explicitly. | The question clearly asks why general claims of AI grading effectiveness should be tempered according to empirical evidence. It does not rely on any unseen context.",,
reliable-but-not-rigorous-evaluating-chatgpt-s:0002:q2,extra:assessment,True,,False,explanation,teaching_learning,medium,"How can AI-generated feedback benefit students' learning, according to meta-analyses and work on ChatGPT-like tools?",What benefits for student learning are linked to AI-generated feedback and tools built on ChatGPT-like models?,"According to meta-analyses and research on ChatGPT-like tools, in what ways can feedback generated by AI help students learn?",Meta-analyses suggest AI-generated feedback can enhance metacognitive reflection and positive learning experiences. Tools integrating ChatGPT-like models are also linked to increased student engagement due to adaptive and immediate feedback.,"Reliable but not rigorous: Evaluating ChatGPT's reliability, validity, and bias in automated academic grading, p. 2","Meta-analyses suggest AI-generated feedback can enhance metacognitive reflection and positive learning experiences (Saini et al., 2024). Tools integrating ChatGPT-like models are also linked to increased student engagement due to adaptive and immediate feedback (Kovari, 2025).",5,True,"The answer reproduces the evidence nearly verbatim and adds no unsupported claims. | The question clearly asks about the learning benefits of AI-generated feedback as reported by meta-analyses and work on ChatGPT-like tools, without referring to unseen context.",,
reliable-but-not-rigorous-evaluating-chatgpt-s:0002:q3,extra:assessment,True,,False,explanation,assessment,medium,"What practical advantages for instructors have been attributed to AI-based grading systems, and what wider range of educational uses of large language models has been identified?","What teacher-side benefits have been credited to AI-powered grading systems, and what broader set of educational uses for large language models has been identified?","In what practical ways are AI-based grading systems said to help instructors, and what wider variety of educational uses of large language models has been recognized?","AI-based systems can reduce instructor workload, improve scoring consistency, and provide faster feedback. Foundational studies have identified over fifty educational applications of LLMs, including automated grading, feedback generation, content creation, and question detection.","Reliable but not rigorous: Evaluating ChatGPT's reliability, validity, and bias in automated academic grading, p. 2","AI-based systems can reduce instructor workload, improve scoring consistency, and provide faster feedback (Seneviratne & Manathunga, 2025). … Foundational studies have identified over fifty educational applications of LLMs, including automated grading, feedback generation, content creation, and question detection (Meyer et al., 2024).",5,True,"Every statement in the answer is taken nearly verbatim from the evidence: the workload, consistency and feedback benefits, and the over fifty LLM applications with the listed examples. | The question spells out 'large language models' and does not refer to any unseen source, so it is clear without context.",,
reliable-but-not-rigorous-evaluating-chatgpt-s:0002:q4,extra:assessment,True,,False,explanation,equity_accessibility,medium,Why do questions about the generalizability and fairness of AI grading remain unanswered in the existing research literature?,What gaps in prior studies leave the generalizability and fairness of AI grading unresolved?,"Why is it still unclear whether AI grading is generalizable and fair, given what existing studies have examined?",Few studies examine cross-disciplinary consistency or assess variability across different levels of student performance. This leaves unanswered questions about the generalizability and fairness of AI grading.,"Reliable but not rigorous: Evaluating ChatGPT's reliability, validity, and bias in automated academic grading, p. 2","Furthermore, few studies examine cross-disciplinary consistency or assess variability across different levels of student performance, leaving unanswered questions about the generalizability and fairness of AI grading (Najafi et al., 2025).",5,True,"The answer directly restates the evidence: few studies examine cross-disciplinary consistency or variability across performance levels, leaving generalizability and fairness questions unanswered. | The question is self-contained. Its mention of 'the existing research literature' is general and does not point to unseen context.",,
the-formation-of-ai-capital-in-higher-education:0012:q0,extra:leadership_strategy,True,,False,application,teaching_learning,hard,A business school lecturer is designing the strategy-focused assessment for an AI in business module. What should students be required to cover on implementation planning and on risks?,"If a lecturer is building the strategy proposal assignment for a business module on AI, which implementation and risk topics should students have to address?",What implementation-planning and risk elements should a university lecturer require in an AI strategy and implementation proposal for business students?,"Students submit a 2000-word report outlining a business function where AI could generate a competitive advantage, and develop a comprehensive implementation plan. The plan addresses AI deployment strategies, integration into existing business processes, and cloud-based versus on-premise solutions. Students also discuss potential risks, including AI security, ethical concerns and regulatory compliance, and propose strategies for effective risk mitigation.","The formation of AI Capital in higher education: Enhancing students’ academic performance and employment rates, p. 7","This assessment required students to submit a 2000-word report outlining a business function where AI could generate a competitive advantage (LO32) and to develop a comprehensive AI implementation plan. Their proposal needed to address AI deployment strategies (LO28), integration into existing business processes (LO36), and deployment considerations, such as cloud-based versus on-premise solutions (LO11, LO12). … In addition, students were expected to discuss potential risks, including AI security, ethical concerns, and regulatory compliance (LO17, LO18, LO38, LO39), and propose strategies for effective risk mitigation.",5,True,"Every element of the answer matches the evidence: the 2000-word report, the competitive-advantage function, the implementation plan with deployment strategies, integration and cloud versus on-premise, and the risks and mitigation strategies. Tense shifts are trivial. | The question describes the scenario on its own terms and does not refer to unseen context.",,
the-formation-of-ai-capital-in-higher-education:0012:q1,extra:leadership_strategy,True,,False,explanation,assessment,medium,Why does the AI model development and business application report in the AI in Business Environments module require students to discuss ethical implications and propose transparency and fairness strategies?,What is the reason the model development report in the AI in Business Environments module asks students to address ethical implications and transparency and fairness strategies?,Why are students in the AI in Business Environments module's model development report asked to discuss AI ethics and suggest ways to improve transparency and fairness?,"The report required students to interpret AI-driven insights, discuss the ethical implications of AI applications, and propose strategies to enhance model transparency and fairness. These themes reflected the module's emphasis on ethical and responsible AI.","The formation of AI Capital in higher education: Enhancing students’ academic performance and employment rates, p. 7","The report required students to interpret AI-driven insights (LO9, LO29), discuss the ethical implications of AI applications (LO13, LO14, LO15, LO16), and propose strategies to enhance model transparency and fairness (LO20). These themes reflected the module's emphasis on ethical and responsible AI.",5,True,"Both sentences of the answer are restated almost verbatim from the evidence, with only the learning-outcome codes omitted. | The question names the specific module and report by their content and does not rely on unseen context.",,
the-formation-of-ai-capital-in-higher-education:0012:q2,extra:leadership_strategy,True,,False,definition,student_ai_literacy,easy,How is AI Capital defined in the context of the AI in Business Environments module assessment?,What does AI Capital mean in the AI in Business Environments module's assessment?,"In the AI in Business Environments module, what is meant by AI Capital?","AI Capital is the combined technical proficiency and strategic insight required for responsible, value-driven AI deployment in contemporary businesses. The assessment was designed to enable students to demonstrate it.","The formation of AI Capital in higher education: Enhancing students’ academic performance and employment rates, p. 8","Ultimately, this assessment was designed to enable students to demonstrate their AI Capital, that is, the combined technical proficiency and strategic insight required for responsible, value-driven AI deployment in contemporary businesses.",5,True,"Both the definition of AI Capital and the statement that the assessment was designed to let students demonstrate it are stated directly in the evidence. | The question names the specific module (AI in Business Environments) and the concept (AI Capital), so it is understandable without seeing the source.",,
the-formation-of-ai-capital-in-higher-education:0012:q3,extra:leadership_strategy,True,,False,factual,assessment,easy,"What are the two components of the assignment in the AI in Business Environments module, and how are they weighted?","How is the AI in Business Environments module assignment split, and what weight does each part carry?","Which two parts make up the assignment of the AI in Business Environments module, and what percentage is each worth?","The assignment has two components: an AI model development and business application report worth 50%, and an AI strategy and implementation proposal worth 50%.","The formation of AI Capital in higher education: Enhancing students’ academic performance and employment rates, p. 7","The module assignment consisted of two key components: an AI model development and business application report (50 %), and an AI strategy and implementation proposal (50 %).",5,True,"The answer directly restates both components and their 50% weightings as given in the evidence. | The question names the specific module and asks clearly about the assignment components and weights, with no reference to unseen context.",,
the-formation-of-ai-capital-in-higher-education:0012:q4,extra:leadership_strategy,True,,False,factual,assessment,easy,Which performance metrics were students expected to use when evaluating their AI models in the model development report of the AI in Business Environments module?,"In the AI in Business Environments module's model development report, what metrics could students use to evaluate model performance?","In the AI in Business Environments module, which performance metrics did students have to use to evaluate their AI models in the model development report?","Students were expected to evaluate their model's performance using suitable metrics, such as accuracy, precision, recall or F1 score, as appropriate to the task.","The formation of AI Capital in higher education: Enhancing students’ academic performance and employment rates, p. 7","They were expected to prepare and clean a dataset (LO22), apply appropriate AI techniques, such as regression analysis, classification, clustering, or reinforcement learning, based on the nature of the selected business case (LO7, LO23, LO25), and evaluate their model's performance using suitable metrics (e.g. accuracy, precision, recall, or F1 score), as appropriate to the task (LO10, LO26).",5,True,"The answer restates the evidence almost word for word: suitable metrics such as accuracy, precision, recall or F1 score, as appropriate to the task. | The question names the module (AI in Business Environments) and the assignment (model development report), so it is understandable without seeing the source.",,
cecilia-ka-yuk-chan-2024-generative-ai-in:0035:q0,extra:faculty_readiness,False,"format(sentences=1,allowed=2-5)",True,explanation,faculty_readiness,medium,"In a book on generative AI in higher education and the ChatGPT effect, what does a good foundation in AI enable university teachers to do?","According to a book on generative AI in higher education and the ChatGPT effect, what can university teachers do when they have a good foundation in AI?","In a book about the ChatGPT effect and generative AI in higher education, what does a solid foundation in AI allow teachers to do?","A good foundation in AI enables teachers to employ data analysis techniques, engage with automated assessment systems, and create personalised learning experiences.","Generative AI in Higher Education: The ChatGPT Effect, p. 63","A good foundation in AI enables teachers to employ data analysis techniques, engage with automated assessment systems, and create personalised learning experiences.",5,True,"The answer restates the evidence sentence verbatim, with no added claims. | The question identifies the source by its content (a book on generative AI in higher education and the ChatGPT effect) and is clear without seeing the source.",,
cecilia-ka-yuk-chan-2024-generative-ai-in:0035:q1,extra:faculty_readiness,True,,False,factual,faculty_readiness,easy,What minimum level of proficiency in technical AI application should university teachers have?,At least what level of technical AI application proficiency is expected of university teachers?,What is the lowest level of proficiency in applying AI technically that university teachers should possess?,"University teachers should possess at least a medium level of proficiency in technical AI application. This allows them to better understand and interact with AI technologies for teaching, learning, and research.","Generative AI in Higher Education: The ChatGPT Effect, p. 62","University teachers should possess at least a

36 AI Literacy

medium level of proficiency in technical AI application, allowing them to better understand and interact with AI technologies for teaching, learning, and research.",5,True,"Both statements are taken directly from the evidence: the 'at least a medium level' requirement and its purpose of better understanding and interacting with AI for teaching, learning, and research. | The question is self-contained. It asks about the minimum proficiency university teachers should have in technical AI application, with no references to unseen context.",,
cecilia-ka-yuk-chan-2024-generative-ai-in:0035:q2,extra:faculty_readiness,True,,True,application,faculty_readiness,hard,"A university has given all staff and students foundational AI literacy covering AI concepts, applications, safety and security, and responsible usage. Why does AI literacy for university teachers need to be extended further, and what seven additional literacy aspects does the DAILM model (a model of AI literacy for university teachers) expect for them?","After providing everyone with foundational AI literacy, why should a university extend AI literacy for its teachers, and which seven extra aspects does the DAILM model of teacher AI literacy expect?","A university has already covered foundational AI literacy for all. According to the DAILM model of AI literacy for university teachers, why must teachers' literacy go further, and what seven additional aspects are expected?","AI literacy for teachers needs a further extension, given teachers' influential role in shaping both educational experiences and ethical AI discourse. Based on the DAILM model, the additional literacy aspects expected for university teachers are: (1) Pedagogical Innovation; (2) Ethical, Social, and Policy Awareness; (3) AI for Social Good; (4) Career and Industry Alignment; (5) Continuous Professional Development; (6) Research and Scholarly Engagement; and (7) Responsible AI Usage and Development.","Generative AI in Higher Education: The ChatGPT Effect, pp. 62-63","a foundational literacy in AI - covering the key areas of AI concepts, applications, affectiveness for human emotions, safety and security, and responsible usage - is vital for all individuals. … In addition, a further extension of AI literacy needs to be detailed, given teachers' influential role in shaping both educational experiences and ethical AI discourse. … Based on the DAILM model, the additional literacy aspects for university teacher are expected to be: (1) Pedagogical Innovation; (2) Ethical, Social, and Policy Awareness; (3) AI for Social Good; (4) Career and Industry Alignment; (5) Continuous Professional Development; (6) Research and Scholarly Engagement; and (7) Responsible AI Usage and Development.",5,True,"The answer restates the evidence directly: it gives the reason for the extension (teachers' influential role in educational experiences and ethical AI discourse) and lists all seven DAILM aspects verbatim. | The question sets up the scenario, defines the DAILM model by its content, and does not refer to any unseen text. Its foundational list leaves out 'affectiveness for human emotions', but that does not affect what is being asked.",,
cecilia-ka-yuk-chan-2024-generative-ai-in:0035:q3,extra:faculty_readiness,True,,False,application,faculty_readiness,hard,"A university department wants its lecturers to use automated assessment systems and build personalised learning experiences with AI. What level of technical AI proficiency should it aim for in these lecturers, and what does a good AI foundation enable them to do?","If a department wants lecturers to engage with automated assessment and personalised learning through AI, what minimum technical proficiency should it target, and what does an AI foundation make possible?","What technical AI proficiency level should lecturers reach at minimum, and what capabilities does a good AI foundation give them, for work with automated assessment and personalised learning?","University teachers should have at least a medium level of proficiency in technical AI application, so they can better understand and interact with AI technologies for teaching, learning, and research. A good foundation in AI enables teachers to employ data analysis techniques, engage with automated assessment systems, and create personalised learning experiences.","Generative AI in Higher Education: The ChatGPT Effect, pp. 62-63","University teachers should possess at least a

36 AI Literacy

medium level of proficiency in technical AI application, allowing them to better understand and interact with AI technologies for teaching, learning, and research. … A good foundation in AI enables teachers to employ data analysis techniques, engage with automated assessment systems, and create personalised learning experiences.",5,True,"Every statement in the answer is taken directly from the evidence, which says teachers need at least medium proficiency to understand and interact with AI technologies, and that a good foundation enables data analysis, automated assessment and personalised learning. | The question describes a concrete scenario and asks a clear question. It does not refer to any unseen source or context.",,
cecilia-ka-yuk-chan-2024-generative-ai-in:0035:q4,extra:faculty_readiness,True,,False,definition,student_ai_literacy,medium,"What does a foundational literacy in AI cover, and for whom is it considered vital?","Which key areas make up a foundational AI literacy, and who needs it?","What are the components of foundational AI literacy, and to whom does it apply?","A foundational literacy in AI covers the key areas of AI concepts, applications, affectiveness for human emotions, safety and security, and responsible usage. It is vital for all individuals.","Generative AI in Higher Education: The ChatGPT Effect, p. 62","a foundational literacy in AI - covering the key areas of AI concepts, applications, affectiveness for human emotions, safety and security, and responsible usage - is vital for all individuals.",5,True,"The answer restates the evidence exactly, covering the five key areas and stating that it is vital for all individuals. | The question names its subject (foundational AI literacy) directly and does not rely on any unseen context.",,
ai-enabled-assessment-in-higher-education:0000:q0,extra:assessment,True,,False,definition,student_ai_literacy,easy,"In research on AI-enabled assessment in Chinese universities, which meta-skills are universities under pressure to foster alongside integrating AI?","In studies of AI-enabled assessment at universities in China, what meta-skills are institutions pressed to cultivate in addition to integrating AI?","According to research on AI-enabled assessment in Chinese higher education, which meta-skills must universities foster while also integrating AI?","Universities are under growing pressure to integrate AI while fostering meta-skills such as adaptability, collaboration, creativity and strategic thinking.","AI-enabled assessment in higher education: Institutional culture and student meta-skill readiness across university tiers, p. 1","Universities are under growing pressure to integrate artificial intelligence (AI) while fostering meta-skills such as adaptability, collaboration, creativity and strategic thinking.",5,True,"The answer restates the evidence sentence almost verbatim, naming adaptability, collaboration, creativity and strategic thinking. Nothing is added beyond the evidence. | The question identifies its source by content (research on AI-enabled assessment in Chinese universities) and does not depend on unseen references.",,
ai-enabled-assessment-in-higher-education:0000:q1,extra:assessment,False,"format(sentences=1,allowed=2-5)",False,explanation,leadership_strategy,medium,"In a study of 1280 undergraduates at 12 Chinese higher education institutions, how did institutional culture relate to AI-based assessment practices and to students' meta-skills?",What did a study of 1280 undergraduates at 12 Chinese institutions find about institutional culture's association with AI-based assessment practices and with meta-skills?,How strongly was institutional culture associated with AI-based assessment practices compared with meta-skills among 1280 undergraduates in China?,"Institutional culture was positively associated with AI-based assessment practices (β = .49, R² = .24) and also with meta-skills, though more weakly (β = .21).","AI-enabled assessment in higher education: Institutional culture and student meta-skill readiness across university tiers, p. 1","Institutional culture was positively associated with AI-based assessment practices (β = .49, R 2 = .24) and meta-skills (β = .21) … Institutional culture was positively associated with AI-based assessment practices (β = .49, R 2 = .24) and meta-skills (β = .21)",4,True,"Both coefficients are stated in the evidence. The phrase 'though more weakly' is not stated, but it is a trivial comparison of the reported betas (.21 vs .49). | The question identifies the study by its sample (1280 undergraduates at 12 Chinese higher education institutions) and names the variables explicitly, with no reference to unseen context.",,
ai-enabled-assessment-in-higher-education:0000:q2,extra:assessment,True,,False,definition,assessment,easy,How do the findings of a study on institutional culture and AI-based assessment in Chinese universities characterize AI-enabled assessment?,"In a study of institutional culture and AI-based assessment at universities in China, how is AI-enabled assessment characterized in the findings?",What do the findings from research on institutional culture and AI-based assessment in Chinese universities say AI-enabled assessment is?,AI-enabled assessment is positioned as a culturally mediated dimension of academic management rather than a purely technical add-on.,"AI-enabled assessment in higher education: Institutional culture and student meta-skill readiness across university tiers, p. 1",These findings position AI-enabled assessment as a culturally mediated dimension of academic management rather than a purely technical add-on.,5,True,The answer restates the evidence sentence almost verbatim: AI-enabled assessment is a culturally mediated dimension of academic management rather than a purely technical add-on. | The question identifies the study by its content (institutional culture and AI-based assessment in Chinese universities) and does not rely on unseen references.,,
ai-enabled-assessment-in-higher-education:0000:q3,extra:assessment,True,,False,explanation,governance,medium,"What role did governance and ethics readiness play in the link between AI-based assessment practices and students' meta-skills, and how strong was that link?","How did governance and ethics readiness function in the connection between AI-based assessment practices and students' meta-skills, and what was the strength of that connection?","What part did governance and ethics readiness play in linking AI-based assessment practices to students' meta-skills, and how strong was this link?","AI-based assessment practices were strongly associated with meta-skills (β = .58, R² = .55). Governance and ethics readiness significantly strengthened this relationship.","AI-enabled assessment in higher education: Institutional culture and student meta-skill readiness across university tiers, p. 1","while AI-based assessment practices were strongly associated with meta-skills (β = .58, R 2 = .55) … Governance and ethics readiness significantly strengthened the AI-based assessment-meta-skills relationship",5,True,"Both statements, the strong association (β = .58, R² = .55) and the significant strengthening by governance and ethics readiness, are stated directly in the evidence. | The question names the variables involved (governance and ethics readiness, AI-based assessment practices, students' meta-skills) and uses no references to unseen context, so a reader understands what is being asked.",,
ai-enabled-assessment-in-higher-education:0000:q4,extra:assessment,True,,False,factual,leadership_strategy,easy,In which type of Chinese university was the pathway from institutional culture to AI-based assessment practice found to be stronger?,"Across university tiers in China, where was the link from institutional culture to AI-based assessment practice strongest?","Among Chinese universities, which type showed a stronger link from institutional culture to the practice of AI-based assessment?",Cross-tier comparisons showed a stronger culture-to-practice pathway in national key universities.,"AI-enabled assessment in higher education: Institutional culture and student meta-skill readiness across university tiers, p. 1",cross-tier comparisons showed a stronger culture-to-practice pathway in national key universities,5,True,The answer restates the evidence almost verbatim: cross-tier comparisons showed a stronger culture-to-practice pathway in national key universities. | The question names the setting (Chinese universities) and the relationship (institutional culture to AI-based assessment practice) without relying on unseen context.,,
artificial-intelligence-bceaf5:0124:q0,extra:procurement_technology,True,,True,definition,general,medium,"What is MOOCRev, and what challenges does it target?",How would you describe MOOCRev and the challenges it is designed to address?,"What does MOOCRev consist of, and which challenges does it target?","MOOCRev is described as a dataset of over 1,250,000 course reviews and ratings, and, to the best of its creators' knowledge, the largest publicly accessible MOOC review dataset. It targets six challenges: thorough, research-based anonymisation to ensure user privacy and data integrity, dealing with class (rating) bias, addressing language diversity and platform-specific rating systems, processing emojis and emoticons, providing text weights, and tagging the reviews with Parts of Speech (POS).","Artificial Intelligence in Education. Posters and Late Breaking Results, Workshops and Tutorials, Industry and Innovation Tracks, Practitioners, Doctoral Consortium and Blue Sky, p. 168","The dataset encompasses many review characteristics (over 1,250,000 course reviews and ratings), making it, to the best of our knowledge, the largest publicly accessible MOOC review dataset. … MOOCRev targets the following challenges (1) thorough, research-based anonymisation of the data to ensure user privacy and data integrity, (2) dealing with class (rating) bias, (3) addressing language diversity and platform-specific rating systems, (4) processing emojis and emoticons, (5) providing text weights (6) and tagging the reviews with the corresponding Parts of Speech (POS).",4,True,"The evidence describes ""the dataset"" without naming it, and the challenge list belongs to MOOCRev, so the answer infers that the two are the same. That link is implied, and everything else in the answer is close rewording of the evidence. | MOOCRev is a named dataset, and the question asks what it is and which challenges it targets without pointing to any unseen context.",,
artificial-intelligence-bceaf5:0124:q1,extra:procurement_technology,True,,False,explanation,general,medium,"Why has the potential of MOOC reviews as a source of data on learners' experiences, preferences and challenges remained largely untapped?","What explains the fact that MOOC reviews have been little exploited as data on learners' experiences, preferences and challenges?","Why is MOOC review data, despite reflecting learners' experiences, preferences and challenges, still largely unused?","MOOC reviews are a rich data source reflecting learners' experiences, preferences, and challenges. Their potential remains largely untapped because there has been no structured and comprehensive repository accessible for educational research and analysis.","Artificial Intelligence in Education. Posters and Late Breaking Results, Workshops and Tutorials, Industry and Innovation Tracks, Practitioners, Doctoral Consortium and Blue Sky, p. 169","These reviews are a rich data source, reflecting the learners' experiences, preferences, and challenges. However, the potential of this data remains largely untapped, due to the lack of a structured and comprehensive repository, accessible for educational research and analysis.",5,True,"Both statements in the answer restate the evidence directly: reviews are a rich data source, and their potential is untapped for lack of a structured, comprehensive repository accessible for research. | The question names MOOC reviews explicitly and relies on no unseen context. MOOC is a widely known term.",,
artificial-intelligence-bceaf5:0124:q2,extra:procurement_technology,True,,False,explanation,general,medium,"Why is text analytics of learner-generated text in education considered challenging, and what need do these challenges create?","What makes analysing learner-generated text in education difficult, and what need follows from these difficulties?","What makes analyzing text written by learners in educational settings difficult, and what need arises from these difficulties?","Text analytics in education is difficult because of the nature of textual data and the volume of information learners generate, the time-consuming and labour-intensive annotation of opinions, feedback and sentiments, and cultural and linguistic variations that complicate annotation and analysis. These challenges underscore the need for a generalisable, cross-platform and non-biased dataset that can be used to build reliable models in real-world applications.","Artificial Intelligence in Education. Posters and Late Breaking Results, Workshops and Tutorials, Industry and Innovation Tracks, Practitioners, Doctoral Consortium and Blue Sky, p. 169","This includes (1) the specific nature of textual data and the volume of information learners generate on online learning platforms [5], (2) annotating learners' expressed opinions, feedback and sentiments in MOOCs, which is known to be a time-consuming and labourintensive task [6, 7], and (3) the cultural and linguistic variations which can further complicate text annotations and analysis [8, 9]. … These challenges underscore the need for a generalisable cross-platform and nonbiased dataset that can be further used to build reliable models in real-world applications.",4,True,"All three challenges and the stated need come straight from the evidence, with only minor rewording. The answer also drops qualifiers such as 'on online learning platforms' and 'in MOOCs'. | The question is self-contained: it names the topic, text analytics of learner-generated text in education, without referring to any unseen source.",,
artificial-intelligence-bceaf5:0124:q3,extra:procurement_technology,True,,False,factual,privacy_security,easy,What six challenges does the MOOCRev course review repository target?,Which six challenges are addressed by the MOOCRev data repository?,What are the six issues MOOCRev is designed to deal with?,"MOOCRev targets six challenges: anonymisation of the data to ensure user privacy and data integrity, dealing with class (rating) bias, addressing language diversity and platform-specific rating systems, processing emojis and emoticons, providing text weights, and tagging reviews with Parts of Speech.","Artificial Intelligence in Education. Posters and Late Breaking Results, Workshops and Tutorials, Industry and Innovation Tracks, Practitioners, Doctoral Consortium and Blue Sky, p. 168","MOOCRev targets the following challenges (1) thorough, research-based anonymisation of the data to ensure user privacy and data integrity, (2) dealing with class (rating) bias, (3) addressing language diversity and platform-specific rating systems, (4) processing emojis and emoticons, (5) providing text weights (6) and tagging the reviews with the corresponding Parts of Speech (POS).",4,True,"The answer lists all six challenges as stated in the evidence. It only drops minor wording such as 'thorough, research-based', which is trivial. | The question names MOOCRev specifically and calls it a course review repository, so it can be understood without seeing the source.",,
artificial-intelligence-bceaf5:0124:q4,extra:procurement_technology,True,,False,definition,teaching_learning,medium,"What NLP tasks and benefits can a repository of MOOC reviews and ratings offer to researchers, educators, platform developers and future learners?","Which natural language processing tasks can be performed with a collection of MOOC reviews and ratings, and what benefits does it provide to researchers, educators, platform developers and prospective learners?","For researchers, educators, platform developers and future learners, what NLP tasks and advantages can be gained from a repository containing MOOC reviews and ratings?","The repository offers researchers, educators, and platform developers opportunities for various Natural Language Processing tasks, including learners' sentiments and feedback analysis. It also aids future learners in selecting courses aligned with their interests and learning styles based on previous learners' experiences.","Artificial Intelligence in Education. Posters and Late Breaking Results, Workshops and Tutorials, Industry and Innovation Tracks, Practitioners, Doctoral Consortium and Blue Sky, p. 168","The repository provides researchers, educators, and platform developers with invaluable opportunities for various Natural Language Processing (NLP) tasks, including learners' sentiments and feedback analysis, aiding future learners in selecting courses aligned with their interests and learning styles based on previous learners' experiences.",5,True,"The answer restates the evidence almost verbatim: NLP opportunities for researchers, educators and platform developers, sentiment and feedback analysis, and help for future learners in choosing courses. | MOOC and NLP are widely recognized terms, and the question names a generic MOOC review repository without pointing to unseen context.",,
stakeholder-engagement-and-strategic-innovation:0006:q0,extra:leadership_strategy,True,,False,factual,faculty_readiness,easy,"According to a paper on stakeholder engagement and AI competency in higher education, why do faculty emerge as pivotal stakeholders in higher education institutions?",What makes faculty pivotal stakeholders in higher education institutions in research on stakeholder engagement and AI competency?,"In work on AI competency and stakeholder engagement in universities, what is the reason faculty are described as pivotal stakeholders?","Faculty emerge as pivotal stakeholders because of their active engagement in teaching, research, and institutional responsiveness to change.","Stakeholder engagement and strategic innovation in higher education through AI competency, p. 4","Within this evolving landscape, faculty emerge as pivotal stakeholders due to their active engagement in teaching, research, and institutional responsiveness to change (Langrafe et al., 2020; Mah & Groß, 2024).",5,True,"The answer restates the evidence nearly verbatim: faculty are pivotal because of their active engagement in teaching, research, and institutional responsiveness to change. Nothing is added. | The question identifies its source by content (a paper on stakeholder engagement and AI competency in higher education) and asks a clear question without relying on unseen context.",,
stakeholder-engagement-and-strategic-innovation:0006:q1,extra:leadership_strategy,True,,False,factual,faculty_readiness,easy,What specific kinds of training are said to be required to prepare higher education faculty for artificial intelligence?,Which areas of specialized training are needed to ready university faculty for AI?,"To prepare faculty in higher education for AI, what training must be provided?","Preparing faculty requires specialized training in adaptive learning, automated assessment, and data-driven instructional design. It also requires ethical frameworks that ensure alignment with institutional values and the public interest.","Stakeholder engagement and strategic innovation in higher education through AI competency, p. 4","Addressing this challenge requires specialized training in adaptive learning, automated assessment, and data-driven instructional design, as well as ethical frameworks that ensure alignment with institutional values and the public interest (Ciarra Tejada & Parra S´anchez, 2024).",4,True,"The listed training areas and ethical frameworks match the evidence closely. The evidence refers only to 'this challenge', so linking it explicitly to preparing faculty for AI is a slight assumption. | The question names its subject (faculty preparation for AI in higher education) and does not refer to any unseen context.",,
stakeholder-engagement-and-strategic-innovation:0006:q2,extra:leadership_strategy,True,,False,factual,leadership_strategy,easy,What research gap is identified regarding faculty development as a strategic investment and as a stakeholder engagement imperative?,What gap in the research exists concerning faculty development viewed as both strategic investment and stakeholder engagement?,What gap in the existing research has been noted concerning faculty development viewed as a strategic investment and as an imperative for engaging stakeholders?,"Most studies examine these dimensions separately, even though both frameworks stress the centrality of faculty in digital and pedagogical transformation. This reveals a research gap regarding the combined analysis of faculty development as both a strategic investment and a stakeholder engagement imperative.","Stakeholder engagement and strategic innovation in higher education through AI competency, p. 4","Although both frameworks stress the centrality of faculty in ongoing digital and pedagogical transformation, most studies examine these dimensions separately. This reveals a research gap regarding the combined analysis of faculty development as both a strategic investment and a stakeholder engagement imperative.",5,True,"The answer restates the evidence nearly verbatim, and every statement is directly supported. | The question names the topic explicitly and relies on no unseen context such as 'the authors' or 'this study'.",,
stakeholder-engagement-and-strategic-innovation:0006:q3,extra:leadership_strategy,True,,False,definition,governance,medium,"What does Stakeholder Theory conceptualize organizations as, and what kind of governance does it advocate in contrast to shareholder-centric models?","How does Stakeholder Theory view organizations, and what governance does it favor over shareholder-centric models?","In Stakeholder Theory, what is an organization understood to be, and which governance approach is advocated instead of shareholder-centric models?","Stakeholder Theory conceptualizes organizations as entities embedded within complex environments composed of multiple actors with distinct interests, varying degrees of influence, and legitimate claims on organizational outcomes. In contrast to shareholder-centric models, it advocates inclusive governance that responds to the expectations of diverse stakeholders.","Stakeholder engagement and strategic innovation in higher education through AI competency, p. 4","Stakeholder Theory conceptualizes organizations as entities embedded within complex environments composed of multiple actors who possess distinct interests, varying degrees of influence, and legitimate claims on organizational outcomes (Freeman, 1984; Freeman & McVea, 2005). In contrast to shareholder-centric models, it advocates for inclusive governance that responds to the expectations of diverse stakeholders.",5,True,"The answer restates the evidence almost verbatim. Every statement, including the embedded-entity conceptualization and the inclusive-governance contrast, is directly supported. | The question names Stakeholder Theory explicitly and refers to no unseen context.",,
stakeholder-engagement-and-strategic-innovation:0006:q4,extra:leadership_strategy,True,,False,explanation,faculty_readiness,medium,Why does a lack of comprehensive frameworks for preparing faculty for AI constrain a higher education institution's responsiveness to societal needs?,How does the absence of comprehensive faculty AI-preparation frameworks limit a university's responsiveness to societal needs?,Why do gaps in frameworks to prepare faculty for AI reduce institutional responsiveness to societal needs in higher education?,"Many HEIs lack comprehensive frameworks to prepare faculty for emerging technological challenges such as AI. This gap undermines faculty's ability to integrate AI into teaching, research, and service, thereby constraining institutional responsiveness to societal needs.","Stakeholder engagement and strategic innovation in higher education through AI competency, p. 4","Despite their strategic role, many HEIs lack comprehensive frameworks to prepare faculty for emerging technological challenges such as artificial intelligence. This gap undermines their ability to integrate AI into teaching, research, and service, thereby constraining institutional responsiveness to societal needs (Sued, 2022).",4,True,"The answer closely restates the evidence. It does attribute the undermined ability to 'faculty', while the evidence's 'their' could refer to the HEIs, which is a minor interpretive choice. | The question is self-contained, uses no undefined acronyms, and refers to no unseen source.",,
ethical-and-pedagogical-implications-of-ai-in:0011:q0,extra:assessment,True,,False,explanation,assessment,medium,Why did educators at Ha'il University say AI-based plagiarism detectors should be used to check student assignments?,What reason did Ha'il University educators give for checking student assignments with AI-based plagiarism detectors?,What reason did educators at Ha'il University give for recommending that student assignments be checked with AI-based plagiarism detectors?,"Educators reported that, to use AI ethically, students' assignments need to be checked using AI-based plagiarism detectors. They said this prevents students from depending completely on AI to do their assignments.","Ethical and pedagogical implications of AI in language education: An empirical study at Ha'il University, p. 5","To use AI ethically, educators reported the need to check students' assignments using AI-based plagiarism detectors. This prevents students from completely depending on AI to do their assignments.",4,True,"The answer closely restates the evidence. It slightly attributes the 'prevents dependence' claim to the educators ('They said'), whereas the evidence states it without clear attribution. | The question names the institution and the practice explicitly. It has no references to unseen context.",,
ethical-and-pedagogical-implications-of-ai-in:0011:q1,extra:assessment,True,,True,definition,student_ai_literacy,easy,"In the Ha'il University study of AI in language education, what did teachers emphasize regarding students and AI use?",What did teachers in the Ha'il University study of AI in language education stress about students and the use of AI?,"In the Ha'il University study of AI in language education, what did teachers highlight as necessary concerning students and AI?",Teachers emphasized the necessity of training students to use AI.,"Ethical and pedagogical implications of AI in language education: An empirical study at Ha'il University, p. 5",They emphasized the necessity of training students to use AI.,4,True,"The answer restates the evidence almost verbatim. The evidence says 'They' rather than naming teachers, so attributing the statement to teachers relies on the question's context. | The question names the study (Ha'il University, AI in language education) and the actor (teachers) and has no unexplained references.",,
ethical-and-pedagogical-implications-of-ai-in:0011:q2,extra:assessment,True,,True,definition,governance,easy,"According to teachers reporting on ethical use of AI in EFL education, what did they say is important to do in order to ensure that AI is used ethically?",What did EFL teachers report as important for ensuring ethical use of AI?,"In discussions of the ethical use of AI in EFL education, what did teachers identify as important for making sure AI is used ethically?","Teachers reported that, to ensure ethical use of AI, it is important to regulate the learning environment.","Ethical and pedagogical implications of AI in language education: An empirical study at Ha'il University, p. 5","Teachers also reported that to ensure ethical use of AI, it is important to regulate the learning environment.",5,True,"The answer restates the evidence almost verbatim: teachers reported that regulating the learning environment is important to ensure ethical AI use. No unsupported statements. | The question names a clear context, teachers reporting on ethical AI use in English as a Foreign Language education, and asks a clear question. EFL is a widely recognized field acronym.",,
ethical-and-pedagogical-implications-of-ai-in:0011:q3,extra:assessment,True,,False,factual,teaching_learning,easy,What did Kim et al. (2022) argue that integrating AI in education should be based on?,"According to Kim et al. (2022), what should the integration of AI in education rest on?",What curriculum foundation did Kim et al. (2022) say AI integration in education requires?,"Kim et al. (2022) argued that integrating AI in education should be based on designing a curriculum built on ethical instruction, interdisciplinary learning and capacity building.","Ethical and pedagogical implications of AI in language education: An empirical study at Ha'il University, p. 5","This finding aligns with Kim et al. (2022) who pointed out that integrating AI in education should be based on designing a curriculum built on ethical instruction, interdisciplinary learning and capacity building.",5,True,"The answer directly restates the evidence, using 'argued' in place of 'pointed out', and adds no unsupported content. | The question names the specific study (Kim et al., 2022) and its topic, so it is understandable without the source.",,
ethical-and-pedagogical-implications-of-ai-in:0011:q4,extra:assessment,True,,True,application,assessment,hard,"A university language department worries that students may misuse AI on assessments. What exam arrangement did a Ha'il University teacher suggest to support ethical AI use, and what do other studies report about grading when AI is implemented?","A language department at a university is concerned about student misuse of AI in assessments. Which exam arrangement did a Ha'il University teacher propose for ethical AI use, and what do other studies report about grading when AI is implemented?","If a university language department fears AI misuse in assessments, what exam setup did a Ha'il University teacher suggest to support ethical AI use, and what do other studies say about grading once AI is implemented?","One Ha'il University teacher suggested that exams be conducted only in person, or at least on the university campus supervised by a member of staff. Several studies (Chen et al., 2020; Crogman et al., 2023; Ndukwe et al., 2019) reported the necessity of reformulating the system of grading when AI is implemented.","Ethical and pedagogical implications of AI in language education: An empirical study at Ha'il University, p. 5","Teacher 4 added, ""exams only conducted in person, or at least in the university campus supervised by member of staff."" … This solution is confirmed by many studies (Chen et al., 2020; Crogman et al., 2023; Ndukwe et al., 2019) that reported the necessity to reformulating the system of grading when AI is implemented.",4,True,"The exam arrangement and the cited studies on reformulating grading match the evidence nearly verbatim. However, the evidence only says 'Teacher 4' and never mentions Ha'il University, so that affiliation is not shown in the quote. | The question names Ha'il University and describes the scenario and what it asks without referring to unseen context.",,
higher-education-in-arab:0053:q0,extra:faculty_readiness,False,"format(sentences=1,allowed=2-5)",True,application,faculty_readiness,hard,"A university in an Arab state is reviewing findings from the Digital Education Council Global AI Faculty Survey 2025 on faculty and AI in teaching. Which three items, with percentages, are listed as limited time or resources, inadequate understanding of AI in teaching, and concern about negative impacts?","A university in an Arab state is looking at the 2025 Digital Education Council Global AI Faculty Survey. What percentages are reported for limited time or resources to explore AI, inadequate understanding about how to use AI in teaching, and concern about potential negative impacts?","Using the Digital Education Council Global AI Faculty Survey 2025, which percentages does an Arab-state university find for limited time or resources, inadequate understanding of how to use AI in teaching, and concern about negative impacts?","The survey lists limited time or resources to explore AI at 40%, inadequate understanding about how to use AI in teaching at 38%, and concern about potential negative impacts at 32%.","Higher Education in the Arab World, p. 97","Limited time or resources to explore AI (40%)

Inadequate understanding about how to use AI in teaching (38%)

Concern about potential negative impacts (32%)",5,True,"All three items and their percentages (40%, 38%, 32%) are stated directly in the evidence. The answer adds no extra claims. | The question names the specific survey and the three items, so it is understandable without the source, despite the extraneous Arab-state framing.",,
higher-education-in-arab:0053:q1,extra:faculty_readiness,True,,True,explanation,faculty_readiness,medium,"In a faculty survey on AI in higher education, what percentage of faculty did not find their institutional AI guidelines comprehensive, and what percentage believed their institutions had provided sufficient resources to develop faculty AI literacy?","What share of surveyed faculty said their institution's AI guidelines were not comprehensive, and what share felt their institution had given enough resources to build faculty AI literacy?","In a survey of faculty regarding AI, how many percent found institutional AI guidelines non-comprehensive, and how many percent thought sufficient resources for developing faculty AI literacy had been provided?",80% of faculty do not find their institutional AI guidelines comprehensive. Only 22% believe that their institutions have provided sufficient resources to develop faculty AI literacy.,"Higher Education in the Arab World, p. 98",80% of faculty do not find their institutional AI guidelines comprehensive; only 22% believe that their institutions have provided sufficient resources to develop faculty AI literacy,5,True,"Both figures, 80% and 22%, are stated directly in the evidence with essentially identical wording. | The question describes the survey by its content (a faculty survey on AI in higher education) and contains no references to unseen context.",,
higher-education-in-arab:0053:q2,extra:faculty_readiness,True,,True,factual,faculty_readiness,easy,"In the Digital Education Council Global AI Faculty Survey 2025, what percentage of faculty see AI as an opportunity in education?",What share of faculty in the 2025 Digital Education Council Global AI Faculty Survey view AI as an educational opportunity?,"According to the Digital Education Council Global AI Faculty Survey 2025, what proportion of faculty regard AI as an opportunity in education?",65% of faculty see AI as an opportunity in education.,"Higher Education in the Arab World, p. 97",65% of faculty see AI as an opportunity in education,5,True,"The answer restates the evidence verbatim: 65% of faculty see AI as an opportunity in education. | The question names the specific survey and asks for a clear statistic, with no reference to unseen context.",,
higher-education-in-arab:0053:q3,extra:faculty_readiness,True,,False,factual,faculty_readiness,easy,What AI literacy levels did faculty report in the 2025 Digital Education Council survey regarding beginners and advanced experts?,"In the Digital Education Council Global AI Faculty Survey 2025, what proportion of faculty reported no understanding or beginner AI literacy, and what proportion reported advanced proficiency?","How did faculty rate their own AI literacy in the 2025 Digital Education Council survey, at the beginner and expert ends?","In the 2025 survey, 40% of faculty reported having no understanding of AI or being beginners in developing AI literacy and skills. Only 17% indicated having advanced AI proficiency or being experts.","Higher Education in the Arab World, p. 97",40%of faculty reportedhavingnounderstandingor beingbeginners indeveloping AI literacy and skills; only 17% indicated having advanced AI proficiency or being experts,4,True,"The figures match the evidence. The evidence excerpt does not mention 'the 2025 survey', but that comes from the question's framing, so this is only minor contextual rewording. | The question names the specific survey (Digital Education Council, 2025) and the categories it asks about, with no references to unseen context.",,
higher-education-in-arab:0053:q4,extra:faculty_readiness,True,,False,factual,leadership_strategy,easy,What steps are recommended for Arab countries with limited resources and inadequate understanding of AI in teaching?,Which actions should some resource-limited Arab countries take when their understanding of AI in teaching is inadequate?,What recommendations are given to Arab countries that have limited resources and lack understanding of AI use in teaching?,"Such countries should invest in AI, establish public-private partnerships for AI regulation, and reskill and upskill their workforces. They should also collaborate with other Arab countries for mutual support.","Higher Education in the Arab World, p. 97","Invest in AI

Establish public-private partnerships for AI regulation

Reskill and upskill their workforces

Collaborate with other Arab countries for mutual support.",4,True,"All four steps in the answer appear directly in the evidence and are only trivially reworded. The evidence itself does not mention resource-limited countries or inadequate understanding of AI, but the answer adds no new claim about that context. | The question names its subject, Arab countries with limited resources and inadequate understanding of AI in teaching, and does not depend on unseen context.",,
daniel-araya-peter-2023-augmented-education-in:0075:q0,extra:procurement_technology,True,,False,application,student_ai_literacy,hard,"A university wants to identify students at risk of dropping out without relying only on grades. What data sources could it combine, and what could it then do?","Which disparate data sources could an institution combine beyond grades to spot at-risk students, and what can it do afterward?","If a university wants to find at-risk students using more than grades, what data can it draw together and what action can follow?","An institution can use disparate data sources such as grades, timing of assignment submissions, Wi-Fi usage and use of university resources like the library and canteens. With these it can identify students at risk and provide suitable interventions.","Augmented Education in the Global Age: Artificial Intelligence and the Future of Learning and Work, p. 146","Using disparate data sources, such as grades, timing of assignment submissions, as well as Wi-Fi usage and use of university resources (library, canteens, etc.), an institution can identify students at risk and provide suitable interventions.",5,True,"Every statement in the answer restates the evidence directly: grades, assignment submission timing, Wi-Fi usage and library/canteen use, followed by identifying at-risk students and providing interventions. | The question describes a concrete scenario and does not refer to unseen context or undefined terms.",,
daniel-araya-peter-2023-augmented-education-in:0075:q1,extra:procurement_technology,True,,False,application,teaching_learning,hard,"A university's student services office wants to use its existing CRM to improve enrollment and reduce melt. What approach does nudging offer, and how does the Discourse Analytics platform build on existing university data to personalize it?","How could a university use nudging through its existing CRM to support enrollment and melt reduction, and how does Discourse Analytics use existing platform data to personalize nudges?","A university wants to act on enrollment and melt through its CRM: what does nudging provide, and how does Discourse Analytics use existing data to individualize it?","Nudging provides appropriately modulated messages via existing communication channels such as student CRM, at the right time, to achieve outcomes such as enrollment, recruitment, melt, financial aid and student success. Discourse Analytics leverages existing data from platforms like SIS, LMS, ERP and CRM to build individualized learner profiles focused on noncognitive aspects such as financial comfort, self-awareness, resilience and curiosity. These are clustered with a patented Think-Alike Clustering algorithm.","Augmented Education in the Global Age: Artificial Intelligence and the Future of Learning and Work, p. 146","Nudging provides appropriately modulated messages via existing communication channels (e.g., student Customer Relationship Management: CRM), at the right time to achieve specific student outcomes such as enrollment, recruitment, melt, financial aid, and student success. … By leveraging existing data from across university software platforms (Student Information System (SIS), Learning Management System (LMS), Enterprise Resource Planning system (ERP), CRM, etc.) the platform builds individualized learner profiles that focus on noncognitive aspects of the learner (financial comfort, self-awareness, resilience, curiosity) that are then clustered using a patented Think-Alike Clustering algorithm.",4,True,"Every statement closely restates the evidence. The only gap is that the quoted evidence calls it ""the platform"" rather than naming Discourse Analytics, so that attribution is implied, not stated. | The question names the platform and the scenario explicitly. It does not rely on unseen context; CRM is a widely known acronym.",,
daniel-araya-peter-2023-augmented-education-in:0075:q2,extra:procurement_technology,True,,False,explanation,procurement_technology,medium,"Why have chat bots been used as first-level assistants for students, and how can they get better over time?","Why are chat bots deployed as first-level student assistants, and how do they progressively improve?","For what reason are chat bots deployed as a first line of support for students, and how are they able to improve as time goes on?",Chat bots are used as 24x7 available first-level assistants. They can progressively get better at addressing end-user questions by enriching the Q+A database and through improvements in conversational AI.,"Augmented Education in the Global Age: Artificial Intelligence and the Future of Learning and Work, p. 147","Chat bots are therefore being used as 24 × 7 available first-level assistants that can progressively get better at addressing enduser questions, by enriching the Q+A database and through improvements in conversational AI",5,True,The answer closely restates the evidence sentence: 24x7 first-level assistants that improve by enriching the Q+A database and through advances in conversational AI. It adds no extra claims. | The question is self-contained and uses no references to an unseen source or undefined terms.,,
daniel-araya-peter-2023-augmented-education-in:0075:q3,extra:procurement_technology,True,,False,explanation,leadership_strategy,medium,"Why did AIR, EDUCAUSE and NACUBO say data should be treated as a strategic institutional asset?","What reasoning did AIR, EDUCAUSE and NACUBO give for treating data as a strategic asset of institutions?","Why do AIR, EDUCAUSE and NACUBO jointly consider institutional data a strategic asset?","They stated a strong belief that using data to better understand students and operations paves the way to innovative approaches for improved student recruiting, better student outcomes, greater institutional efficiency and cost-containment. On that basis they said data are an institutional strategic asset and should be used as such.","Augmented Education in the Global Age: Artificial Intelligence and the Future of Learning and Work, p. 146","We strongly believe that using data to better understand our students and our own operations paves the way to developing new, innovative approaches for improved student recruiting, better student outcomes, greater institutional efficiency, and cost-containment, and much more. Data are an institutional strategic asset and should be used as such.",4,True,"The answer closely restates the evidence. It adds the connective 'on that basis' and drops 'and much more'. The quoted passage itself does not name AIR, EDUCAUSE or NACUBO as the speakers. | The question names specific organizations by their widely used acronyms and asks about a clear claim. It does not refer to unseen context.",,
daniel-araya-peter-2023-augmented-education-in:0075:q4,extra:procurement_technology,True,,False,factual,monitoring_improvement,easy,"What results does Discourse Analytics report for its nudging platform in terms of retention, enrollment yield and mastery?","What outcome figures does Discourse Analytics claim for retention, enrollment yield and mastery?","What retention lift, enrollment yield increase and mastery acceleration does the Discourse Analytics nudging platform report?","Discourse Analytics reports a retention lift of 22%, an increase in enrollment yield of 63%, and acceleration of mastery by 25%.","Augmented Education in the Global Age: Artificial Intelligence and the Future of Learning and Work, p. 146","The results transform outcomes and include retention lift of 22%, increase in enrollment yield of 63%, and accelerating mastery by 25%.",4,True,"The figures (22% retention lift, 63% enrollment yield increase, 25% mastery acceleration) match the evidence. The quoted excerpt does not itself name Discourse Analytics or a nudging platform, but the attribution is presumably established by surrounding context, so the answer amounts to minor rewording. | The question names Discourse Analytics and its nudging platform explicitly and does not refer to any unseen text.",,
