qa_id,origin,passed_filters,reject_reason,repaired,q_type,dimension,difficulty,question,paraphrase_1,paraphrase_2,answer,citation,evidence,grounding,standalone,value,judge_rationale,human_verdict,human_notes
budd-l-hall-rajesh-2021-socially-responsible:0027:q0,pilot,True,,False,application,equity_accessibility,hard,"A ministry of education in Argentina wants to improve inclusion in universities and notes that enrollment has grown steadily. Which inclusion policies has Argentina relied on, and what problem persists among lower-income young people?","An Argentine education ministry sees steadily rising university enrollment and wants greater inclusion. What main inclusion policies has the country used, and what difficulty remains for young people from lower-income backgrounds?","Suppose Argentine policymakers review university inclusion after years of enrollment growth. Which policies have been the main inclusion tools, and what issue still affects lower-income youth?","Argentina's main inclusion policies in university education have been territorial expansion of offerings and sustained enrollment growth, along with some scholarship and tutoring programmes. Even so, dropout remains high, particularly among young people from lower-income socioeconomic sectors.","Socially Responsible Higher Education, p. 50","One of the main policies of inclusion in the Argentine university system has been the territorial expansion of offerings and the sustained increase in enrollment, along with some scholarship and tutoring programmes for courses. … However, as García de Fanelli (2014, p. 290) points out, levels of abandonment are high, particularly for young people from lower-income socioeconomic sectors, given that ""[higher education] is associated with the cultural capital of the family and with the possibilities of young people having access to quality high school education"".",4,True,3,"Every claim in the answer matches the evidence: territorial expansion, enrollment growth, scholarships and tutoring, and high dropout among lower-income youth. 'Dropout' is only a trivial rewording of 'abandonment'. | The question sets up its own scenario and names Argentina directly, with no reference to an unseen source. | value: Higher education inclusion policy is relevant context, but the pair covers one country only and is not about AI.",,
budd-l-hall-rajesh-2021-socially-responsible:0027:q1,pilot,True,,False,explanation,equity_accessibility,medium,Why does dropout from Argentine higher education remain high among young people from lower-income sectors?,Why do lower-income young people in Argentina continue to drop out of higher education at high levels?,What accounts for the continued high dropout rates in Argentine higher education among young people from lower-income sectors?,"According to García de Fanelli, higher education is associated with the cultural capital of the family and with the possibilities of young people having access to quality high school education. Because of this, levels of abandonment are high, particularly for young people from lower-income socioeconomic sectors.","Socially Responsible Higher Education, p. 50","However, as García de Fanelli (2014, p. 290) points out, levels of abandonment are high, particularly for young people from lower-income socioeconomic sectors, given that ""[higher education] is associated with the cultural capital of the family and with the possibilities of young people having access to quality high school education"".",5,True,3,The answer directly restates the evidence's causal explanation (family cultural capital and access to quality high school education) and attributes it to García de Fanelli. | The question is self-contained and clearly asks about the causes of dropout among lower-income youth in Argentine higher education. | value: It concerns the institutional equity context of higher education but is narrow and not about AI.,,
budd-l-hall-rajesh-2021-socially-responsible:0027:q2,pilot,True,,False,explanation,equity_accessibility,medium,Why do Brazilian higher education institutions differ so much and why do the students who access them face unequal conditions?,What historical factor made Brazil's higher education institutions complex and heterogeneous and its students unequal?,How did Brazil's historical formation lead to institutional heterogeneity and unequal student access in higher education?,"The historical evolution of Brazil's national higher education system was marked by structuring inequalities in the country's economic, social and cultural formation. These inequalities were decisive in the complexity and heterogeneity of institutions and in the inequality of the students who accessed that level of schooling.","Socially Responsible Higher Education, p. 50","Higher education in Brazil began late, compared to other Latin American countries. The establishment of the first university, the University of Brazil, dates back to 1920. The historical evolution of the national system of higher education was marked by the structuring inequalities in Brazil's economic, social and cultural formation, which were decisive in the complexity and heterogeneity of institutions and in the inequality of the students who accessed that level of schooling.",5,True,3,"Both sentences of the answer directly restate the evidence's claim that structuring inequalities in Brazil's economic, social and cultural formation shaped institutional heterogeneity and student inequality. | The question names Brazil and higher education explicitly and does not refer to any unseen source. | value: This is institutional context for higher education, but it is narrow and not specifically about AI.",,
budd-l-hall-rajesh-2021-socially-responsible:0027:q3,pilot,True,,False,definition,general,easy,How are Brazilian higher education institutions divided between public and private types?,What are the categories of public and private higher education institutions in Brazil?,"In Brazil, how is the higher education sector split between public and private institutions?","Public institutions (federal, state or municipal) belong to the state, and registration in them is free of charge, as determined by the Federal Constitution of 1988. Private institutions may be for-profit or non-profit, or even denominational.","Socially Responsible Higher Education, p. 50","Public institutions (federal, state or municipal) belong to the state, and registrations to it are free of charge, as determined in the Federal Constitution of 1988, while private institutions may be for-profit or non-profit (or even denominational).",5,True,3,"Every statement in the answer is directly stated in the evidence: public types, free enrollment under the 1988 Constitution, and the private for-profit, non-profit and denominational types. | The question names Brazil and the topic explicitly and does not depend on any unseen source. | value: This is institutional context relevant to higher education, but it is narrow and not about AI.",,
budd-l-hall-rajesh-2021-socially-responsible:0027:q4,pilot,False,low_value(2),False,definition,general,medium,"What does a net enrollment rate of 19.7% mean in the Argentine university system, and how many students does the system enroll?","In Argentina's university system, what population does the 19.7% net enrollment rate refer to, and what is the total enrollment?","What is represented by Argentina's 19.7% net enrollment rate, and how many students make up the system?","The Argentine university system brings together 2,164,500 students, 93% of them undergraduates and about 80% in state-run institutions. This number of registered students represents a net enrollment rate of 19.7% for the population of young people aged 18 to 24.","Socially Responsible Higher Education, p. 50","Considering the population, the Argentine university system brings together 2,164,500 students, of which 93% are undergraduate students, and about 80% are in state-run institutions (national or provincial). The number of registered students represents a net enrollment rate of 19.7% for the population of young people aged 18 to 24 years old (DIU, 2019).",5,True,2,"Every statement in the answer is directly restated from the evidence: the 2,164,500 students, 93% undergraduate, about 80% in state institutions, and the 19.7% net enrollment for ages 18-24. | The question names Argentina and the specific statistic, so it is understandable without seeing the source. | value: These are narrow descriptive statistics about one country's sample, with little conceptual value for responsible AI in higher education.",,
budd-l-hall-rajesh-2021-socially-responsible:0120:q0,pilot,False,low_value(2),False,application,teaching_learning,hard,"A Peruvian law school makes its legal clinic a compulsory course placed late in the degree, when students have often already chosen a specialisation and hold another internship. What problems can arise from this design?","If a law school in Peru requires all students to take a clinic near the end of their studies, when many already specialise elsewhere and work in other internships, what difficulties might follow?","What issues can a compulsory, late-stage legal clinic cause at a Peruvian law school whose students already have a specialisation and another internship?","Almost all Peruvian law schools place clinical education near the end of studies, and 15 of 31 make clinics compulsory. While this theoretically allows better service and more student engagement, the model does not seem to take students' context into account. By then students may already have chosen to specialise in a different area of law and are probably occupied with a dissimilar internship. These factors may severely hinder the quality of service provided to users and the number of cases taken on.","Socially Responsible Higher Education, p. 222","Second, we found that almost all universities have chosen to implement legal clinical education towards the end of a student's education, often requiring them to have passed a certain set of classes (usually related to procedural law) in order to participate. … Third, out of the 31 universities, 15 stated that clinics are a compulsory course. While this theoretically allows for better service and more student engagement, the model does not seem to take into account the students' context. By the time students take a clinical class, they may already have chosen to specialise in a different area of the law and are probably occupied with another dissimilar internship. These factors may severely hinder the quality of service provided to users and the number of cases taken on.",5,True,2,"Every statement in the answer, including the 15 of 31 figure and the late placement of clinics, is directly stated in the evidence. | The question describes the scenario fully and does not rely on any reference to an unseen source. | value: The pair concerns legal clinic course design in Peru, which is unrelated to AI or responsible AI in higher education and is narrow institutional detail.",,
budd-l-hall-rajesh-2021-socially-responsible:0120:q1,pilot,False,low_value(2),False,factual,general,easy,How many of 31 surveyed Peruvian law schools have implemented public interest clinics rather than free legal aid clinics?,"Out of 31 Peruvian law schools surveyed, how many run public interest clinics?",How many of the 31 Peruvian law schools surveyed have set up public interest clinics instead of free legal aid clinics?,"Only 3 of the 31 institutions surveyed have implemented public interest clinics, while the remainder have opted for free legal aid clinics.","Socially Responsible Higher Education, p. 222","First, it is interesting to note that of the 31 institutions surveyed, only 3 have implemented public interest clinics, while the remainder have opted for free legal aid clinics. The latter often function as alternatives to internships, where students can get educational credit and recognition for internship work (27 institutions).",5,True,2,"The answer directly restates the evidence: 3 of the 31 surveyed institutions have public interest clinics and the remainder have free legal aid clinics. | The question names the survey by its content (31 Peruvian law schools) and needs no unseen context. | value: This is a narrow survey statistic about Peruvian law clinics, unrelated to responsible AI.",,
budd-l-hall-rajesh-2021-socially-responsible:0120:q2,pilot,False,low_value(2),False,definition,teaching_learning,easy,"In Peruvian law schools, what function do free legal aid clinics often serve for students?",What role do free legal aid clinics often play for students at Peruvian law schools?,How do Peruvian law students often use free legal aid clinics in relation to internships?,"Free legal aid clinics often function as alternatives to internships, where students can get educational credit and recognition for internship work. This was the case in 27 institutions.","Socially Responsible Higher Education, p. 222","First, it is interesting to note that of the 31 institutions surveyed, only 3 have implemented public interest clinics, while the remainder have opted for free legal aid clinics. The latter often function as alternatives to internships, where students can get educational credit and recognition for internship work (27 institutions).",5,True,2,"Every statement in the answer is directly stated in the evidence. This includes the alternative-to-internship function, the educational credit and recognition, and the figure of 27 institutions. | The question names its context (Peruvian law schools, free legal aid clinics) and does not rely on any unseen source. | value: This is a narrow detail about Peruvian legal clinical education, with no connection to AI or responsible AI.",,
budd-l-hall-rajesh-2021-socially-responsible:0120:q3,pilot,False,low_value(2),False,definition,general,medium,"How are free legal aid clinics and public interest clinics distributed across Peruvian universities, and why might public interest clinics be concentrated where they are?","Where are free legal aid clinics and public interest clinics located among Peruvian universities, and what might explain the concentration of public interest clinics?","What is the geographic and public-private distribution of the two clinic types in Peru, and what possible reason is given for where public interest clinics are found?","Free legal aid clinics are evenly distributed in public and private universities throughout the country. Public interest clinics are concentrated in three private universities in Lima, the capital. This could be because there are only few dedicated public interest lawyers in Peru, and the Supreme Court and Constitutional Court are both in Lima.","Socially Responsible Higher Education, p. 222","The research shows that free legal aid clinics are evenly distributed in public and private universities throughout the country, while public interest clinics are concentrated in three private universities in Lima, Peru's capital. This could be because there only few dedicated public interest lawyers in Peru, and the high courts of Peru (Supreme Court and Constitutional Court) are both in Lima.",5,True,2,"Every statement in the answer is directly stated in the evidence, with only trivial rewording. | The question names the clinic types and the country explicitly and does not refer to any unseen source. | value: Clinic distribution in Peruvian law schools is narrow, region-specific higher-education detail unrelated to AI.",,
budd-l-hall-rajesh-2021-socially-responsible:0120:q4,pilot,False,not_standalone(judge);low_value(2),False,factual,general,easy,"Which areas of law do Peruvian free legal aid clinics cover most, and how many of 31 clinics deal with civil law?","Among 31 Peruvian free legal aid clinics, which legal areas are most common, and how many handle civil law cases?","What areas of law do most Peruvian free legal aid clinics serve, and how many of the 31 take civil law cases?","Of the 31 clinics, 24 provided services in family law and 16 provided representation in criminal law cases. Only 15 indicated that they deal with civil law cases, an unusual number given that civil law is the most common area of practice in Peru.","Socially Responsible Higher Education, p. 223","Out of the 31 clinics, 24 free legal aid clinics provided services in family law and 16 provided representation in criminal law cases. Surprisingly, only 15 of the clinics indicated that they deal with civil law cases - an unusual number given that civil law is the most common area of practice in Peru.",5,False,2,"Every figure and the remark about civil law being Peru's most common area of practice are stated directly in the evidence. | The question refers to a specific sample of 31 clinics without naming the survey or study it comes from, so it presupposes unseen context. | value: These are sample-specific survey counts about Peruvian legal aid clinics, unrelated to responsible AI.",,
budd-l-hall-rajesh-2021-socially-responsible:0118:q0,pilot,True,,False,factual,governance,easy,What does Article 130 of Peru's Law 30220 require every university to create?,"Under Article 130 of Peru's Law 30220, what programme must each university set up?",Which programme does Article 130 of Peruvian Law 30220 oblige all universities to implement?,"Article 130 obliges every Peruvian university to create a University Social Service Programme (Programa de Servicio Social Universitario). Through it, students apply knowledge in a way that improves the quality of life of people in traditionally marginalised groups.","Socially Responsible Higher Education, p. 220","Article 130 establishes the obligation to implement SRHEI. Per this article, every university should create a Programa de Servicio Social Universitario (University Social Service Programme), through which students apply knowledge in a way that improves the quality of life of people in traditionally marginalised groups.",4,True,3,"The answer restates the evidence closely; 'obliges' slightly strengthens the evidence's 'should', which is trivial given the article establishes an obligation. | The question names the specific law and article and does not rely on unseen context. | value: This is a narrow, country-specific legal detail about university social responsibility, not about AI directly.",,
budd-l-hall-rajesh-2021-socially-responsible:0118:q1,pilot,False,low_value(2),False,factual,monitoring_improvement,easy,"According to a 2017 ENARSU Network study of 50 Peruvian universities, what share considered social responsibility in higher education a central pillar of their institution?","In the 2017 ENARSU Network survey of 50 Peruvian universities, what percentage treated social responsibility in higher education as a central pillar?",What proportion of the 50 Peruvian universities surveyed by the ENARSU Network in 2017 regarded social responsibility in higher education as a central institutional pillar?,Only 43% of the 50 universities surveyed considered social responsibility in higher education a central pillar in their institution. The same report found that only 36% were incorporating it into curriculums and campus life.,"Socially Responsible Higher Education, p. 220","In line with this finding, a 2017 study by Peru's ENARSU Network (Network of the National Meeting on Social Responsibility in Higher Education) found that only 43% of the 50 universities surveyed considered SRHEI as a central pillar in their institution (Stojnic Chávez & Jungbluth Melgar, 2017, p. 4). This last report also found that only 36% of universities studied were incorporating SRHEI into curriculums and campus life (Stojnic Chávez & Jungbluth Melgar, 2017, pp. 5-6).",5,True,2,"Both the 43% figure and the 36% curriculum and campus-life figure are directly stated in the evidence. | The question names the specific study by year, network and sample, so it is clear without the source; ENARSU works as a proper name. | value: A single regional survey statistic on university social responsibility, only tangentially about AI in higher education.",,
budd-l-hall-rajesh-2021-socially-responsible:0118:q2,pilot,True,,True,factual,leadership_strategy,easy,What did a 2018 study by the Latin American Social Responsibility in Higher Education Union (URSULA) find about how Peruvian universities executed socially responsible initiatives?,What were the findings of the 2018 Latin American Social Responsibility in Higher Education Union (URSULA) study on Peruvian universities' execution of socially responsible initiatives?,What was the finding of the Latin American Social Responsibility in Higher Education Union (URSULA) in its 2018 study regarding the way Peruvian universities carried out socially responsible initiatives?,"A 2018 study by the Latin American Social Responsibility in Higher Education Union (URSULA) found that all 18 Peruvian universities surveyed had difficulty executing socially responsible initiatives, with results below the regional average.","Socially Responsible Higher Education, p. 220","In fact, a 2018 study by Unión de Responsabilidad Social Universitaria Latinoamericana - URSULA (Latin American Social Responsibility in Higher Education Union) found that all 18 Peruvian universities surveyed had difficulty in executing socially responsible initiatives, with results below the regional average (p. 17).",5,True,3,"The answer restates the evidence exactly: all 18 Peruvian universities surveyed had difficulty, with results below the regional average. | The question names the specific study and organization by its content, so it is clear without the source. | value: It is a narrow, region-specific finding about university social responsibility and is only tangentially about AI.",,
budd-l-hall-rajesh-2021-socially-responsible:0118:q3,pilot,True,,True,application,governance,hard,"A Peruvian university plans to meet its legal duties under Law 30220 only by managing the impact of its operations, as in Article 124. Would this satisfy the Act, given the principles and obligations in Articles 5, 6 and 130?","If a university in Peru focuses strictly on impact management under Article 124 of Law 30220, would that comply with the Act's principles and obligations in Articles 5, 6 and 130?","Would a Peruvian university that relies solely on managing its impact per Article 124 of Law 30220 be compliant, considering Articles 5, 6 and 130?","Scholars analysing Law 30220 posit that the Act obliges all universities to construct all their programmes with a social responsibility component. They argue that a university focusing strictly on managing impact, as per Article 124 read on its own, would not be compliant with the principles and obligations set out in Articles 5, 6 and 130. Articles 5 and 6 make pluralism, inclusion, intercultural dialogue and commitment to the country's development guiding principles, and Article 130 obliges every university to create a University Social Service Programme.","Socially Responsible Higher Education, pp. 219-220","Taking the values set out in Articles 5 and 6 as a starting point, we posit that the Act in fact obliges all universities to construct all their programmes with a social responsibility component. This because if a university were to focus strictly on managing impact, as per article 124 of the Act read on its own, it would not be compliant of the principles and obligations set out in Articles 5, 6 and 130. … Articles 5 and 6 establish that pluralism, inclusion, intercultural dialogue and commitment to the country's development are the guiding principles of higher education, and universities should strive to interact with the community and engage in socially relevant teaching and research. … Article 130 establishes the obligation to implement SRHEI. Per this article, every university should create a Programa de Servicio Social Universitario (University Social Service Programme), through which students apply knowledge in a way that improves the quality of life of people in traditionally marginalised groups.",5,True,4,"Every statement in the answer is directly stated in the evidence. This covers the claim that all programmes need a social responsibility component, the non-compliance of a strict impact-management approach, the guiding principles in Articles 5 and 6, and the University Social Service Programme required by Article 130. | The question names Law 30220 and the specific articles. It is understandable without having seen the source. | value: This is useful but somewhat jurisdiction-specific knowledge about how Peruvian law frames university social responsibility.",,
budd-l-hall-rajesh-2021-socially-responsible:0118:q4,pilot,True,,False,factual,leadership_strategy,easy,Why has implementation of the social responsibility obligations in Peru's Law 30220 been uneven and difficult?,What is the main suggested reason for the disparate and difficult implementation of Law 30220's social responsibility obligations in Peru?,Why have Peruvian universities struggled to implement the social responsibility duties set by Law 30220?,"This may be due in large part to the lack of further regulations, policies or government-sponsored programmes accompanying the Act. Universities without the necessary expertise or resources to create or enhance such programmes received no state-sponsored support.","Socially Responsible Higher Education, p. 220","However, the obligations set out in the Act have had a disparate and difficult implementation. This may be due in large part to the lack of further regulations, policies or government sponsored programmes to accompany the Act. Where universities did not have the necessary expertise or resources to create or enhance SRHEI programmes within their institutions, there was no statesponsored support for their implementation.",4,True,3,"The answer restates the evidence closely, with only minor rewording (e.g., 'such programmes' for SRHEI programmes). | The question names Peru's Law 30220 and its social responsibility obligations explicitly and does not rely on any unseen source. | value: University social responsibility policy is relevant institutional context, but this is a narrow, country-specific point that is not about AI.",,
budd-l-hall-rajesh-2021-socially-responsible:0055:q0,pilot,True,,True,definition,equity_accessibility,medium,How are the top 300 universities in the Times Higher Education World University Rankings distributed geographically?,What does the geographic distribution of the top 300 universities in the Times Higher Education World University Rankings look like?,"In the Times Higher Education World University Rankings, where are the top 300 universities located?","Of the purportedly top 300 universities, 270 (90%) are located in Europe, North America, Australia and New Zealand. Of the remainder, 25 are from a small number of East Asian countries and only 5 are from the rest of the world. The entire continent of Africa is represented by three institutions, all in South Africa, and there is only one university from the whole of Latin America, one from the Middle East, and none from Central Asia.","Socially Responsible Higher Education, p. 95","Taking the Times Higher Education (THE) World University Rankings (THE, 2020) as an example, of the purportedly 'top 300' universities in the world, 270 (90%) are located in Europe, North America, Australia and New Zealand. Of the remainder, 25 are from a small number of East Asian countries and there are only 5 from the rest of the world. … The entire continent of Africa is represented by three institutions, all of which are in South Africa. There is only one university from the whole of Latin America, one from the Middle East, and not a single institution from Central Asia.",5,True,3,"Every figure and claim in the answer is stated directly in the evidence, with only minor rewording. | The question names the specific ranking explicitly and needs no other context, though it omits the 2020 edition year. | value: It illustrates global inequity in higher education rankings, which is relevant context but a fairly specific data point.",,
budd-l-hall-rajesh-2021-socially-responsible:0055:q1,pilot,True,,False,application,equity_accessibility,hard,A university leader in Nairobi is told that global rankings are a neutral measure of quality and that their institution should simply accept its absence from the top. What do the Times Higher Education rankings' geographic patterns and the message they imply say about this claim?,A Kenyan university leader hears that world rankings neutrally measure quality and that being absent from the top is just a fact. What do the geographic patterns of the Times Higher Education rankings and their implied message say about it?,"A Nairobi university leader hears that global rankings objectively measure quality and that the institution should just accept not being near the top. What do the geographic patterns in the Times Higher Education rankings, and the message they imply, say about that claim?","In the Times Higher Education rankings, the whole of Africa is represented by only three institutions, all in South Africa, and the ARWU and QS rankings are only a few percentage points more geographically inclusive. The message these rankings send is that 'world class' status, quality or excellence are highly concentrated in specific places and, by implication, not present in others.","Socially Responsible Higher Education, pp. 95-96","The entire continent of Africa is represented by three institutions, all of which are in South Africa. There is only one university from the whole of Latin America, one from the Middle East, and not a single institution from Central Asia. … THE is not alone in this bias - the Academic Ranking of World Universities (ARWU, 2019) and QS World University Rankings (QS, 2019) are more geographically inclusive, but only by a few percentage points. … The message seems clear - 'world class' status, 'quality', or 'excellence' are highly concentrated in specific places. It is therefore, by implication, not present in others.",4,True,4,"Every statement is in the evidence. Tying the Africa count to Times Higher Education specifically is inferred from 'THE is not alone in this bias' rather than stated outright. | The scenario is self-contained and names the Times Higher Education rankings explicitly, with no reference to an unseen source. | value: It covers a useful critique of geographic bias in global university rankings and its implications for institutions outside the top.",,
budd-l-hall-rajesh-2021-socially-responsible:0055:q2,pilot,True,,True,explanation,equity_accessibility,medium,Why is the concentration of top-ranked universities in a few regions of the world not simply a matter of the best institutions naturally rising to the top?,Why is the dominance of a few regions in world university rankings not just a case of merit naturally rising?,Why can the dominance of a handful of world regions among top-ranked universities not be explained merely by the best institutions naturally ascending to the top?,"Scholars of educational, health or other inequalities have long noted that underlying structures invariably create, maintain and often exacerbate social inequalities. In other words, it is not about the cream rising to the top, but about a system in which the cream identifies itself as better and uses systemic processes to stay there.","Socially Responsible Higher Education, p. 96","Scholars of educational, health, or other inequalities, though, have long noted that underlying structures invariably create, maintain and often exacerbate social inequalities. In other words, it is not about the cream rising to the top, but rather about the presence of a system in which the cream identifies itself as better and utilises systemic processes to stay there.",5,True,4,"The answer restates the quoted evidence almost verbatim, with only trivial rewording. The evidence does not itself mention regional concentration of rankings, but the answer makes no claim about it. | The question is self-contained and does not refer to any unseen source or context. | value: It covers a useful critical perspective on structural inequality in global university rankings.",,
budd-l-hall-rajesh-2021-socially-responsible:0055:q3,pilot,True,,True,definition,equity_accessibility,medium,"In critiques of global university rankings such as the Times Higher Education World University Rankings, what does it mean to say that rankings are a question of sovereignty and control?",What is meant by describing global university rankings as a matter of sovereignty and control?,"When global university rankings are called a question of sovereignty and control, what does that claim mean?","It means that the balance of power, and therefore status and funding, rests in the hands of a small minority of majority white countries and institutions.","Socially Responsible Higher Education, p. 96","As we will see, rankings are a question of sovereignty, of control, where the balance of power - and therefore status and funding - rests in the hands of a small minority of majority white countries and institutions.",5,True,3,"The answer restates the evidence almost verbatim: the balance of power, and therefore status and funding, rests with a small minority of majority white countries and institutions. | The question names the topic (critiques of global university rankings such as the Times Higher Education rankings) and needs no unseen source to be understood. | value: It is relevant institutional context about higher education power structures, but only loosely tied to AI and fairly narrow.",,
budd-l-hall-rajesh-2021-socially-responsible:0055:q4,pilot,True,,False,definition,equity_accessibility,medium,"What is the message about 'world class' status that global university rankings imply, given how concentrated their top universities are?",What do global university rankings imply about where 'world class' quality or excellence is found?,"Given how concentrated the top universities in global rankings are, what message do those rankings convey about what counts as 'world class' status?","The message seems to be that 'world class' status, quality or excellence are highly concentrated in specific places. By implication, they are not present in others.","Socially Responsible Higher Education, p. 96","The message seems clear - 'world class' status, 'quality', or 'excellence' are highly concentrated in specific places. It is therefore, by implication, not present in others.",4,True,4,"The answer closely restates the evidence, changing only 'seems clear' to 'seems'. That is trivial rewording. | The question names global university rankings and their concentration. It does not depend on any unseen source. | value: It gives a useful critical insight into global rankings in higher education, though it is only loosely tied to AI.",,
towards-ethical:0051:q0,pilot,True,,False,application,privacy_security,hard,"A university is deploying an AI system that handles student financial aid records, and it wants the system's decisions to be trustworthy without exposing sensitive financial data. What approaches can it use to balance transparency and confidentiality?",A university's AI system processes sensitive student financial aid data. How can the institution remain transparent about decisions while keeping that data confidential?,What techniques can a university use so that an AI system working with confidential student financial records stays transparent while protecting the data?,"Data masking can be used, which conceals confidential information in a way that does not affect the overall outcome of the decision-making process, helping the system stay transparent while protecting confidential data. Another approach is to use explainable AI models that explain the system's decisions without revealing confidential data.","Towards Ethical and Socially Responsible Explainable AI, p. 103","This can be achieved through techniques such as data masking, where confidential information is concealed in a way that does not affect the overall outcome of the decisionmaking process. … Another approach is to use explainable AI models that provide an explanation for the decisions made by the system without revealing confidential data [94, 95].",4,True,4,"Both techniques, data masking and explainable AI, are stated in the evidence. The phrase ""helping the system stay transparent while protecting confidential data"" is a minor connective gloss implied by the context. | The question sets up a self-contained scenario and does not refer to any source. | value: These are useful, practical techniques for balancing transparency and privacy in AI systems used in higher education.",,
towards-ethical:0051:q1,pilot,True,,False,explanation,governance,medium,Why does the required level of transparency in an AI system depend on the context in which it is used?,Why can transparency requirements for AI differ from one application setting to another?,How does the context of use change how much transparency an AI system needs?,"The level of transparency required varies with context. In areas such as medical diagnosis or financial decision-making, a high level of transparency may be necessary to build trust and ensure accountability. In areas such as national security or defense, confidentiality may be paramount, and transparency may need to be limited to protect sensitive information.","Towards Ethical and Socially Responsible Explainable AI, p. 104","For example, the level of transparency required may vary depending on the context in which the AI system is used. In some cases, such as medical diagnosis or financial decision-making, a high level of transparency may be necessary to build trust and ensure accountability. In other cases, such as national security or defense, confidentiality may be paramount, and transparency may need to be limited to protect sensitive information [1, 9, 12].",5,True,4,"Every statement in the answer closely restates the evidence. This covers the context-dependence of transparency, the medical and financial examples tied to trust and accountability, and the security and defense examples tied to confidentiality. | The question is self-contained and makes no reference to a source. | value: It is useful responsible-AI knowledge about the context-dependent trade-offs of transparency.",,
towards-ethical:0051:q2,pilot,True,,True,factual,privacy_security,easy,What technique conceals confidential information in a way that does not affect the overall outcome of an AI system's decision-making process?,Which technique hides confidential data without changing the overall outcome of an AI system's decision-making?,Which approach hides sensitive information within an AI system without changing the final result of its decision-making?,Data masking is the technique in which confidential information is concealed in a way that does not affect the overall outcome of the decision-making process.,"Towards Ethical and Socially Responsible Explainable AI, p. 103","This can be achieved through techniques such as data masking, where confidential information is concealed in a way that does not affect the overall outcome of the decisionmaking process.",5,True,4,The answer restates the evidence almost verbatim: data masking conceals confidential information without affecting the overall outcome of decision-making. | The question names the concept (concealing confidential information in AI decision-making) without referring to an unseen source. | value: Data masking is a useful privacy-preserving technique relevant to responsible AI.,,
towards-ethical:0051:q3,pilot,True,,False,explanation,governance,medium,Why is it essential to establish clear guidelines and standards for confidentiality and transparency in AI development and deployment?,Why do AI systems need clear standards on confidentiality and transparency?,What challenge makes clear confidentiality and transparency guidelines necessary for AI systems?,"The definition of what constitutes confidential information may vary depending on the stakeholders involved. What a company considers confidential may differ from what a regulatory body or the public considers confidential. Therefore, clear guidelines and standards for confidentiality and transparency should be established in the development and deployment of AI systems.","Towards Ethical and Socially Responsible Explainable AI, p. 104","Another challenge is that the definition of what constitutes confidential information may vary depending on the stakeholders involved [96]. For example, what is considered confidential information by a company may be different from what is considered confidential information by a regulatory body or the public. Therefore, it is essential to establish clear guidelines and standards for confidentiality and transparency in the development and deployment of AI systems [97, 98].",5,True,4,"Every statement in the answer is directly stated in the evidence, with only minor rewording. | The question is self-contained and needs no reference to the source. | value: It covers a useful responsible-AI governance point about confidentiality versus transparency across stakeholders.",,
towards-ethical:0051:q4,pilot,True,,True,definition,governance,medium,"In ethical explainable AI, what does it mean for an AI system to be transparent and auditable?",What do transparency and auditability require of an AI system in ethical explainable AI?,"In ethical explainable AI, what must be in place for an AI system to count as transparent and as auditable?","Transparency requires clear and understandable explanations of the system's decision-making processes, the data used, and the outcomes produced. Being auditable means that the decision-making processes can be traced and verified by relevant parties.","Towards Ethical and Socially Responsible Explainable AI, p. 104","This requires clear and understandable explanations of the decision-making processes, the data used, and the outcomes produced by the system. It also requires ensuring that the system is auditable, meaning that the decision-making processes can be traced and verified by relevant parties [9].",4,True,4,"The answer closely restates the evidence. However, the evidence refers only to ""this"", so tying the explanation requirement specifically to transparency is a slight assumption. | The question is self-contained and clearly names the concepts it asks about. | value: Transparency and auditability are useful core concepts in responsible AI.",,
towards-ethical:0090:q0,pilot,True,,False,application,privacy_security,hard,A university is deploying an AI admissions-screening tool that processes applicants' personal data and affects individuals' lives. What accountability practices on data privacy and algorithmic bias apply?,"A university plans to use an AI tool to screen admissions applications using personal data, with consequences for people's lives. Which data privacy and bias-related accountability practices should it follow?","A university is rolling out an AI tool to screen admissions applications, which handles applicants' personal data and influences their lives. Which accountability practices relating to data privacy and algorithmic bias are relevant?","The organization should adhere to data privacy laws such as the GDPR in the European Union or the CCPA in the United States, implementing robust data protection measures, obtaining necessary consents, and enabling users to exercise their privacy rights. It should also implement measures to identify and mitigate algorithmic bias, particularly in applications that affect individuals' lives such as hiring or lending decisions, and regularly audit algorithms for fairness.","Towards Ethical and Socially Responsible Explainable AI, pp. 171-172","Data Privacy Compliance: Adhere to data privacy laws such as the General Data Protection Regulation (GDPR) in the European Union or the California Consumer Privacy Act (CCPA) in the United States [31]. Implement robust data protection measures, obtain necessary consents, and enable users to exercise their privacy rights. … Algorithmic Bias Mitigation: Implement measures to identify and mitigate algorithmic bias, particularly in applications that impact individuals' lives, such as hiring or lending decisions. Regularly audit algorithms for fairness.",4,True,4,"The answer restates the evidence nearly verbatim. Applying general guidance to a university admissions scenario is a mild framing, but the answer itself adds no unsupported claims. | The scenario is self-contained and uses no source references. Acronyms appear only in the answer. | value: These are useful accountability practices on privacy and bias for AI deployment.",,
towards-ethical:0090:q1,pilot,True,,False,explanation,governance,medium,Why do ethical and social responsibility practices matter for AI accountability beyond legal compliance?,In what way do ethics and social responsibility considerations strengthen AI accountability beyond what the law requires?,"Beyond meeting legal requirements, what is the importance of ethical and social responsibility practices for holding AI accountable?","Beyond legal requirements, ethical and social responsibility considerations are paramount in AI development. Ethical guidelines and practices enhance accountability by addressing the broader societal impact of AI technologies.","Towards Ethical and Socially Responsible Explainable AI, p. 172","Beyond legal requirements, ethical and social responsibility considerations are paramount in AI development. Ethical guidelines and practices enhance accountability by addressing the broader societal impact of AI technologies.",5,True,4,"The answer reproduces the evidence verbatim, so every statement is directly supported. | The question is self-contained and refers to no unseen source or context. | value: It covers a useful responsible-AI concept about accountability beyond legal compliance, though the treatment is fairly generic.",,
towards-ethical:0090:q2,pilot,True,,False,application,governance,hard,A university's AI office wants to build ethical accountability into its AI projects. Which practices for assessing impacts and preparing staff apply?,What ethical accountability practices on impact assessment and staff preparation should a university AI office adopt for its AI projects?,A university AI office aims to embed ethical accountability in its AI work. What should it do regarding impact assessment and training?,"It should conduct ethical impact assessments to evaluate how AI systems may affect different societal groups, assessing potential risks and benefits and taking steps to minimize harm. It should also provide AI ethics training to developers, data scientists, and decision-makers involved in AI projects, fostering a culture of ethical awareness and responsibility within the organization.","Towards Ethical and Socially Responsible Explainable AI, p. 172","Ethical Impact Assessment: Conduct ethical impact assessments to evaluate how AI systems may affect different societal groups. Assess potential risks and benefits and take steps to minimize harm. … AI Ethics Training: Provide AI ethics training to developers, data scientists, and decision-makers involved in AI projects. Foster a culture of ethical awareness and responsibility within the organization.",5,True,4,Every statement in the answer is taken almost verbatim from the evidence on ethical impact assessments and AI ethics training. | The question names a clear scenario and asks for specific practices without referring to any unseen source. | value: Concrete responsible-AI governance practices that are relevant to university AI offices.,,
towards-ethical:0090:q3,pilot,True,,False,factual,governance,easy,What three elements does accountability in AI development and deployment encompass?,"In the development and deployment of AI, what are the three components that make up accountability?",Accountability in AI development and deployment is made up of which three elements?,"Accountability is a fundamental principle in the development and deployment of AI systems. It encompasses legal and regulatory compliance, ethical considerations, and defining liability and responsibility.","Towards Ethical and Socially Responsible Explainable AI, p. 171","Accountability is a fundamental principle in the development and deployment of AI systems. It encompasses legal and regulatory compliance, ethical considerations, and defining liability and responsibility [4, 9, 12, 14, 27].",5,True,4,"The answer restates the evidence verbatim, without adding any claims. | The question is self-contained and does not refer to any unseen source. | value: It covers a core responsible-AI principle, though the list is fairly specific.",,
towards-ethical:0090:q4,pilot,True,,False,factual,privacy_security,easy,Which regulation should healthcare AI systems comply with as an example of sector-specific regulation?,"As an example of a sector-specific rule for AI, which regulations must healthcare AI systems comply with?","As an instance of sector-specific regulation, which law must AI systems used in healthcare comply with?",Healthcare AI systems should comply with Health Insurance Portability and Accountability Act (HIPAA) regulations. Organizations should be aware of sector-specific regulations that may apply to AI applications.,"Towards Ethical and Socially Responsible Explainable AI, p. 172","Sector-Specific Regulations: Be aware of sector-specific regulations that may apply to AI applications. For instance, healthcare AI systems should comply with Health Insurance Portability and Accountability Act (HIPAA) regulations.",5,True,3,"Both statements are directly stated in the evidence: be aware of sector-specific regulations, and healthcare AI should comply with HIPAA. | The question is self-contained and needs no reference to an unseen source. | value: This is a basic compliance example that is only tangential to AI in higher education.",,
patterns-advances-and-gaps-in-using-chatgpt-and:0016:q0,pilot,True,,False,application,teaching_learning,hard,A nursing school wants to roll out generative AI for assessment generation and clinical simulation while keeping students' trust and the school's standards intact. What do the 2025 PAGER scoping review's recommendations on ChatGPT in nursing education say it should do?,"If a nursing school introduces generative AI for assessment generation and clinical simulation, what approach does the PAGER scoping review on nursing education recommend it take?","A school of nursing intends to introduce generative AI to generate assessments and run clinical simulations, while preserving student trust and its own standards. What steps does the 2025 PAGER scoping review on ChatGPT in nursing education advise it to take?","Implementation should follow evidence-based approaches in assessment generation and clinical simulation development, aligning with established pedagogical frameworks to enhance rather than replace effective teaching practices. Nursing education also needs a comprehensive framework that balances innovation with academic integrity in assessment and clinical training, sets clear data privacy and security standards, and ensures compliance with educational regulations. Developing technical and ethical competencies is crucial, especially for upholding academic integrity and ensuring equitable student access.","Patterns, advances, and gaps in using ChatGPT and similar technologies in nursing education: A PAGER scoping review, p. 8","Implementation should follow evidence-based approaches in assessment generation and clinical simulation development, aligning with established pedagogical frameworks to enhance rather than replace effective teaching practices. … The findings indicate the necessity of establishing a comprehensive system that balances innovation with academic integrity in nursing assessment and clinical training. These frameworks should establish clear data privacy and security standards guidelines and ensure compliance with educational regulations (Foronda and Porter, 2024). … Systematic documentation and evaluation of implementation experiences will contribute to developing best practices. Developing technical and ethical competencies is crucial, especially for upholding academic integrity and ensuring equitable student access. Cross-institutional collaboration should be encouraged to share implementation strategies and lessons learned.",4,True,4,"The answer closely restates the evidence. The only changes are trivial rewordings, such as ""framework"" for ""system"". | The question identifies the source by its content (a 2025 PAGER scoping review on ChatGPT in nursing education) and sets out a clear scenario. | value: These are practical, domain-relevant recommendations for responsibly implementing generative AI in nursing education.",,
patterns-advances-and-gaps-in-using-chatgpt-and:0016:q1,pilot,True,,False,explanation,faculty_readiness,medium,Why does the PAGER scoping review of ChatGPT in nursing education say that developing technical and ethical competencies is crucial?,What is the reason the PAGER scoping review of ChatGPT in nursing education gives for the importance of developing technical and ethical competencies?,"In the PAGER scoping review of ChatGPT in nursing education, why is building technical and ethical competencies called crucial?","Developing technical and ethical competencies is crucial especially for upholding academic integrity and ensuring equitable student access. Systematic documentation and evaluation of implementation experiences will contribute to developing best practices, and cross-institutional collaboration should be encouraged to share strategies and lessons learned.","Patterns, advances, and gaps in using ChatGPT and similar technologies in nursing education: A PAGER scoping review, p. 8","Systematic documentation and evaluation of implementation experiences will contribute to developing best practices. Developing technical and ethical competencies is crucial, especially for upholding academic integrity and ensuring equitable student access. Cross-institutional collaboration should be encouraged to share implementation strategies and lessons learned.",5,True,4,"Every statement in the answer restates the evidence nearly verbatim. The extra points on documentation and cross-institutional collaboration are also stated in the evidence, though they go beyond the question. | The question names a specific study, the PAGER scoping review of ChatGPT in nursing education, by its content, so a reader without the source understands what is asked. | value: It gives a useful recommendation linking AI competencies to academic integrity and equitable access.",,
patterns-advances-and-gaps-in-using-chatgpt-and:0016:q2,pilot,True,,True,definition,governance,medium,"What should a comprehensive framework for generative AI in nursing education contain, based on findings from a PAGER scoping review of GenAI in nursing education?","Which elements should a comprehensive framework for generative AI in nursing education include, per a PAGER scoping review of GenAI in nursing education?",What components does a PAGER scoping review of GenAI in nursing education find necessary in a comprehensive generative AI framework for nursing education?,"It should be a comprehensive system that balances innovation with academic integrity in nursing assessment and clinical training. Such frameworks should establish clear data privacy and security standards and guidelines, and ensure compliance with educational regulations.","Patterns, advances, and gaps in using ChatGPT and similar technologies in nursing education: A PAGER scoping review, p. 8","The findings indicate the necessity of establishing a comprehensive system that balances innovation with academic integrity in nursing assessment and clinical training. These frameworks should establish clear data privacy and security standards guidelines and ensure compliance with educational regulations (Foronda and Porter, 2024).",5,True,4,"The answer restates the evidence nearly verbatim: balancing innovation with academic integrity, data privacy and security standards, and regulatory compliance. | The question names the review by its content and its PAGER framework, and needs no unseen context. Expanding the PAGER acronym would help, but the question remains understandable. | value: These are useful recommendations on governance frameworks for GenAI in nursing education.",,
patterns-advances-and-gaps-in-using-chatgpt-and:0016:q3,pilot,True,,False,definition,equity_accessibility,easy,What do the PAGER scoping review's recommendations say incentive structures for generative AI in nursing education should promote?,"What goal should incentive structures for generative AI serve in nursing education, per the PAGER scoping review?","In the PAGER scoping review of generative AI in nursing education, what outcomes do the recommended incentive structures aim to encourage?","Incentive structures should promote equitable access to GenAI technologies across diverse settings, with particular attention to underserved populations and low-resource settings. Targeted strategies are needed for bridging digital divides and maximising global applicability.","Patterns, advances, and gaps in using ChatGPT and similar technologies in nursing education: A PAGER scoping review, p. 8","To address identified disparities, incentive structures should promote equitable access to GenAI technologies across diverse settings, with particular attention to underserved populations and low-resource settings. Targeted strategies are needed for bridging digital divides and maximising global applicability.",5,True,4,"The answer reproduces the evidence nearly verbatim, with no added claims. | The question names a specific study (the PAGER scoping review on GenAI in nursing education) and asks a clear question about it, without relying on unseen context. | value: Equitable access to GenAI in education is a useful responsible-AI recommendation, though it is specific to nursing education.",,
patterns-advances-and-gaps-in-using-chatgpt-and:0016:q4,pilot,True,,False,factual,monitoring_improvement,easy,What kind of research does the PAGER scoping review say should be given priority when comparing generative AI with traditional nursing teaching?,Which type of research does the PAGER scoping review say should be prioritised regarding AI-enhanced versus conventional nursing teaching?,"Which type of research should be prioritized, as the PAGER scoping review sees it, when generative AI is compared against traditional approaches to teaching nursing?",Comparative effectiveness research between AI-enhanced and conventional teaching methods should be given priority. Longitudinal studies are also needed to evaluate the impact of GenAI use on student outcomes and ethical decision-making.,"Patterns, advances, and gaps in using ChatGPT and similar technologies in nursing education: A PAGER scoping review, p. 8",Longitudinal studies are needed to evaluate the impact of GenAI use on student outcomes and ethical decision-making. Comparative effectiveness research between AI-enhanced and conventional teaching methods should be given priority.,5,True,4,Both statements are taken directly from the evidence. | The question names the PAGER scoping review and asks a clear question without presupposing unseen context. | value: It is a useful research-priority recommendation on generative AI in nursing education.,,
patterns-advances-and-gaps-in-using-chatgpt-and:0013:q0,pilot,True,,False,explanation,student_ai_literacy,medium,"According to a PAGER scoping review of ChatGPT and similar technologies in nursing education, why should nursing curricula pair content on critical thinking with ethical guidelines?","In the PAGER scoping review on GenAI in nursing education, what is the purpose of developing critical thinking abilities alongside ethical guidelines in nursing content?",Why does the PAGER scoping review of GenAI in nursing education call for nursing content that builds critical thinking together with ethical guidelines?,Authors emphasise the need for content that develops critical thinking abilities alongside the establishment of ethical guidelines in order to ensure responsible AI use.,"Patterns, advances, and gaps in using ChatGPT and similar technologies in nursing education: A PAGER scoping review, p. 7","Building on this foundation, authors emphasise the need for content that develops critical thinking abilities alongside the establishment of ethical guidelines to ensure responsible AI use (Alkhaqani, 2023b; Archibald and Clark, 2023; Athilingam and He, 2024).",5,True,4,"The answer restates the evidence nearly verbatim: content developing critical thinking alongside ethical guidelines is needed to ensure responsible AI use. | The question names the specific review by its content (a PAGER scoping review of ChatGPT in nursing education). The phrase 'according to' does presuppose a source, but here it identifies a named work, which is acceptable. | value: A useful curricular recommendation for responsible AI use in nursing education.",,
patterns-advances-and-gaps-in-using-chatgpt-and:0013:q1,pilot,True,,False,explanation,teaching_learning,medium,How do studies in the PAGER scoping review of GenAI in nursing education suggest balancing innovation with established teaching when integrating AI into the curriculum?,What do nursing education studies in the PAGER scoping review recommend for integrating AI into the curriculum while keeping established pedagogy?,"In the PAGER scoping review, how should AI be integrated into nursing education so that innovation and established pedagogical practice stay balanced?",Studies recommend systematically integrating AI into nursing education while preserving traditional teaching methods. Balance between innovation and established pedagogical practices is maintained through ethics and data literacy integration. Such integration can also strengthen student writing skills.,"Patterns, advances, and gaps in using ChatGPT and similar technologies in nursing education: A PAGER scoping review, p. 7","Moving from training to curriculum design, studies recommend systematically integrating AI into nursing education while preserving traditional teaching methods, noting that such integration can strengthen student writing skills (Parker et al., 2023) while maintaining balance between innovation and established pedagogical practices through ethics and data literacy integration (Alkhaqani, 2023a; Allen and Woodnutt, 2023; Castonguay et al., 2023; De Gagne et al., 2024).",5,True,4,"Every statement in the answer is directly stated in the evidence: systematic integration while preserving traditional methods, balance through ethics and data literacy integration, and strengthened writing skills. | The question names the PAGER scoping review of GenAI in nursing education by its content, so it is understandable without the source. The acronyms PAGER and GenAI are common enough in context. | value: It gives a useful recommendation on integrating AI into a nursing curriculum while keeping established pedagogy.",,
patterns-advances-and-gaps-in-using-chatgpt-and:0013:q2,pilot,True,,False,factual,procurement_technology,easy,What technical improvements to GenAI do nursing education studies recommend in the PAGER scoping review?,Which technical recommendations for GenAI in nursing education are made in the PAGER scoping review?,"In the PAGER scoping review of GenAI in nursing education, what do technical recommendations focus on?",Technical recommendations focus on improving GenAI's accuracy and reducing bias by refining models to better reflect nursing standards and classification systems.,"Patterns, advances, and gaps in using ChatGPT and similar technologies in nursing education: A PAGER scoping review, p. 7","Technical recommendations focus on improving GenAI's accuracy and reducing bias by refining models to reflect nursing standards and classification systems better (Gosak et al., 2024; Ye, 2024).",5,True,4,"The answer restates the evidence almost verbatim; every claim (accuracy, bias reduction, refining models to reflect nursing standards and classification systems) is directly stated. | The question names the PAGER scoping review and the topic, GenAI in nursing education, and does not refer to unseen context. PAGER is a named framework, so the question is acceptable as it stands. | value: These are useful, fairly specific recommendations about GenAI accuracy and bias in nursing education.",,
patterns-advances-and-gaps-in-using-chatgpt-and:0013:q3,pilot,True,,True,application,governance,hard,"A nursing school wants to launch short-term training on generative AI and to set rules for its use in research. What should a 2025 scoping review of generative AI in nursing education say the training focuses on, and what kind of policy guidance does it call for?","A nursing school is preparing brief generative AI training sessions and wants rules governing AI use in research. According to a 2025 scoping review of generative AI in nursing education, what should the training concentrate on and what policy guidance is needed?","If a nursing school sets up short-term generative AI training and research-use policies, what does a 2025 scoping review of generative AI in nursing education say the training should focus on, and what policy guidance does it call for?","Short-term training should focus on developing AI literacy and digital proficiency among faculty and students, with prompt engineering as an essential curriculum component. Policy recommendations call for clear standards for AI implementation through comprehensive guidelines with regular updates. These include ethical protocols for AI in qualitative and mixed-methods research that address academic integrity and ensure transparent GenAI use.","Patterns, advances, and gaps in using ChatGPT and similar technologies in nursing education: A PAGER scoping review, p. 7","Short-term training initiatives should focus on developing AI literacy and digital proficiency among faculty and students, incorporating prompt engineering as an essential curriculum component (O'Connor et al., 2024). … Policy recommendations highlight the importance of establishing clear standards for AI implementation through comprehensive guideline development with regular updates. This includes developing ethical protocols for AI implementation in qualitative and mixed-methods research (Lyon, 2023) that address academic integrity and ensure transparent GenAI use (Abdulai and Hung, 2023; Abujaber et al., 2023; Alkhaqani, 2023a,b).",5,True,4,"Every statement in the answer closely restates the evidence: the training focus, prompt engineering, regularly updated guidelines, and ethical protocols for research. | The question identifies the source by its content (a 2025 scoping review of generative AI in nursing education) and gives the scenario, so it is understandable without seeing the source. | value: These are useful, actionable recommendations on AI literacy training and AI policy in nursing education.",,
patterns-advances-and-gaps-in-using-chatgpt-and:0013:q4,pilot,True,,False,explanation,equity_accessibility,medium,"What do institutional recommendations in the PAGER scoping review say about equity and access in GenAI for nursing education, and what do they aim to achieve?","Regarding equity and access to GenAI in nursing education, what do the institutional recommendations in the PAGER scoping review state, and what goals do they aim to achieve?","What do the PAGER scoping review's institutional recommendations propose on equity and access for GenAI in nursing education, and what are they intended to accomplish?","Institutional recommendations include developing policies and inclusive tools to ensure equity, access, and support for diverse user needs. This is intended to reduce language barriers and improve geographic access to resources.","Patterns, advances, and gaps in using ChatGPT and similar technologies in nursing education: A PAGER scoping review, p. 7","Beyond technical aspects, institutional recommendations include developing policies and inclusive tools to ensure equity, access, and support for diverse user needs (Abujaber et al., 2023), thereby reducing language barriers and improving geographic access to resources (Abujaber et al., 2023; Fontenot, 2023; Hsu, 2023; Huh, 2023).",5,True,4,Both statements in the answer are taken directly from the evidence sentence. | The question names the PAGER scoping review by content and is clear without seeing the source; 'GenAI' is a common abbreviation. | value: Useful recommendation on equity and access in AI use for nursing education.,,
toward-understanding-the-role-of-generative-ai:0000:q0,pilot,True,,False,factual,teaching_learning,easy,What four major domains of generative AI use in entrepreneurship education were identified in a systematic review of 50 peer-reviewed articles?,Which four domains of generative AI use in entrepreneurship education emerged from a systematic review of 50 peer-reviewed articles?,A systematic review of 50 peer-reviewed articles on generative AI in entrepreneurship education found which four major domains?,"The four domains were personalized and adaptive instruction, simulation-based entrepreneurial training, ethical and psychological concerns, and ecosystem integration through intelligent systems.","Toward understanding the role of generative AI in entrepreneurship education: A systematic review, p. 1","The findings reveal four major domains in GAIenabled EE: personalized and adaptive instruction, simulation-based entrepreneurial training, ethical and psychological concerns, and ecosystem integration through intelligent systems.",5,True,4,"The answer lists exactly the four domains stated in the evidence. The '50 articles' detail appears only in the question, not in the answer. | The question identifies the study by its content (a systematic review of 50 peer-reviewed articles) and uses no source-dependent phrasing or undefined acronyms. | value: It is a useful framework for generative AI use in entrepreneurship education, though somewhat specific.",,
toward-understanding-the-role-of-generative-ai:0000:q1,pilot,True,,False,application,teaching_learning,hard,"A business school is redesigning its entrepreneurship curriculum to include generative AI tools. Beyond teaching students to use the tools well, what capacities should the curriculum aim to foster?","When a business school builds generative AI into its entrepreneurship curriculum, what should it foster in students besides technical proficiency?","A university adds generative AI to its entrepreneurship courses. Besides technical skill, which capacities should the curriculum develop?","A systematic review of generative AI in entrepreneurship education advocates designing curricula that foster not only technical proficiency but also critical thinking, creativity, and ethical reasoning.","Toward understanding the role of generative AI in entrepreneurship education: A systematic review, p. 1","It advocates for designing GAI-integrated curricula that foster not only technical proficiency but also critical thinking, creativity, and ethical reasoning.",4,True,4,"The capacities listed match the evidence. However, attributing them to 'a systematic review of generative AI in entrepreneurship education' adds a source description the quoted evidence does not give; it only says 'It'. | The question sets up a self-contained scenario and does not refer to any unseen source. | value: A useful curriculum-design recommendation for integrating AI responsibly in higher education.",,
toward-understanding-the-role-of-generative-ai:0000:q2,pilot,True,,False,application,equity_accessibility,hard,"A university leadership team and policymakers are planning to integrate generative AI into entrepreneurship education. What should educators, policymakers and researchers emphasize, according to a systematic review of the field?","What implications does a systematic review of generative AI in entrepreneurship education have for educators, policymakers, and researchers planning its integration?","When a university's leadership and policymakers prepare to bring generative AI into entrepreneurship education, what should educators, policymakers and researchers focus on, based on a systematic review of this area?","The review emphasizes the importance of ethical guidance, digital equity, and cross-contextual adaptability for educators, policymakers, and researchers.","Toward understanding the role of generative AI in entrepreneurship education: A systematic review, p. 1","Furthermore, the study discusses actionable implications for educators, policymakers, and researchers, emphasizing the importance of ethical guidance, digital equity, and cross-contextual adaptability.",5,True,4,"The answer directly restates the evidence: ethical guidance, digital equity and cross-contextual adaptability, emphasized for educators, policymakers and researchers. | The question identifies the source by its content, a systematic review of generative AI in entrepreneurship education, and is understandable without the source. | value: These are useful, if general, recommendations for responsibly integrating generative AI into higher education.",,
toward-understanding-the-role-of-generative-ai:0000:q3,pilot,True,,False,explanation,monitoring_improvement,medium,"Why is the long-term impact of generative AI on entrepreneurial competence, mindset, and outcomes considered uncertain?","Why does the long-term effect of generative AI on entrepreneurial competence, mindset, and outcomes remain unclear?","What is the reason that the lasting effects of generative AI on entrepreneurial competence, mindset, and outcomes remain unclear?","Most studies are either conceptual or limited to small-scale exploratory evidence. As a result, the long-term impact of generative AI on entrepreneurial competence, mindset, and outcomes remains uncertain and calls for empirical caution.","Toward understanding the role of generative AI in entrepreneurship education: A systematic review, p. 1","Although promising use cases are identified, most studies are either conceptual or limited to small-scale exploratory evidence. As such, the longterm impact of GAI on entrepreneurial competence, mindset, and outcomes remains uncertain and calls for empirical caution.",5,True,4,"The answer restates the evidence almost verbatim. It notes that most studies are conceptual or small-scale exploratory, so the long-term impact remains uncertain. | The question is self-contained. It names generative AI and the specific entrepreneurial dimensions, with no reference to an unseen source. | value: It conveys a useful point about the limits of evidence on generative AI in entrepreneurship education.",,
toward-understanding-the-role-of-generative-ai:0000:q4,pilot,False,low_value(2),False,explanation,monitoring_improvement,medium,How does a systematic review of generative AI in entrepreneurship education suggest researchers test its influence across cultural and institutional contexts?,What methodological strategies does a systematic review propose for rigorously testing generative AI's influence in entrepreneurship education across cultural and institutional contexts?,Which research methods are suggested to test generative AI's influence across cultural and institutional contexts in entrepreneurship education?,"The review suggests methodological strategies such as structural equation modeling (SEM), hierarchical linear modeling (HLM), and longitudinal mixed-methods designs to test generative AI's influence across cultural and institutional contexts rigorously.","Toward understanding the role of generative AI in entrepreneurship education: A systematic review, p. 1","In addition, the review suggests methodological strategies, such as structural equation modeling (SEM), hierarchical linear modeling (HLM), and longitudinal mixed-methods designs, to test GAI's influence across cultural and institutional contexts rigorously.",5,True,2,"The answer directly restates the evidence, which names SEM, HLM and longitudinal mixed-methods designs for testing influence across cultural and institutional contexts. | The question identifies the systematic review by its content, generative AI in entrepreneurship education, and spells out its terms, so it is understandable without the source. | value: This concerns research methodology rather than core responsible-AI knowledge.",,
toward-understanding-the-role-of-generative-ai:0005:q0,pilot,False,not_standalone(prefilter:'the review'),True,application,general,hard,"A researcher reviewing generative AI in entrepreneurship education finds a pre-2022 paper that uses the vague label ""Artificial Intelligence"" and describes a prototype system that produces content. Under what conditions could that paper still be retained in the review?","A reviewer of generative AI in entrepreneurship education encounters a pre-2022 paper that uses the ambiguous term ""Artificial Intelligence"" and presents a prototype content-producing system. When may it be kept in the review?","When can an older pre-2022 paper that ambiguously refers to ""Artificial Intelligence"" but describes a prototype generative system be retained in a review of generative AI in entrepreneurship education?","Studies were retained only if they showed a clear conceptual or technical alignment with the core characteristics of generative AI, such as GANs, LLMs, transformer-based architectures, or neural networks designed for content generation. Earlier studies on algorithmic foundations, prototype generative systems, or theoretical frameworks directly relevant to functionalities later embodied in generative tools were considered eligible, particularly those published before 2022, prior to the public release of large-scale platforms such as ChatGPT and DALL-E.","Toward understanding the role of generative AI in entrepreneurship education: A systematic review, p. 3","Specifically, studies were retained only if they demonstrated a clear conceptual or technical alignment with the core characteristics of GAI including the use of generative adversarial networks (GANs), LLMs, transformer-based architectures, or neural networks specifically designed for content generation. … Earlier studies that focused on algorithmic foundations, prototype generative systems, or theoretical frameworks directly relevant to the functionalities later embodied in generative tools were considered eligible for inclusion particularly those published prior to 2022, before the public release of large-scale GAI platforms such as ChatGPT and DALL-E.",,,,prefilter: the review,,
toward-understanding-the-role-of-generative-ai:0005:q1,pilot,False,low_value(2),False,definition,general,medium,"In a systematic review of generative AI in entrepreneurship education, what technical alignment with generative AI had a study to demonstrate to be retained?",What conceptual or technical characteristics of generative AI did a study need to show to be kept in a review of generative AI in entrepreneurship education?,Which kinds of technologies counted as aligning with generative AI when deciding whether to retain studies in a review on entrepreneurship education?,"Studies were retained only if they demonstrated a clear conceptual or technical alignment with the core characteristics of generative AI. This included the use of generative adversarial networks (GANs), LLMs, transformer-based architectures, or neural networks specifically designed for content generation.","Toward understanding the role of generative AI in entrepreneurship education: A systematic review, p. 3","Specifically, studies were retained only if they demonstrated a clear conceptual or technical alignment with the core characteristics of GAI including the use of generative adversarial networks (GANs), LLMs, transformer-based architectures, or neural networks specifically designed for content generation.",5,True,2,"The answer restates the evidence directly. It expands GAI to generative AI and leaves the listed technologies unchanged. | The question identifies the review by its topic and is understandable without the source, although its phrasing is awkward. | value: This concerns the inclusion criteria of a systematic review, which is methodology rather than domain knowledge.",,
toward-understanding-the-role-of-generative-ai:0005:q2,pilot,False,low_value(2),False,definition,general,medium,"Which kinds of earlier, pre-2022 studies were considered eligible in a review of generative AI in entrepreneurship education?",What types of studies published before 2022 counted as eligible in a review of generative AI in entrepreneurship education?,"In a review on generative AI in entrepreneurship education, which earlier studies were eligible for inclusion?","Earlier studies were eligible if they focused on algorithmic foundations, prototype generative systems, or theoretical frameworks directly relevant to the functionalities later embodied in generative tools. This applied particularly to those published prior to 2022, before the public release of large-scale GAI platforms such as ChatGPT and DALL-E.","Toward understanding the role of generative AI in entrepreneurship education: A systematic review, p. 3","Earlier studies that focused on algorithmic foundations, prototype generative systems, or theoretical frameworks directly relevant to the functionalities later embodied in generative tools were considered eligible for inclusion particularly those published prior to 2022, before the public release of large-scale GAI platforms such as ChatGPT and DALL-E.",5,True,2,"The answer restates the evidence nearly verbatim: the three study types, the pre-2022 timing, and the reference to ChatGPT and DALL-E. | The question names the review by its topic (generative AI in entrepreneurship education), which is acceptable, and it uses no source-dependent wording. | value: This covers review inclusion criteria, which is research methodology and of low domain value.",,
toward-understanding-the-role-of-generative-ai:0005:q3,pilot,False,low_value(2),False,explanation,monitoring_improvement,medium,Why is quality assessment during full-text review considered important in systematic evaluations?,Why does quality assessment matter during the full-text review stage of a systematic review?,What makes quality assessment in full-text review a critical step in systematic evaluations?,Quality assessment during full-text review is a critical step in systematic evaluations because it significantly impacts the reliability of research findings.,"Toward understanding the role of generative AI in entrepreneurship education: A systematic review, p. 3","During the full-text review, a quality assessment was conducted, a critical step in systematic evaluations that significantly impacts the reliability of research findings (Okoli, 2015; Xiao & Watson, 2019).",5,True,2,The answer directly restates the evidence that quality assessment is a critical step that significantly impacts the reliability of research findings. | The question is self-contained and needs no source context to understand. | value: This concerns systematic review methodology rather than responsible AI or AI in higher education.,,
toward-understanding-the-role-of-generative-ai:0005:q4,pilot,True,,False,factual,teaching_learning,easy,What limitation has been noted in research on how AI may support student motivation in entrepreneurship education?,What gap exists in studies exploring AI support for student motivation in entrepreneurship education?,What has research on AI and student motivation in entrepreneurship education discussed only to a limited extent?,"Specific research has explored how AI may support student motivation, but it has offered limited discussion of entrepreneurship education's pedagogical models and instructional strategies.","Toward understanding the role of generative AI in entrepreneurship education: A systematic review, p. 3","Likewise, specific research has explored how AI may support student motivation, but it has offered limited discussion on EE's pedagogical models and instructional strategies (Artemova, 2024).",5,True,3,"The answer restates the evidence directly, expanding EE to entrepreneurship education, which is a trivial clarification. | The question is clear without the source and needs no further context. | value: It identifies a narrow research gap in AI and entrepreneurship education, which is acceptable but limited.",,
toward-understanding-the-role-of-generative-ai:0024:q0,pilot,True,,False,factual,general,easy,What three core dimensions through which generative AI enhances entrepreneurship education were identified in a systematic review of 50 papers?,A systematic review of 50 papers on generative AI in entrepreneurship education identified which three core dimensions of enhancement?,Which three dimensions of generative AI's enhancement of entrepreneurship education emerged from a 50-paper systematic review?,"The review identified three core dimensions: teaching and learning, entrepreneurial capabilities, and the entrepreneurial ecosystem.","Toward understanding the role of generative AI in entrepreneurship education: A systematic review, p. 14","This study systematically reviewed 50 relevant papers and identified three core dimensions of GAI enhancing EE: teaching and learning, entrepreneurial capabilities, and the entrepreneurial ecosystem.",5,True,4,"The answer directly restates the three dimensions named in the evidence. | The question identifies the study by its content (a systematic review of 50 papers) and uses no undefined acronyms or references to unseen context. | value: A useful framework for how generative AI supports entrepreneurship education, though somewhat specific.",,
toward-understanding-the-role-of-generative-ai:0024:q1,pilot,True,,False,application,teaching_learning,hard,"A university entrepreneurship program wants students to build confidence in business model development and market analysis. What can AI-powered business plan evaluation systems offer, and what effect on students is reported?","An entrepreneurship program at a university aims to strengthen students' confidence regarding business models and market analysis. What do AI-powered business plan evaluation systems provide, and with what reported result?","In a university entrepreneurship program aiming to strengthen students' confidence in developing business models and analyzing markets, what do AI-powered business plan evaluation systems provide, and what impact on students has been reported?",AI-powered business plan evaluation systems provide intelligent feedback that helps students better understand critical aspects of business model development and market analysis. This in turn increases their entrepreneurial confidence.,"Toward understanding the role of generative AI in entrepreneurship education: A systematic review, p. 14","For example, AI-powered business plan evaluation systems provide intelligent feedback, helping students better understand critical aspects of business model development and market analysis, thereby increasing their entrepreneurial confidence (Lesinskis et al., 2023; T. Nuseir et al., 2020).",5,True,4,"The answer restates the evidence almost verbatim: intelligent feedback, better understanding of business model development and market analysis, and increased entrepreneurial confidence. | The question sets up a concrete scenario and names the technology, with no reference to an unseen source. | value: This is a useful, somewhat specific application of AI feedback in entrepreneurship education.",,
toward-understanding-the-role-of-generative-ai:0024:q2,pilot,True,,False,explanation,teaching_learning,medium,How do AI-driven entrepreneurial simulation systems improve students' ability to handle complex business scenarios?,Why do AI-driven entrepreneurial simulation systems help students deal better with complex business scenarios?,By what means do AI-driven entrepreneurial simulations strengthen students' handling of complex business scenarios?,"These simulation systems let students practice entrepreneurial decision-making in a low-risk environment and give them instant feedback, which improves their ability to handle complex business scenarios.","Toward understanding the role of generative AI in entrepreneurship education: A systematic review, p. 14","For instance, AI-driven entrepreneurial simulation systems enable students to practice entrepreneurial decision-making in a low-risk environment, providing instant feedback and improving their ability to handle complex business scenarios (Chen et al., 2022; Mavlutova et al., 2020; Nowak, 2020).",5,True,4,"The answer directly restates the evidence: practice in a low-risk environment, instant feedback, and improved handling of complex scenarios. | The question names the technology by its content and does not refer to any unseen source. | value: This is useful and somewhat specific knowledge about how AI is applied in entrepreneurship education.",,
toward-understanding-the-role-of-generative-ai:0024:q3,pilot,True,,False,definition,teaching_learning,medium,"What shift in AI-powered learning models in entrepreneurship education has been observed, and what benefit may it bring?","How are AI-powered learning models in entrepreneurship education changing compared with traditional courses, and what may this improve?","What change is occurring in entrepreneurship education learning models powered by AI, and what outcomes might it contribute to?","AI-powered learning models in entrepreneurship education are shifting from traditional static courses toward more personalized, immersive, and data-driven approaches. This may contribute to improved student learning experiences and knowledge acquisition.","Toward understanding the role of generative AI in entrepreneurship education: A systematic review, p. 14","AIpowered learning models in EE are increasingly shifting from traditional static courses toward more personalized, immersive, and datadriven approaches, which may contribute to improved student learning experiences and knowledge acquisition.",5,True,4,"The answer restates the evidence almost verbatim, covering both the shift toward personalized, immersive, data-driven approaches and the potential benefit. It adds nothing beyond what the evidence says. | The question names its topic, AI-powered learning models in entrepreneurship education, explicitly and does not refer to any unseen source. | value: This is useful domain knowledge about how AI is changing pedagogy in one specific field of higher education.",,
toward-understanding-the-role-of-generative-ai:0024:q4,pilot,True,,False,application,teaching_learning,hard,An entrepreneurship instructor is limited by class time and office hours and also wants students to make better-informed business decisions. Which AI tools and effects are reported for these needs?,"How might an entrepreneurship instructor with limited class time and availability use AI to support learning and better student business decisions, according to reported findings?",What AI tools address instructor-availability limits and improve students' business decision-making in entrepreneurship education?,"LLM-based intelligent question-answering tools remove classroom constraints related to time and instructor availability, making learning more autonomous and flexible. AI-supported data-driven market analysis and AI-powered risk assessment enable students to make more rational business decisions based on comprehensive information, improving their adaptability to market changes.","Toward understanding the role of generative AI in entrepreneurship education: A systematic review, p. 14","Additionally, intelligent question-answering tools based on LLMs remove traditional classroom constraints related to time and instructor availability, making learning more autonomous and flexible (Liang & Bai, 2024; Torres Ortega et al., 2025). … Furthermore, AI-supported data-driven market analysis and AI-powered risk assessment enable students to make more rational business decisions based on comprehensive information, improving their adaptability to market changes (Obschonka & Audretsch, 2020; Townsend & Hunt, 2019).",5,True,4,"Every statement in the answer directly restates the two quoted sentences about LLM-based question-answering tools, data-driven market analysis and AI-powered risk assessment. | The scenario is self-contained, and 'reported' refers generally to published findings rather than to an unseen text. | value: It covers useful, somewhat specific applications of AI in entrepreneurship education.",,
toward-understanding-the-role-of-generative-ai:0033:q0,pilot,True,,False,explanation,general,medium,"Why might the literature on generative AI in entrepreneurship education give a skewed picture of its effects, and what should future studies do about it?","How could publication bias distort what is known about generative AI in entrepreneurship education, and what remedy should future research adopt?","What distortion could publication bias introduce into research on generative AI in entrepreneurship education, and how should future studies counter it?","Publication bias may lead to an overrepresentation of generative AI's positive effects while underreporting drawbacks such as increased student dependence, academic integrity concerns, and ethical challenges. Future studies should incorporate unpublished datasets, industry reports, and real-world educational experiments to provide a more balanced perspective.","Toward understanding the role of generative AI in entrepreneurship education: A systematic review, p. 19","Potential publication bias may also lead to an overrepresentation of GAI's positive effects, while underreporting its drawbacks, such as increased student dependence, concerns about academic integrity, and ethical challenges. … Future studies should incorporate unpublished datasets, industry reports, and real-world educational experiments to provide a more balanced perspective.",5,True,4,"Every statement in the answer is directly restated from the evidence, with no additions. | The question names its topic, generative AI in entrepreneurship education, and does not refer to any unseen source. | value: It is a useful point about evidence bias in research on AI in education and how to correct it.",,
toward-understanding-the-role-of-generative-ai:0033:q1,pilot,True,,False,explanation,general,medium,"Why is it uncertain whether findings on generative AI in entrepreneurship education apply beyond universities, and what research would help?","What limits the generalizability of research on generative AI in entrepreneurship education, and what kind of research would give deeper insight?","What makes it unclear whether results about generative AI in entrepreneurship education carry over to settings outside universities, and what kind of research would address this?","Most reviewed studies focus on higher education, particularly at the university level, so applicability to vocational training, informal learning, or culturally diverse educational environments remains uncertain. Expanding research to include longitudinal and cross-cultural analyses would provide deeper insights into the sustained impact and adaptability of generative-AI-enabled entrepreneurship education.","Toward understanding the role of generative AI in entrepreneurship education: A systematic review, p. 19","Second, the generalizability of the findings is limited by the fact that most reviewed studies focus on higher education, particularly at the university level. The applicability of these approaches to other contexts, such as vocational training, informal learning, or culturally diverse educational environments, remains uncertain. Expanding research to include longitudinal and cross-cultural analyses would provide deeper insights into the sustained impact and adaptability of GAI-enabled EE.",5,True,3,"Every statement in the answer is restated directly from the evidence. That covers the university focus, the uncertain applicability to vocational, informal and culturally diverse settings, and the call for longitudinal and cross-cultural research. | The question names its topic, generative AI in entrepreneurship education, by content. It does not refer to an unseen source or use undefined acronyms. | value: This is a narrow review-limitation point about research scope, though it touches on the generalizability of findings about AI in education.",,
toward-understanding-the-role-of-generative-ai:0033:q2,pilot,True,,True,definition,teaching_learning,medium,"In research on generative-AI-enabled entrepreneurship education, what mediating and moderating factors are proposed to shape the effect of generative-AI personalized feedback on entrepreneurial intention?",Which mediator and which moderators are proposed to govern how generative-AI personalized feedback influences students' entrepreneurial intention in entrepreneurship education?,"In generative-AI entrepreneurship education research, what variable is proposed to mediate, and what variables to moderate, the impact of AI-driven personalized feedback on entrepreneurial intention?","The effect of generative-AI-enabled personalized feedback on entrepreneurial intention is proposed to be mediated by entrepreneurial self-efficacy. It is proposed to be moderated by institutional support, digital literacy, and prior entrepreneurial experience.","Toward understanding the role of generative AI in entrepreneurship education: A systematic review, p. 19","Research Proposition 1: The effect of GAI-enabled personalized feedback on entrepreneurial intention is mediated by entrepreneurial self-efficacy and moderated by institutional support, digital literacy, and prior entrepreneurial experience. Future studies could test this proposition using SEM and randomized controlled trials, comparing GAI-driven and traditional instructional strategies to establish causality and assess long-term outcomes.",5,True,4,"The answer restates the proposition exactly: entrepreneurial self-efficacy is the mediator, and institutional support, digital literacy and prior entrepreneurial experience are the moderators. | The question names its research area and its variables explicitly, so it is clear without the source. | value: This is a useful, somewhat specific research proposition about how AI feedback affects outcomes in entrepreneurship education.",,
toward-understanding-the-role-of-generative-ai:0033:q3,pilot,False,not_standalone(judge);low_value(2),False,explanation,monitoring_improvement,medium,"Why is it hard to establish causal relationships about generative AI's influence on entrepreneurship education, and what should future research integrate?","What limits causal claims about generative AI's influence on entrepreneurship education, and what future methods are suggested?","Why can causality not be established in current research on generative AI in entrepreneurship education, and what should later studies include?","The review used thematic analysis without a meta-analysis, which could provide a quantitative assessment of generative AI's influence, and reliance on prior research limits the ability to establish causal relationships. Future research should integrate systematic meta-analyses and longitudinal empirical studies to validate the mechanisms through which generative AI improves entrepreneurial competencies and outcomes.","Toward understanding the role of generative AI in entrepreneurship education: A systematic review, p. 19","This study employs thematic analysis to synthesize existing research and identify key trends; however, it does not include a meta-analysis, which could provide a quantitative assessment of GAI's influence. Moreover, reliance on prior research limits the ability to establish causal relationships. Future research should integrate systematic meta-analyses and longitudinal empirical studies to validate the mechanisms through which GAI improves entrepreneurial competencies and outcomes.",5,False,2,"Every statement in the answer is a close restatement of the evidence: thematic analysis without meta-analysis, reliance on prior research, and the call for meta-analyses and longitudinal studies. | The question reads as if it concerns the field in general, but the expected answer describes one unnamed review's methodological limitations. That cannot be known without the source. | value: It concerns a single study's research-methodology limitations and future-research suggestions, which is low-value methodology content.",,
toward-understanding-the-role-of-generative-ai:0033:q4,pilot,True,,True,explanation,equity_accessibility,medium,"How might cultural and contextual settings affect the effectiveness of generative-AI-enabled entrepreneurship education, and which macro-level factors are proposed as influences?","In what way could cultural and contextual settings change how effective generative-AI-enabled entrepreneurship education is, and which macro-level factors are proposed to influence it?",Which macro-level factors are proposed to make the effectiveness of generative-AI-enabled entrepreneurship education vary across cultural and contextual settings?,"The effectiveness of generative-AI-enabled entrepreneurship education is proposed to vary across cultural and contextual settings. This variation is influenced by macro-level factors such as government support, economic conditions, and cultural norms.","Toward understanding the role of generative AI in entrepreneurship education: A systematic review, p. 19","Research Proposition 2: The effectiveness of GAI-enabled EE varies across cultural and contextual settings, influenced by macro-level factors such as government support, economic conditions, and cultural norms. Future research could apply HLM and Hofstede's Cultural Dimensions Theory to examine how uncertainty avoidance, collectivism, and digital infrastructure moderate learners' trust in GAI and their collaborative behaviors.",5,True,4,"The answer directly restates Research Proposition 2, including the three macro-level factors named in the evidence. | The question names its topic by content and has no source references or undefined acronyms. | value: This is a useful proposition about contextual influences on AI-enabled entrepreneurship education, though somewhat specific.",,
be-aiware-an-ai-competency-model-for-k-12:0004:q0,pilot,True,,False,definition,student_ai_literacy,easy,"What do the four K-12 AI curricula, three mapped by UNESCO and one developed by T. K. F. Chiu in 2021, primarily introduce to K-12 students and teachers?","What is the main content that four K-12 AI curricula, three mapped by UNESCO and one by Chiu (2021), introduce to K-12 students and teachers?","What is the main content that the four K-12 AI curricula, three of which UNESCO mapped and one that T. K. F. Chiu developed in 2021, present to K-12 students and teachers?",They primarily introduce basic AI concepts to K-12 students and teachers.,"Be AIware! An AI Competency Model for K-12 Education, p. 3","Four K-12 AI curricula, three mapped by UNESCO (UNESCO, 2022; 2024a; 2024b) and the other developed by T. K. F. Chiu (2021), primarily introduce basic AI concepts to K-12 students and teachers.",5,True,3,"The answer directly restates the evidence: the curricula primarily introduce basic AI concepts. | The question names the curricula by content (UNESCO-mapped and Chiu 2021) without presupposing an unseen source. | value: This is an acceptable but narrow fact about the focus of K-12 AI curricula, which is tangential to higher education.",,
be-aiware-an-ai-competency-model-for-k-12:0004:q1,pilot,True,,False,definition,faculty_readiness,medium,"What does the AI competency work of Celik (2023) do with the TPACK model, and what is its purpose?","How did Celik (2023) extend the TPACK model, and for what purpose?","What addition did Celik (2023) make to the TPACK model, and what was it meant to support?",Celik (2023) extended the TPACK model to include AI competencies for teacher development.,"Be AIware! An AI Competency Model for K-12 Education, p. 3","Celik (2023) extended the TPACK model to include AI competencies for teacher development, while Long and Magerko (2020) focusing on K-12 and Carolus et al. (2023) focusing on citizens' competencies, using literature reviews to shape their frameworks.",5,True,4,"The answer directly restates the evidence that Celik (2023) extended TPACK to include AI competencies for teacher development. | The question names a specific study (Celik 2023) and a named model, and it does not refer to unseen context. TPACK is a widely known acronym in educational technology. | value: It is useful domain knowledge about an AI competency framework for teacher development.",,
be-aiware-an-ai-competency-model-for-k-12:0004:q2,pilot,False,low_value(2),False,factual,general,easy,Which regions did Sanusi et al. (2022) and D. Lee et al. (2022) focus on when adapting AI competencies regionally?,Where did Sanusi et al. (2022) and D. Lee et al. (2022) respectively adapt AI competencies regionally?,"Sanusi et al. (2022) and D. Lee et al. (2022) adapted AI competencies for which two regions, respectively?",Sanusi et al. (2022) focused on Africa and D. Lee et al. (2022) focused on Korea.,"Be AIware! An AI Competency Model for K-12 Education, p. 3","Regional adaptations are seen in studies by Sanusi et al. (2022) and D. Lee et al. (2022) focusing on AI competencies within Africa and Korea, respectively.",5,True,2,"The evidence directly states that Sanusi et al. focused on Africa and D. Lee et al. focused on Korea. | The question names the specific studies and asks clearly about the regions they covered, without referring to an unseen source. | value: Which regions particular studies covered is low-value study-coverage detail.",,
be-aiware-an-ai-competency-model-for-k-12:0004:q3,pilot,False,low_value(2),False,factual,teaching_learning,easy,"What kind of framework did Blok et al. (2021) develop to address higher education competencies, and how?",How did Blok et al. (2021) address higher education competencies in AI?,"What framework did Blok et al. (2021) create for higher education competencies, and through what means?",Blok et al. (2021) developed a K-16 framework through collaborative academic partnerships.,"Be AIware! An AI Competency Model for K-12 Education, p. 3","Higher education competencies are addressed by Blok et al. (2021), who developed a K-16 framework through collaborative academic partnerships.",5,True,2,"The answer directly restates the evidence: a K-16 framework developed through collaborative academic partnerships. | The question names a specific study by author and year and asks a clear question about it, without referring to unseen context. | value: The pair is a narrow citation detail about one paper's framework, with little substantive domain knowledge.",,
be-aiware-an-ai-competency-model-for-k-12:0004:q4,pilot,False,low_value(2),False,factual,general,easy,What method did Leidig et al. (2020) use to ensure expert consensus on digital competencies for information systems programs?,How did Leidig et al. (2020) achieve expert consensus on digital competencies for information systems programs?,Which method did Leidig et al. (2020) employ to establish expert agreement on digital competencies for information systems programs?,"Leidig et al. (2020) used a Delphi method, ensuring expert consensus on digital competencies for information systems programs.","Be AIware! An AI Competency Model for K-12 Education, p. 3","Ng et al. (2023) addressed post-pandemic education through a literature review, while Leidig et al. (2020) used a Delphi method, ensuring expert consensus on digital competencies for information systems programs.",5,True,2,"The answer restates the evidence almost verbatim: Leidig et al. (2020) used a Delphi method to ensure expert consensus. | The question names the specific study by its authors and topic, and it does not refer to any unseen context. | value: The pair concerns the research methodology of a single study, which has low domain value.",,
be-aiware-an-ai-competency-model-for-k-12:0002:q0,pilot,True,,False,factual,student_ai_literacy,easy,What risks does generative AI pose for younger K-12 students who can use these tools on their own?,Which concerns arise when younger K-12 students independently use generative AI tools?,What key issues does generative AI raise for younger school students using it independently?,"Generative AI presents distinct concerns for younger students who can use the tools independently. Key issues include algorithmic bias, hallucinations (plausible but false information), and over-reliance, which can lead to inaccuracies and affect learning outcomes.","Be AIware! An AI Competency Model for K-12 Education, p. 2","While overlapping with general AI risks, GAI presents distinct concerns for younger students who can independently use these tools. Key issues include algorithmic bias, hallucinations (plausible but false information), and over-reliance, which can lead to inaccuracies and impact learning outcomes.",5,True,3,"The answer restates the evidence almost verbatim: bias, hallucinations and over-reliance leading to inaccuracies and effects on learning. | The question is clear and self-contained, and K-12 is a widely understood term. | value: The question covers relevant AI risks, but its K-12 focus sits outside the core higher-education scope.",,
be-aiware-an-ai-competency-model-for-k-12:0002:q1,pilot,True,,False,application,student_ai_literacy,hard,A secondary school teacher in grades 7-9 lets students use a chatbot and an image generator for a project. What difficulties with students' handling of these outputs should the teacher expect?,A teacher of grades 7-9 has students use a chatbot and an image generator on a project. What problems in how students deal with the outputs should be anticipated?,Middle school students in grades 7-9 are using a chatbot and an image generator for a project. What student difficulties with the AI outputs should their teacher expect?,Middle school learners often struggle to critically evaluate AI-generated responses and may over-trust misleading outputs. Image generators have also been shown to reinforce biased representations.,"Be AIware! An AI Competency Model for K-12 Education, p. 2","For middle school students (grades 7-9), studies show that learners often struggle to critically evaluate AI-generated responses and may over-trust misleading outputs (Abdelghani et al., 2025). In parallel, tools like image generators have been shown to reinforce biased representations.",5,True,4,"Both statements (struggles with critical evaluation and over-trust; image generators reinforcing biased representations) are directly stated in the evidence. | The question describes a concrete scenario, and the grade range and tools are spelled out, with no reference to an unseen source. | value: Over-trust in AI and biased outputs among young learners are useful, practical AI-literacy risks for educators.",,
be-aiware-an-ai-competency-model-for-k-12:0002:q2,pilot,True,,False,application,student_ai_literacy,hard,"A high school in grades 10-12 notices students increasingly using generative AI for writing, coding, and ideation. What ethical issues arise, and what is essential in response?","Students in grades 10-12 are using generative AI more for writing, coding, and ideation. Which ethical issues does this raise and what is essential?","What ethical problems follow when high schoolers increasingly use generative AI for writing, coding, and ideation, and what response is essential?","This use raises ethical issues such as over-reliance on AI-generated content, blurred authorship, and uncritical acceptance of outputs. Age-appropriate competencies are essential to support critical engagement, promote ethical awareness, and ensure students can responsibly use generative AI tools in learning.","Be AIware! An AI Competency Model for K-12 Education, p. 2","High school students (grades 10-12) increasingly use GAI tools to support writing, coding, and ideation. This raises ethical issues such as over-reliance on AI-generated content, blurred authorship, and uncritical acceptance of outputs (Kasneci et al., 2023). Age-appropriate competencies are therefore essential to support critical engagement, promote ethical awareness, and ensure students can responsibly use GAI tools in learning.",5,True,4,"The answer restates the three ethical issues and the call for age-appropriate competencies exactly as the evidence gives them. | The question sets up a self-contained scenario and does not refer to any unseen source. | value: It covers useful responsible-AI knowledge, though it concerns secondary education rather than higher education.",,
be-aiware-an-ai-competency-model-for-k-12:0002:q3,pilot,True,,False,application,assessment,hard,A teacher wants to use an AI detector to catch AI-written student work and also lets students make images with a generator. What concerns about detection and about generative AI more broadly should the teacher weigh?,A teacher plans to rely on an AI detector for student work and allows image generation by students. Which concerns about detectors and generative AI generally apply?,What detection-related and wider generative AI concerns should a teacher consider when using an AI detector and permitting student image generators?,"Teachers struggle with detecting AI-generated work because current detection tools are unreliable. Generative AI also raises concerns about reduced creativity, data privacy, and the growing presence of AI-generated content like deepfakes and fake news on social media.","Be AIware! An AI Competency Model for K-12 Education, p. 2","Teachers also struggle with detecting AI-generated work, as current detection tools are unreliable. Additionally, GAI raises concerns about reduced creativity, data privacy, and the increasing presence of AIgenerated content like deepfakes and fake news on social media.",5,True,4,"Every statement in the answer is a close restatement of the evidence, with no additions. | The question is self-contained, uses no undefined acronyms and does not presuppose a source. | value: It covers useful concerns about AI detector reliability and the broader risks of generative AI in education.",,
be-aiware-an-ai-competency-model-for-k-12:0002:q4,pilot,True,,True,factual,equity_accessibility,easy,"What can happen when AI systems are trained on biased data, and how might AI-driven recruitment systems illustrate this?","What can result from training AI systems on biased data, and how do AI recruitment systems show this?","How can biased training data affect AI systems, for instance in AI-driven hiring?","AI systems trained on biased data can unintentionally reinforce stereotypes or unfairly exclude certain groups. For example, AI-driven recruitment systems may favor particular demographics if historical data reflects biased hiring practices, perpetuating inequalities.","Be AIware! An AI Competency Model for K-12 Education, p. 2","AI systems trained on biased data can unintentionally reinforce stereotypes or unfairly exclude certain groups. For example, AI-driven recruitment systems may favor particular demographics if historical data reflects biased hiring practices, perpetuating inequalities.",5,True,5,"The answer reproduces the evidence verbatim, with no added claims. | The question is self-contained, uses no source references, and has no undefined terms. | value: Algorithmic bias and its illustration through recruitment systems is core responsible-AI knowledge.",,
be-aiware-an-ai-competency-model-for-k-12:0008:q0,pilot,True,,True,definition,teaching_learning,easy,What does it mean that the Be AIware AI competency model for K-12 education was designed to be modular and mappable?,What is meant by the Be AIware K-12 AI competency model being modular and mappable?,"In the Be AIware AI competency model for K-12 schools, what do the design features modular and mappable involve?",The Be AIware model was designed to be modular and mappable to existing subjects and educational frameworks.,"Be AIware! An AI Competency Model for K-12 Education, p. 5","To address this, the model was designed to be modular and mappable to existing subjects and educational frameworks.",4,True,3,"The answer restates the evidence that the model is modular and mappable to existing subjects and frameworks. The evidence says only ""the model"" and does not itself name Be AIware, though the answer adds nothing else unsupported. | The question names the specific Be AIware model and its K-12 context, so it is understandable without the source. | value: A narrow design detail of a K-12 AI competency model that is only somewhat tied to AI in higher education.",,
be-aiware-an-ai-competency-model-for-k-12:0008:q1,pilot,False,low_value(2),False,factual,teaching_learning,easy,By how many competencies was the Be AIware K-12 AI competency list reduced through iterative focus group refinement?,How many competencies were in the Be AIware K-12 list before and after focus group refinement?,"Through focus group refinement, the Be AIware K-12 competency list went from how many items to how many?",The competency list was refined from 140 to 98 by excluding duplicates and renaming some items.,"Be AIware! An AI Competency Model for K-12 Education, p. 5",This process resulted in refining the competencies from 140 to 98 by excluding duplicates and renaming some.,5,True,2,"The answer's figures (140 to 98) and the reasons given (excluding duplicates and renaming some items) are directly stated in the evidence. The answer does not explicitly state the difference of 42, but it involves no unsupported claim. | The question names the specific Be AIware K-12 competency list and the refinement process, so it is understandable without seeing the source. | value: A count of how many items were dropped during development is a methodological detail with little substantive domain value.",,
be-aiware-an-ai-competency-model-for-k-12:0008:q2,pilot,True,,False,application,teaching_learning,hard,A school district is designing a K-12 AI curriculum and wants to include competencies such as GANs and heuristic searches for all students. What does the Be AIware competency model work indicate about such items?,A K-12 district plans to teach all students GANs and heuristic searches as AI competencies. What did the Be AIware model development find about such items?,"If a school system wants to add GANs and heuristic search to a general K-12 AI curriculum, what does the Be AIware model's refinement say about them?","Items like GANs, algorithm explanation, model training types, and heuristic searches were considered too advanced for K-12 learners without specialized preparation, so they were removed. This aligns with Blikstein (2018), who cautions against introducing deep computer science topics without sufficient scaffolding.","Be AIware! An AI Competency Model for K-12 Education, p. 5","For example, items like GANs, algorithm explanation, model training types, and heuristic searches were considered too advanced for K-12 learners without specialized preparation. This decision aligns with findings from Blikstein (2018), who cautions against introducing deep computer science topics without sufficient scaffolding. … This process resulted in refining the competencies from 140 to 98 by excluding duplicates and renaming some.",4,True,4,"The evidence says these items were considered too advanced and refers to 'this decision.' The explicit claim that they were removed is a slight inference from that phrasing, though a reasonable one. | The question names the Be AIware competency model and sets up a concrete scenario. GANs is a widely known term in the AI domain. | value: Useful guidance on how age-appropriate K-12 AI competencies should be scoped.",,
be-aiware-an-ai-competency-model-for-k-12:0008:q3,pilot,True,,True,explanation,teaching_learning,medium,Why does a granular competency structure matter for the Be AIware K-12 AI competency model?,What benefit of a granular structure for K-12 AI competencies was confirmed by practical insights in the Be AIware model?,"In the Be AIware K-12 AI competency model, why was a granular competency structure valuable?",Insights from practice confirmed that a granular structure improves alignment with school-based needs and curricular integration. The model was also designed to be modular and mappable to existing subjects and educational frameworks.,"Be AIware! An AI Competency Model for K-12 Education, p. 5","To address this, the model was designed to be modular and mappable to existing subjects and educational frameworks. … Insights from practice also confirmed that a granular structure improves alignment with school-based needs and curricular integration.",5,True,3,"Both statements, the benefit of granularity and the modular, mappable design, are directly stated in the evidence. | The question names the specific Be AIware K-12 AI competency model and needs no unseen context. | value: This is a narrow design point about a K-12 AI competency model, only tangential to higher education.",,
be-aiware-an-ai-competency-model-for-k-12:0008:q4,pilot,True,,False,factual,student_ai_literacy,easy,What classroom concerns about AI did teachers raise in interviews for the Be AIware K-12 competency model?,Which AI-related classroom concerns did teachers highlight when the Be AIware K-12 model was developed?,What worries about AI in the classroom did teachers voice in the Be AIware interviews?,"Teachers highlighted the risks of over-reliance on AI tools, the importance of independent thinking, and the integration of ethical reasoning into subjects like philosophy and social studies.","Be AIware! An AI Competency Model for K-12 Education, p. 5","Teachers highlighted classroom-relevant concerns, including the risks of over-reliance on AI tools, the importance of independent thinking, and the integration of ethical reasoning into subjects like philosophy and social studies (Teacher 1, June 5, 2023; Teacher 2, July 12, 2023; Teacher 3, July 13, 2023; Teacher 4, July 15, 2023).",5,True,3,"The answer restates the three concerns exactly as given in the evidence. It adds no inference or extra detail. | It names the Be AIware K-12 competency model by its content and asks a clear question without referring to an unseen source. | value: These are relevant AI-in-education concerns, but they come from a narrow K-12 interview context rather than higher education.",,
reliable-but-not-rigorous-evaluating-chatgpt-s:0002:q0,extra:assessment,True,,False,factual,assessment,easy,What tendency do multiple studies document in how AI systems assign grades to student work?,What grading tendency have multiple studies found in AI systems?,"How do AI grading systems tend to behave when marking student submissions, according to multiple studies?",Multiple studies document a consistent tendency toward leniency. AI systems assign higher marks and under-penalize weak submissions.,"Reliable but not rigorous: Evaluating ChatGPT's reliability, validity, and bias in automated academic grading, p. 2","Multiple studies document a consistent tendency toward leniency, wherein AI systems assign higher marks and under-penalize weak submissions (Jukiewicz, 2024; Crosthwaite & Ma, 2025).",5,True,5,"The answer directly restates the evidence: a consistent leniency tendency, with higher marks and under-penalized weak submissions. | The question clearly asks about a documented tendency in AI grading of student work and does not refer to an unseen source. | value: AI grading leniency is a core risk for assessment in higher education.",,
reliable-but-not-rigorous-evaluating-chatgpt-s:0002:q1,extra:assessment,True,,False,factual,assessment,easy,What benefits can AI-based grading systems offer instructors and students?,What advantages have been reported for AI-based grading systems?,In what ways can AI-based grading systems help both instructors and students?,"AI-based systems can reduce instructor workload, improve scoring consistency, and provide faster feedback.","Reliable but not rigorous: Evaluating ChatGPT's reliability, validity, and bias in automated academic grading, p. 2","AI-based systems can reduce instructor workload, improve scoring consistency, and provide faster feedback (Seneviratne & Manathunga, 2025).",5,True,4,"The answer restates the evidence almost verbatim: reduced instructor workload, improved scoring consistency and faster feedback. | The question is clear without the source and contains no source references or undefined terms. | value: These are useful, commonly cited benefits of AI-assisted assessment in higher education.",,
reliable-but-not-rigorous-evaluating-chatgpt-s:0002:q2,extra:assessment,True,,False,definition,assessment,medium,What three possible explanations for AI grading leniency do prior studies often fail to tell apart?,Which three possible sources of leniency in AI grading are often not distinguished in earlier research?,"When AI graders are lenient, what three possible causes does prior research often not differentiate?","Prior research often fails to differentiate whether leniency represents an inherent model bias, a reflection of training data distributions, or limitations of rubric application.","Reliable but not rigorous: Evaluating ChatGPT's reliability, validity, and bias in automated academic grading, p. 2","Importantly, prior research often fails to differentiate whether this leniency represents an inherent model bias, a reflection of training data distributions, or limitations of rubric application (Lalor et al., 2024). … Multiple studies document a consistent tendency toward leniency, wherein AI systems assign higher marks and under-penalize weak submissions (Jukiewicz, 2024; Crosthwaite & Ma, 2025).",5,True,4,"The answer directly restates the three explanations named in the evidence: inherent model bias, training data distributions and rubric application limitations. | The question is self-contained and clear about AI grading leniency, and it does not refer to any unseen source. | value: It covers useful knowledge about the possible causes of bias in AI grading.",,
reliable-but-not-rigorous-evaluating-chatgpt-s:0002:q3,extra:assessment,True,,True,explanation,assessment,medium,Why must general claims of AI grading efficacy be tempered by task-specific evaluation?,Why should broad claims that AI grading works be qualified by evaluating specific tasks?,What reason is there for qualifying general claims about the efficacy of AI grading through task-specific evaluation?,"AI grading performance varies by task type, discipline, and contextual alignment with assessment rubrics. Because of this variation, general claims of AI efficacy must be tempered by task-specific evaluation. AI performs reliably in structured tasks, but its accuracy declines in open-ended or creative assignments that require nuanced contextual understanding.","Reliable but not rigorous: Evaluating ChatGPT's reliability, validity, and bias in automated academic grading, p. 2","Empirical evidence indicates that AI grading performance varies by task type, discipline, and contextual alignment with assessment rubrics, suggesting that general claims of AI efficacy must be tempered by task-specific evaluation (Condor, 2024). … While AI performs reliably in structured tasks, its accuracy declines in openended or creative assignments, where nuanced contextual understanding is required (Lo et al., 2025).",4,True,4,"Every statement is supported by the evidence. The answer only lightly rewords the source and adds a causal link that the evidence's ""suggesting that"" already implies. | The question is self-contained and clear without needing the source. | value: This is useful knowledge about the limits of AI grading reliability in assessment.",,
reliable-but-not-rigorous-evaluating-chatgpt-s:0002:q4,extra:assessment,True,,False,explanation,assessment,medium,How does the type of assignment affect the accuracy of AI grading?,In what way does assignment type change how accurate AI grading is?,In what way does the kind of assignment being graded influence how accurate AI grading is?,"AI performs reliably in structured tasks, but its accuracy declines in open-ended or creative assignments. Those assignments require nuanced contextual understanding.","Reliable but not rigorous: Evaluating ChatGPT's reliability, validity, and bias in automated academic grading, p. 2","While AI performs reliably in structured tasks, its accuracy declines in openended or creative assignments, where nuanced contextual understanding is required (Lo et al., 2025).",5,True,4,"Both statements directly restate the evidence: reliable in structured tasks, declining accuracy in open-ended or creative assignments that require nuanced contextual understanding. | The question is self-contained and refers to no unseen source or context. | value: This is a useful, practical finding about the limits of AI-assisted assessment in higher education.",,
ai-and-security-in-china-s-higher-education:0016:q0,extra:procurement_technology,True,,False,explanation,faculty_readiness,medium,"Why does a lack of cybersecurity training among students, faculty, and staff make universities more vulnerable, and what should institutions do about it?","How does missing cybersecurity training for students, faculty, and staff increase a university's exposure to cyberattacks, and what response is called for?","What is the effect of untrained students, faculty, and staff on university cyber vulnerability, and what should institutions prioritize?","A lack of cybersecurity training among students, faculty, and staff exacerbates vulnerabilities and makes individuals more susceptible to cyberattacks. Institutions must prioritize ongoing security awareness education to mitigate human error-related risks.","AI and Security in China’s Higher Education, p. 36","A lack of cybersecurity training among students, faculty, and staff exacerbates vulnerabilities, making individuals more susceptible to cyberattacks. Institutions must prioritize ongoing security awareness education to mitigate human error-related risks.",5,True,4,"The answer restates the evidence nearly verbatim, with no added claims. | The question is self-contained and makes no reference to a source. | value: It covers a useful institutional risk and recommendation on cybersecurity awareness in universities.",,
ai-and-security-in-china-s-higher-education:0016:q1,extra:procurement_technology,True,,False,application,student_ai_literacy,hard,"A university plans to build up its cybersecurity culture so that students, faculty, and staff understand their responsibilities. What measures should it adopt, and what benefits follow from a pervasive information security culture?","A campus wants staff, faculty, and students to understand and practice their security responsibilities. Which measures should it embed, and what does a pervasive information security culture deliver?","If a university aims to foster an information security culture, what activities should it use and what outcomes does such a culture bring?","Universities should embed cybersecurity norms through sustained awareness campaigns, role-based education, and continuous training, so students, faculty, and staff understand their responsibilities and practice policies proactively. A pervasive information security culture builds shared accountability, reduces human-factor breaches, and strengthens institutional resilience against evolving threats.","AI and Security in China’s Higher Education, p. 36","Universities should embed cybersecurity norms through sustained awareness campaigns, role-based education, and continuous training so students, faculty, and staff understand their responsibilities and practice policies proactively. A pervasive ISC builds shared accountability, reduces human-factor breaches, and strengthens institutional resilience against evolving threats (Li et al., 2021; Wang, 2019).",5,True,4,"The answer restates the evidence almost verbatim; it only expands the ISC acronym to information security culture. | The question describes a clear scenario, contains no source references, and spells out information security culture rather than using an acronym. | value: These are useful institutional cybersecurity culture recommendations for higher education, though only tangential to AI.",,
ai-and-security-in-china-s-higher-education:0016:q2,extra:procurement_technology,True,,False,definition,privacy_security,easy,What are malware and ransomware attacks on universities?,How do malware and ransomware attacks against universities work?,What happens in a malware or ransomware attack on a university?,"Malware and ransomware attacks are increasingly common, as attackers infiltrate university networks, encrypt files, and demand ransom payments for the return of critical data. These attacks can cause significant financial and operational disruptions.","AI and Security in China’s Higher Education, p. 36","Malware and ransomware attacks are increasingly common, as attackers infiltrate university networks, encrypt files, and demand ransom payments for the return of critical data. These attacks can cause significant financial and operational disruptions.",5,True,4,The answer reproduces the evidence verbatim. | The question is clear without the source and refers to no unseen context. | value: Cybersecurity risks to universities are useful knowledge about the institutional context.,,
ai-and-security-in-china-s-higher-education:0016:q3,extra:procurement_technology,True,,False,explanation,procurement_technology,medium,"How can poorly managed cloud services lead to data leaks at universities, and what must institutions do to reduce this risk?","Why can badly managed cloud services cause data leaks in universities, and what must institutions ensure?","In what ways can badly managed cloud services cause data leaks in universities, and what steps do institutions need to take to lower that risk?",Poorly managed cloud services with weak access controls and configuration errors can lead to data leaks. Institutions must ensure that cloud service providers comply with security protocols to mitigate these risks.,"AI and Security in China’s Higher Education, p. 36",Poorly managed cloud services with weak access controls and configuration errors can lead to data leaks. Institutions must ensure that cloud service providers comply with security protocols to mitigate these risks.,5,True,4,"The answer repeats the evidence nearly verbatim. It names weak access controls and configuration errors as causes, and provider compliance with security protocols as the mitigation. | The question is self-contained and makes no reference to an unseen source. | value: Cloud security risks to institutional data are useful, practical knowledge for higher education.",,
ai-and-security-in-china-s-higher-education:0016:q4,extra:procurement_technology,True,,False,definition,governance,medium,What does aligning data governance with laws such as GDPR and FERPA involve for universities?,What should universities do when aligning their data governance with GDPR and FERPA?,"For universities, what is involved in making their data governance consistent with regulations such as GDPR and FERPA?","Institutions should align data governance with laws like GDPR and FERPA, covering secure collection, processing, and storage. They should also educate staff and students on their rights and duties so policies are consistently followed in practice.","AI and Security in China’s Higher Education, p. 36","Institutions should align data governance with laws like GDPR and FERPA-covering secure collection, processing, and storage-while educating staff and students on their rights and duties so policies are consistently followed in practice (Liu, 2021; Xiao, 2006).",5,True,4,"The answer restates the evidence nearly verbatim; secure collection, processing and storage, together with educating staff and students, are all directly stated. | GDPR and FERPA are well-known named laws, and the question does not refer to any unseen source. | value: This is useful knowledge on data governance compliance in higher education.",,
the-formation-of-ai-capital-in-higher-education:0012:q0,extra:leadership_strategy,True,,False,definition,student_ai_literacy,medium,"In a higher-education module on AI in business environments, what is meant by ""AI Capital"", and what is the final assessment designed to let students demonstrate?","How is ""AI Capital"" defined in an AI in Business Environments module, and what does its assessment let students demonstrate?","What does ""AI Capital"" mean in a university business AI module, and what is the assignment meant to enable students to show?","AI Capital is the combined technical proficiency and strategic insight required for responsible, value-driven AI deployment in contemporary businesses. The assessment was designed to enable students to demonstrate this AI Capital.","The formation of AI Capital in higher education: Enhancing students’ academic performance and employment rates, p. 8","Ultimately, this assessment was designed to enable students to demonstrate their AI Capital, that is, the combined technical proficiency and strategic insight required for responsible, value-driven AI deployment in contemporary businesses.",5,True,3,"The definition and the assessment's purpose are both stated directly in the evidence. The answer adds no unsupported statements. | The question describes the module by its content and explains the term in quotes, so it is understandable without the source, even though it refers to ""the final assessment"" of a described module. | value: The concept of AI capital is relevant, but the pair is narrowly tied to one module's assessment.",,
the-formation-of-ai-capital-in-higher-education:0012:q1,extra:leadership_strategy,True,,False,explanation,teaching_learning,medium,Why does the model development report in the AI in Business Environments module require students to discuss ethical implications and propose strategies for transparency and fairness?,What is the reason the AI in Business Environments module's model development report asks students to address ethical implications and propose transparency and fairness strategies?,"Why are students in the AI in Business Environments module required to cover ethics, model transparency and fairness in their model development report?",The report required students to discuss the ethical implications of AI applications and propose strategies to enhance model transparency and fairness. These themes reflected the module's emphasis on ethical and responsible AI.,"The formation of AI Capital in higher education: Enhancing students’ academic performance and employment rates, p. 7","The report required students to interpret AI-driven insights (LO9, LO29), discuss the ethical implications of AI applications (LO13, LO14, LO15, LO16), and propose strategies to enhance model transparency and fairness (LO20). These themes reflected the module's emphasis on ethical and responsible AI.",5,True,3,"Both sentences of the answer are stated almost verbatim in the evidence, including the link to the module's emphasis on ethical and responsible AI. | The question names the module and the specific report by content, so it can be understood without seeing the source. | value: It is acceptable but narrow, concerning the rationale behind one module's assessment design.",,
the-formation-of-ai-capital-in-higher-education:0012:q2,extra:leadership_strategy,False,low_value(2),False,factual,assessment,easy,"What are the two components of the AI in Business Environments module assignment, and how are they weighted?","How is the AI in Business Environments module assignment divided, and what weight does each part carry?","Which two parts make up the assignment in the AI in Business Environments module, and what percentage is each worth?",The assignment has two components: an AI model development and business application report (50%) and an AI strategy and implementation proposal (50%).,"The formation of AI Capital in higher education: Enhancing students’ academic performance and employment rates, p. 7","The module assignment consisted of two key components: an AI model development and business application report (50 %), and an AI strategy and implementation proposal (50 %). This assignment was structured to ensure that students demonstrated their ability to develop AI models, analyse their impact on business-economics decision-making, and formulate strategic recommendations for AI integration in real-world business environments.",5,True,2,The answer directly restates the two components and their 50/50 weighting from the evidence. | The question names the module by its title and contains no references to an unseen source. | value: Assignment components and weights are course logistics of low general value.,,
the-formation-of-ai-capital-in-higher-education:0012:q3,extra:leadership_strategy,False,low_value(2),False,explanation,governance,medium,What must students address about risks and stakeholders in the AI strategy and implementation proposal of the AI in Business Environments module?,"In the AI strategy and implementation proposal, what risk and stakeholder topics are students expected to cover?",What do students have to discuss regarding risks and stakeholder engagement in the module's AI strategy and implementation proposal?,"Students were expected to discuss potential risks, including AI security, ethical concerns and regulatory compliance, and to propose strategies for effective risk mitigation. They also had to evaluate stakeholder engagement by outlining strategies for change management, cross-functional collaboration and organisational adoption.","The formation of AI Capital in higher education: Enhancing students’ academic performance and employment rates, p. 7","In addition, students were expected to discuss potential risks, including AI security, ethical concerns, and regulatory compliance (LO17, LO18, LO38, LO39), and propose strategies for effective risk mitigation. A key aspect of this assignment involved evaluating stakeholder engagement, where students had to outline strategies for change management, crossfunctional collaboration, and organisational adoption (LO40).",5,True,2,"Every statement in the answer restates the evidence directly, with only trivial rewording. | The question names the specific module and assignment by their content, so a reader can understand it without seeing the source. | value: The pair concerns the requirements of one course assignment, which counts as course logistics.",,
the-formation-of-ai-capital-in-higher-education:0012:q4,extra:leadership_strategy,False,low_value(2),False,factual,procurement_technology,easy,What deployment topics must the AI strategy and implementation proposal address in the AI in Business Environments module?,Which deployment-related issues does the module's AI strategy and implementation proposal need to cover?,What must students' AI implementation plans address regarding deployment in the AI in Business Environments module?,"The proposal needed to address AI deployment strategies, integration into existing business processes, and deployment considerations such as cloud-based versus on-premise solutions.","The formation of AI Capital in higher education: Enhancing students’ academic performance and employment rates, p. 7","This assessment required students to submit a 2000-word report outlining a business function where AI could generate a competitive advantage (LO32) and to develop a comprehensive AI implementation plan. Their proposal needed to address AI deployment strategies (LO28), integration into existing business processes (LO36), and deployment considerations, such as cloud-based versus on-premise solutions (LO11, LO12).",5,True,2,"The answer restates the evidence directly: deployment strategies, integration into existing business processes, and cloud-based versus on-premise considerations. | The question names the specific module and the assessment by their content, so a reader without the source understands what is being asked. | value: This concerns course assessment logistics for a single module rather than core responsible-AI knowledge.",,
cecilia-ka-yuk-chan-2024-generative-ai-in:0035:q0,extra:faculty_readiness,True,,False,application,faculty_readiness,hard,"A university is designing an AI literacy programme for its teaching staff and wants to go beyond the foundational AI literacy expected of everyone. Which additional literacy aspects should it cover for university teachers, and why does this extension matter?","What extra AI literacy aspects, beyond foundational literacy, should a university's programme for teachers include, and what justifies extending it?","If a university wants its teachers to have more than foundational AI literacy, which additional aspects should be covered, and for what reason?","Based on the DAILM model, the additional aspects for university teachers are Pedagogical Innovation; Ethical, Social, and Policy Awareness; AI for Social Good; Career and Industry Alignment; Continuous Professional Development; Research and Scholarly Engagement; and Responsible AI Usage and Development. The extension needs to be detailed because teachers have an influential role in shaping both educational experiences and ethical AI discourse.","Generative AI in Higher Education: The ChatGPT Effect, p. 63","Based on the DAILM model, the additional literacy aspects for university teacher are expected to be: (1) Pedagogical Innovation; (2) Ethical, Social, and Policy Awareness; (3) AI for Social Good; (4) Career and Industry Alignment; (5) Continuous Professional Development; (6) Research and Scholarly Engagement; and (7) Responsible AI Usage and Development. … In addition, a further extension of AI literacy needs to be detailed, given teachers' influential role in shaping both educational experiences and ethical AI discourse.",5,True,4,"The answer lists exactly the seven aspects named in the evidence. It also restates the evidence's stated reason, teachers' influential role. | The question frames a realistic scenario without referring to a source. It does not name the DAILM model, but it is still fully understandable without it. | value: It gives a useful set of AI literacy dimensions for university teachers.",,
cecilia-ka-yuk-chan-2024-generative-ai-in:0035:q1,extra:faculty_readiness,True,,False,factual,faculty_readiness,easy,What minimum level of proficiency in technical AI application should university teachers have?,At least what level of technical AI application proficiency should university teachers possess?,What is the minimum technical AI application proficiency expected of university teachers?,"University teachers should possess at least a medium level of proficiency in technical AI application. This allows them to better understand and interact with AI technologies for teaching, learning, and research.","Generative AI in Higher Education: The ChatGPT Effect, p. 62","University teachers should possess at least a

36 AI Literacy

medium level of proficiency in technical AI application, allowing them to better understand and interact with AI technologies for teaching, learning, and research.",5,True,4,"Both sentences restate the evidence directly: the medium-level minimum and its purpose for teaching, learning and research. | The question is self-contained and makes no reference to an unseen source. | value: It is a useful, though somewhat specific, AI literacy recommendation for faculty.",,
cecilia-ka-yuk-chan-2024-generative-ai-in:0035:q2,extra:faculty_readiness,True,,False,explanation,faculty_readiness,medium,Why is a good foundation in AI important for teachers in AI-integrated education?,How does a solid grounding in AI help teachers work in AI-integrated education?,Why do teachers need a good foundation in AI to navigate education that integrates AI?,"A good foundation in AI enables teachers to employ data analysis techniques, engage with automated assessment systems, and create personalised learning experiences. This technical backbone is essential for them to confidently navigate the AI-integrated landscape of education and to leverage AI to enhance teaching and learning.","Generative AI in Higher Education: The ChatGPT Effect, p. 63","A good foundation in AI enables teachers to employ data analysis techniques, engage with automated assessment systems, and create personalised learning experiences. This technical backbone is essential for them to confidently navigate the AI-integrated landscape of education, and ensure that they can leverage AI to enhance teaching and learning.",5,True,4,"The answer restates the evidence nearly verbatim and adds no unsupported claims. | The question is self-contained and does not refer to an unseen source. | value: Explains why teachers need AI literacy, which is useful domain knowledge.",,
cecilia-ka-yuk-chan-2024-generative-ai-in:0035:q3,extra:faculty_readiness,True,,False,factual,student_ai_literacy,easy,"Which key areas does foundational AI literacy cover, which is considered vital for all individuals?",What key areas make up the foundational AI literacy that is vital for everyone?,"Foundational AI literacy, considered vital for all individuals, spans which key areas?","Foundational AI literacy covers AI concepts, applications, affectiveness for human emotions, safety and security, and responsible usage. It is considered vital for all individuals.","Generative AI in Higher Education: The ChatGPT Effect, p. 62","As mentioned in the last section, a foundational literacy in AI - covering the key areas of AI concepts, applications, affectiveness for human emotions, safety and security, and responsible usage - is vital for all individuals.",5,True,4,"The answer directly restates the five areas and the claim that this literacy is vital for all individuals, all of which appear in the evidence. | The question is self-contained and uses no references to a source or unseen context. | value: It gives useful domain knowledge about the components of AI literacy.",,
cecilia-ka-yuk-chan-2024-generative-ai-in:0035:q4,extra:faculty_readiness,True,,True,definition,faculty_readiness,medium,"In the DAILM model of AI literacy, which seven additional literacy aspects are expected of university teachers beyond foundational AI literacy?",What seven extra AI literacy aspects does the DAILM model set out for university teachers on top of foundational literacy?,"Beyond foundational AI literacy, which seven aspects does the DAILM model expect university teachers to have?","The DAILM model expects the additional literacy aspects for university teachers to be Pedagogical Innovation; Ethical, Social, and Policy Awareness; AI for Social Good; Career and Industry Alignment; Continuous Professional Development; Research and Scholarly Engagement; and Responsible AI Usage and Development.","Generative AI in Higher Education: The ChatGPT Effect, p. 63","Based on the DAILM model, the additional literacy aspects for university teacher are expected to be: (1) Pedagogical Innovation; (2) Ethical, Social, and Policy Awareness; (3) AI for Social Good; (4) Career and Industry Alignment; (5) Continuous Professional Development; (6) Research and Scholarly Engagement; and (7) Responsible AI Usage and Development.",5,True,4,"The answer lists exactly the seven additional literacy aspects for university teachers that the evidence states under the DAILM model. | The question names a specific framework (the DAILM model) and asks a clear question without presupposing an unseen source. | value: It gives useful, framework-specific knowledge about AI literacy expectations for university teachers.",,
ai-enabled-assessment-in-higher-education:0000:q0,extra:assessment,True,,True,explanation,assessment,medium,"In a survey of 1280 undergraduates at 12 Chinese universities, how were institutional culture, AI-based assessment practices and students' meta-skills related to one another?","What associations did a survey of 1280 undergraduates at 12 Chinese universities find among institutional culture, AI-based assessment practices and meta-skills?","Among 1280 undergraduates from 12 universities in China who were surveyed, what was the relationship linking institutional culture, AI-based assessment practices and students' meta-skills?","Institutional culture was positively associated with AI-based assessment practices (β = .49, R2 = .24) and with meta-skills (β = .21). AI-based assessment practices were strongly associated with meta-skills (β = .58, R2 = .55).","AI-enabled assessment in higher education: Institutional culture and student meta-skill readiness across university tiers, p. 1","Institutional culture was positively associated with AI-based assessment practices (β = .49, R 2 = .24) and meta-skills (β = .21), while AI-based assessment practices were strongly associated with meta-skills (β = .58, R 2 = .55).",5,True,4,"Every coefficient and relationship in the answer is stated directly in the evidence, with only trivial rewording. | The question identifies the study by its sample and constructs, so it is understandable without seeing the source. | value: It is a useful empirical finding linking institutional culture and AI-based assessment to student meta-skills.",,
ai-enabled-assessment-in-higher-education:0000:q1,extra:assessment,True,,False,definition,student_ai_literacy,medium,Which meta-skills are universities under pressure to foster while they integrate AI?,"Which meta-skills must universities foster alongside integrating AI, given growing pressure?","While integrating AI, what meta-skills are universities expected to develop in students?","Universities are under growing pressure to integrate AI while fostering meta-skills such as adaptability, collaboration, creativity and strategic thinking.","AI-enabled assessment in higher education: Institutional culture and student meta-skill readiness across university tiers, p. 1","Universities are under growing pressure to integrate artificial intelligence (AI) while fostering meta-skills such as adaptability, collaboration, creativity and strategic thinking.",5,True,4,"The answer restates the evidence almost verbatim. Every statement in it is directly supported. | The question is self-contained and does not refer to any source. | value: It names the meta-skills universities are expected to build alongside AI integration, which is useful domain knowledge.",,
ai-enabled-assessment-in-higher-education:0000:q2,extra:assessment,True,,False,application,governance,hard,A university wants AI-based assessment to build students' meta-skills and is deciding whether to treat it as a purely technical rollout. What does research on 12 Chinese universities indicate about how it should be viewed and what strengthens its effect?,A university is considering AI-based assessment as a purely technical add-on to build meta-skills. What do findings from 12 Chinese universities say about how to view it and what strengthens its effect?,"If a university plans AI-based assessment to develop student meta-skills, what do findings from 12 Chinese universities say about treating it as a technical add-on and about what strengthens its effect?",The findings position AI-enabled assessment as a culturally mediated dimension of academic management rather than a purely technical add-on. Governance and ethics readiness significantly strengthened the relationship between AI-based assessment practices and students' meta-skills.,"AI-enabled assessment in higher education: Institutional culture and student meta-skill readiness across university tiers, p. 1","These findings position AI-enabled assessment as a culturally mediated dimension of academic management rather than a purely technical add-on. … Governance and ethics readiness significantly strengthened the AI-based assessment-meta-skills relationship, and cross-tier comparisons showed a stronger culture-to-practice pathway in national key universities.",4,True,4,"Both statements in the answer are directly supported by the evidence with only light rewording. The evidence does not itself state that the study covered 12 Chinese universities, though that detail appears only in the question. | The question names the study by its content (research on 12 Chinese universities) and sets out a clear scenario. It does not refer to unseen context. | value: It gives a useful finding that AI assessment is a culturally mediated part of academic management and that governance and ethics readiness strengthens its effect.",,
ai-enabled-assessment-in-higher-education:0000:q3,extra:assessment,True,,False,explanation,leadership_strategy,medium,How did the pathway from institutional culture to AI-based assessment practice differ across university tiers in a study of Chinese universities?,"In a study of Chinese universities, how did the culture-to-practice pathway for AI-based assessment vary by university tier?",Which university tier showed a stronger link from institutional culture to AI-based assessment practice in research on Chinese universities?,Cross-tier comparisons showed a stronger culture-to-practice pathway in national key universities than in other university tiers.,"AI-enabled assessment in higher education: Institutional culture and student meta-skill readiness across university tiers, p. 1","Governance and ethics readiness significantly strengthened the AI-based assessment-meta-skills relationship, and cross-tier comparisons showed a stronger culture-to-practice pathway in national key universities.",4,True,3,"The answer restates the evidence nearly verbatim; adding ""than in other university tiers"" is a trivial clarification of the comparison. | The question identifies the study by its content (Chinese universities, tiers, AI-based assessment) and does not rely on unseen context. | value: This is a narrow, study-specific finding about AI assessment adoption, though it is still relevant to the domain.",,
ai-enabled-assessment-in-higher-education:0000:q4,extra:assessment,True,,False,definition,leadership_strategy,medium,What does it mean to view AI-enabled assessment as a culturally mediated dimension of academic management?,What is meant by treating AI-enabled assessment as a culturally mediated dimension of academic management?,How is AI-enabled assessment positioned when it is seen as culturally mediated and part of academic management?,It means seeing AI-enabled assessment as a culturally mediated dimension of academic management rather than a purely technical add-on. Institutional culture was positively associated with AI-based assessment practices (β = .49).,"AI-enabled assessment in higher education: Institutional culture and student meta-skill readiness across university tiers, p. 1","These findings position AI-enabled assessment as a culturally mediated dimension of academic management rather than a purely technical add-on. … Institutional culture was positively associated with AI-based assessment practices (β = .49, R 2 = .24) and meta-skills (β = .21), while AI-based assessment practices were strongly associated with meta-skills (β = .58, R 2 = .55).",4,True,4,"Both statements are drawn directly from the evidence. The answer partly restates the question, and linking the β to the concept's meaning is a light connective move. | The question names a concept without referring to an unseen source. | value: This is a useful conceptual framing of AI assessment within institutional culture.",,
artificial-intelligence-bceaf5:0124:q0,extra:procurement_technology,True,,False,explanation,general,medium,Why has the potential of MOOC course review data remained largely untapped for educational research?,What explains why MOOC review data has largely gone unused in educational research?,What explains the fact that the potential of MOOC course review data has mostly not been exploited in educational research?,The potential of MOOC review data remains largely untapped because there is no structured and comprehensive repository of it that is accessible for educational research and analysis.,"Artificial Intelligence in Education. Posters and Late Breaking Results, Workshops and Tutorials, Industry and Innovation Tracks, Practitioners, Doctoral Consortium and Blue Sky, p. 169","However, the potential of this data remains largely untapped, due to the lack of a structured and comprehensive repository, accessible for educational research and analysis.",4,True,3,"The answer restates the evidence's stated reason: the lack of a structured, comprehensive and accessible repository. The evidence only says 'this data', so its identification as MOOC review data is a trivial contextual step. | The question clearly asks why MOOC review data is underused in educational research. MOOC is a widely known term, and nothing refers to unseen context. | value: This is acceptable but narrow knowledge about a data-infrastructure gap in educational research, rather than core responsible-AI content.",,
artificial-intelligence-bceaf5:0124:q1,extra:procurement_technology,False,low_value(2),False,factual,general,easy,How many course reviews and ratings does the MOOCRev repository contain?,What is the number of course reviews and ratings in MOOCRev?,MOOCRev aggregates how many MOOC reviews and ratings?,"MOOCRev contains over 1,250,000 course reviews and ratings. Its creators say that, to the best of their knowledge, this makes it the largest publicly accessible MOOC review dataset.","Artificial Intelligence in Education. Posters and Late Breaking Results, Workshops and Tutorials, Industry and Innovation Tracks, Practitioners, Doctoral Consortium and Blue Sky, p. 168","The dataset encompasses many review characteristics (over 1,250,000 course reviews and ratings), making it, to the best of our knowledge, the largest publicly accessible MOOC review dataset.",5,True,2,"Both the figure of over 1,250,000 reviews and ratings and the 'largest publicly accessible' claim, hedged with 'to the best of our knowledge', are stated directly in the evidence. | MOOCRev is a named dataset, so the question is understandable without the source, though the acronym is not expanded. | value: The size of a dataset is a low-value, trivia-like detail about research resources.",,
artificial-intelligence-bceaf5:0124:q2,extra:procurement_technology,True,,False,definition,privacy_security,medium,What six challenges does the MOOCRev data repository for MOOC reviews target?,Which six challenges is MOOCRev designed to address?,What are the six issues that the MOOCRev review repository tackles?,"MOOCRev targets: thorough, research-based anonymisation to ensure user privacy and data integrity; dealing with class (rating) bias; addressing language diversity and platform-specific rating systems; processing emojis and emoticons; providing text weights; and tagging reviews with Parts of Speech.","Artificial Intelligence in Education. Posters and Late Breaking Results, Workshops and Tutorials, Industry and Innovation Tracks, Practitioners, Doctoral Consortium and Blue Sky, p. 168","MOOCRev targets the following challenges (1) thorough, research-based anonymisation of the data to ensure user privacy and data integrity, (2) dealing with class (rating) bias, (3) addressing language diversity and platform-specific rating systems, (4) processing emojis and emoticons, (5) providing text weights (6) and tagging the reviews with the corresponding Parts of Speech (POS).",5,True,3,"All six listed challenges are stated directly in the evidence, with only trivial rewording. | The question names the specific repository (MOOCRev, for MOOC reviews) and needs no unseen context; MOOC is a widely known acronym. | value: These are design challenges for one specific educational review dataset, so the pair is relevant but narrow.",,
artificial-intelligence-bceaf5:0124:q3,extra:procurement_technology,True,,True,explanation,general,medium,Why is text analytics of learner-generated text on MOOC and other online learning platforms considered an essential but complicated task?,What makes analyzing text written by learners on MOOC and other online learning platforms both essential and complicated?,Why do researchers regard text analytics of learner-generated text on MOOCs and similar online learning platforms as a task that is essential yet complicated?,"Text analytics in education is an essential but complicated task because of three distinct challenges. The first is the specific nature of textual data and the volume of information learners generate on online learning platforms. The second is that annotating learners' opinions, feedback and sentiments in MOOCs is time-consuming and labour-intensive. The third is that cultural and linguistic variations can further complicate text annotation and analysis.","Artificial Intelligence in Education. Posters and Late Breaking Results, Workshops and Tutorials, Industry and Innovation Tracks, Practitioners, Doctoral Consortium and Blue Sky, p. 169","Text analytics, particularly in the education domain, is an essential but complicated task, due to some distinct challenges. This includes (1) the specific nature of textual data and the volume of information learners generate on online learning platforms [5], (2) annotating learners' expressed opinions, feedback and sentiments in MOOCs, which is known to be a time-consuming and labourintensive task [6, 7], and (3) the cultural and linguistic variations which can further complicate text annotations and analysis [8, 9].",5,True,4,"All three challenges in the answer are stated directly in the evidence, with only light rewording. | The question names its topic, text analytics of learner text on MOOCs, without referring to any unseen source. | value: Useful domain knowledge about the challenges of educational text analytics.",,
artificial-intelligence-bceaf5:0124:q4,extra:procurement_technology,True,,False,definition,equity_accessibility,medium,"What kind of dataset is needed to build reliable real-world models for educational text analytics, given its challenges?","Given the challenges of educational text analytics, what type of dataset is needed for reliable real-world models?",What characteristics should a dataset have so reliable real-world educational text models can be built on it?,"The challenges of educational text analytics underscore the need for a generalisable, cross-platform and non-biased dataset. Such a dataset can be used to build reliable models in real-world applications.","Artificial Intelligence in Education. Posters and Late Breaking Results, Workshops and Tutorials, Industry and Innovation Tracks, Practitioners, Doctoral Consortium and Blue Sky, p. 169","These challenges underscore the need for a generalisable cross-platform and nonbiased dataset that can be further used to build reliable models in real-world applications. … Text analytics, particularly in the education domain, is an essential but complicated task, due to some distinct challenges. This includes (1) the specific nature of textual data and the volume of information learners generate on online learning platforms [5], (2) annotating learners' expressed opinions, feedback and sentiments in MOOCs, which is known to be a time-consuming and labourintensive task [6, 7], and (3) the cultural and linguistic variations which can further complicate text annotations and analysis [8, 9].",5,True,3,"The answer directly restates the evidence: a generalisable, cross-platform, non-biased dataset is needed and can be used to build reliable real-world models. | The question names its topic, educational text analytics, explicitly. It contains no source references or undefined terms. | value: This is acceptable but narrow domain knowledge about dataset needs in educational text analytics.",,
stakeholder-engagement-and-strategic-innovation:0006:q0,extra:leadership_strategy,True,,False,factual,faculty_readiness,easy,What kinds of specialized training does preparing higher education faculty for artificial intelligence require?,Which specialized training areas are needed to get university faculty ready for AI?,"To prepare faculty in higher education for AI, what specialized training is needed?","Preparing faculty for AI requires specialized training in adaptive learning, automated assessment, and data-driven instructional design. It also requires ethical frameworks that ensure alignment with institutional values and the public interest.","Stakeholder engagement and strategic innovation in higher education through AI competency, p. 4","Addressing this challenge requires specialized training in adaptive learning, automated assessment, and data-driven instructional design, as well as ethical frameworks that ensure alignment with institutional values and the public interest (Ciarra Tejada & Parra S´anchez, 2024).",4,True,4,"The answer restates the listed training areas and ethical frameworks. However, the evidence refers only to 'this challenge', so linking it to faculty preparation for AI is a slight contextual assumption. | The question is self-contained, clearly asks about training needs for higher education faculty regarding AI, and does not refer to any unseen source. | value: These are useful recommendations on faculty AI training in higher education.",,
stakeholder-engagement-and-strategic-innovation:0006:q1,extra:leadership_strategy,True,,False,definition,leadership_strategy,medium,How do Stakeholder Theory and Human Capital Theory each contribute to understanding the strategic role of faculty in higher education institutions?,What does each of Stakeholder Theory and Human Capital Theory emphasize about faculty's strategic role in universities?,"In explaining faculty's strategic role in higher education, what does each of the two theories, Stakeholder Theory and Human Capital Theory, highlight?","Stakeholder Theory highlights faculty legitimacy and influence in shaping institutional strategies. Human Capital Theory emphasizes targeted investment in faculty competency as a driver of productivity, innovation, and institutional relevance.","Stakeholder engagement and strategic innovation in higher education through AI competency, p. 4","Stakeholder Theory highlights their legitimacy and influence in shaping institutional strategies, while Human Capital Theory emphasizes targeted investment in faculty competency as a driver of productivity, innovation, and institutional relevance.",5,True,4,"Both statements are taken directly from the evidence, with ""their"" rendered as ""faculty"". | The question names both theories and the topic explicitly and does not refer to any unseen source. | value: These are useful theoretical framings of the faculty's strategic role in higher education.",,
stakeholder-engagement-and-strategic-innovation:0006:q2,extra:leadership_strategy,True,,False,definition,governance,easy,What is Stakeholder Theory's view of organizations?,How does Stakeholder Theory conceptualize organizations?,How does Stakeholder Theory conceive of organizations?,"Stakeholder Theory conceptualizes organizations as entities embedded within complex environments composed of multiple actors with distinct interests, varying degrees of influence, and legitimate claims on organizational outcomes. In contrast to shareholder-centric models, it advocates inclusive governance that responds to the expectations of diverse stakeholders.","Stakeholder engagement and strategic innovation in higher education through AI competency, p. 4","Stakeholder Theory conceptualizes organizations as entities embedded within complex environments composed of multiple actors who possess distinct interests, varying degrees of influence, and legitimate claims on organizational outcomes (Freeman, 1984; Freeman & McVea, 2005). In contrast to shareholder-centric models, it advocates for inclusive governance that responds to the expectations of diverse stakeholders.",5,True,3,Every statement in the answer is taken almost verbatim from the evidence. | The question names Stakeholder Theory directly and needs no source context to be understood. | value: This is a general management theory that is only indirectly relevant to AI in higher education.,,
stakeholder-engagement-and-strategic-innovation:0006:q3,extra:leadership_strategy,True,,False,explanation,faculty_readiness,medium,Why does a lack of comprehensive frameworks for preparing faculty for AI matter for higher education institutions?,What are the consequences for universities when they lack comprehensive frameworks to prepare faculty for AI?,How does the absence of comprehensive faculty AI-preparation frameworks affect higher education institutions?,"Many higher education institutions lack comprehensive frameworks to prepare faculty for emerging technological challenges such as AI. This gap undermines their ability to integrate AI into teaching, research, and service, thereby constraining institutional responsiveness to societal needs.","Stakeholder engagement and strategic innovation in higher education through AI competency, p. 4","Despite their strategic role, many HEIs lack comprehensive frameworks to prepare faculty for emerging technological challenges such as artificial intelligence. This gap undermines their ability to integrate AI into teaching, research, and service, thereby constraining institutional responsiveness to societal needs (Sued, 2022).",5,True,4,Both sentences of the answer restate the evidence almost word for word. Nothing is added. | The question is self-contained and does not refer to any source or unseen context. | value: It covers a relevant institutional point about faculty AI readiness and its consequences.,,
stakeholder-engagement-and-strategic-innovation:0006:q4,extra:leadership_strategy,True,,False,explanation,governance,medium,Why should faculty development be integrated as a governance strategy in higher education institutions?,How does treating faculty development as a governance strategy benefit universities?,What is the benefit of integrating faculty development into the governance of higher education institutions?,"Recognition of faculty as agents of transformation must be translated into capacity-building initiatives and resource allocation that enable faculty to act effectively. When integrated as a governance strategy, faculty development strengthens institutional capacity to address external challenges and contributes to broader societal and economic goals.","Stakeholder engagement and strategic innovation in higher education through AI competency, p. 4","In the context of AI, this recognition must be translated into capacity-building initiatives and resource allocation that enable faculty to act effectively. Faculty development, when integrated as a governance strategy, strengthens institutional capacity to address external challenges and contributes to broader societal and economic goals (Syed et al., 2024).",4,True,4,"The evidence supports the answer. The answer only adds ""of faculty as agents of transformation"" to define the recognition, which the evidence implies but does not quote. It also drops the ""in the context of AI"" qualifier. | The question is clear without the source and does not refer to any unseen context. | value: This is a useful institutional governance point about building faculty capacity for AI.",,
higher-education-in-arab:0053:q0,extra:faculty_readiness,True,,False,definition,teaching_learning,easy,What change has AI brought to the traditional teacher-student relationship in higher education?,In what way has artificial intelligence transformed the conventional relationship between instructors and students in universities?,How has the arrival of AI modified the long-standing teacher-student relationship in higher education?,AI has shifted the traditional teacher-student relationship into a more complex teacher-AI-student dynamic.,"Higher Education in the Arab World, p. 98",There is no doubt that AI has shifted the traditional teacher-student relationship into a more complex teacher-AI-student dynamic.,5,True,4,"The answer restates the evidence almost verbatim, so every statement is directly supported. | The question is self-contained and clearly asks how AI has changed the teacher-student relationship in higher education, with no reference to an unseen source. | value: Useful conceptual point about how AI reshapes pedagogical relationships, though stated briefly.",,
higher-education-in-arab:0053:q1,extra:faculty_readiness,True,,False,definition,leadership_strategy,easy,What do Saudi Vision 2030 and Oman Vision 2040 direct with respect to AI?,What directives on AI are contained in Saudi Vision 2030 and Oman Vision 2040?,What AI-related measures do the national visions of Saudi Arabia and Oman call for?,These visions explore digital transformation and the importance of using AI projects. They give clear directives to launch national programs for the adoption and localization of AI and to accelerate the development of legislation that will enable AI technologies to become an effective force in development sectors. They also provide the required funding.,"Higher Education in the Arab World, p. 97","These visions explore digital transformation and the importance of using AI projects. They offer clear directives to launch national programs for the adoption and localization of AI, and to accelerate the development of legislation that will enable AI technologies to become an effective force in the development sectors of these countries, and they provide the required funding.",4,True,3,The answer is a near-verbatim restatement of the evidence. It only rewords slightly ('offer' to 'give') and drops 'of these countries'. | The question names specific national visions and needs no unseen context. | value: National AI policy directives are relevant institutional context but narrow and not specific to higher education.,,
higher-education-in-arab:0053:q2,extra:faculty_readiness,True,,False,factual,governance,easy,Which Gulf Cooperation Council states have put in place policies and regulations for the ethical use of AI?,Which member nations of the Gulf Cooperation Council have implemented policies and regulations governing the ethical use of artificial intelligence?,What Gulf Cooperation Council states have introduced policies and regulations concerning the ethical use of AI?,"GCC states such as the UAE, KSA, Qatar and Oman have put in place policies and regulations for the ethical use of AI, and they have implemented AI in all aspects of HEI work.","Higher Education in the Arab World, p. 98","For example, the Gulf Cooperation Council (GCC) states, such as the UAE, KSA, Qatar and Oman, have put in place policies and regulations for the ethical use of AI, and they have implemented AI in all aspects of HEI work. However, some Arab countries have limited resources with which to explore AI and have an inadequate understanding about how to use AI in teaching and learning, or about any other uses of AI in HE.",5,True,3,"The answer restates the evidence almost verbatim, including the 'such as' qualifier and the claim about implementing AI in all aspects of HEI work. | The question spells out Gulf Cooperation Council and asks a clear, self-contained question without referencing the source. | value: This is a narrow regional fact about which countries have ethical AI policies, though it gives relevant policy context for AI in higher education.",,
higher-education-in-arab:0053:q3,extra:faculty_readiness,True,,True,definition,leadership_strategy,medium,"What limitations do some Arab countries face in using AI in higher education, in contrast to the Gulf Cooperation Council (GCC) states?","What constraints hold back some Arab countries from using AI in higher education, unlike the Gulf Cooperation Council states?","Compared with the Gulf Cooperation Council (GCC) states, what constraints hinder certain Arab countries from adopting AI in higher education?","Some Arab countries have limited resources with which to explore AI and an inadequate understanding of how to use AI in teaching and learning or in other higher education uses. By contrast, Gulf Cooperation Council states such as the UAE, KSA, Qatar and Oman have put in place policies and regulations for the ethical use of AI and have implemented AI in all aspects of higher education institution work.","Higher Education in the Arab World, p. 98","For example, the Gulf Cooperation Council (GCC) states, such as the UAE, KSA, Qatar and Oman, have put in place policies and regulations for the ethical use of AI, and they have implemented AI in all aspects of HEI work. However, some Arab countries have limited resources with which to explore AI and have an inadequate understanding about how to use AI in teaching and learning, or about any other uses of AI in HE.",5,True,4,"Every statement in the answer is taken directly from the evidence, which covers both the limited resources of some Arab countries and the GCC states' policies and implementation. | The question is self-contained: the acronym GCC is spelled out and the question does not refer to any source. | value: It gives useful regional context on how ready institutions are to adopt AI in higher education.",,
higher-education-in-arab:0053:q4,extra:faculty_readiness,True,,False,application,leadership_strategy,hard,A ministry in an Arab state with limited resources and understanding of AI wants to improve higher education AI readiness. What actions should such states take?,What should an Arab country with limited AI capacity do to prepare its higher education sector for AI?,Which actions should an Arab country with scarce resources and a limited grasp of AI take to strengthen the AI readiness of its higher education sector?,"Arab states with limited resources and inadequate understanding of AI need an urgent solution. They should invest in AI, establish public-private partnerships for AI regulation, reskill and upskill their workforces, and collaborate with other Arab countries for mutual support.","Higher Education in the Arab World, pp. 97-98","For example, the Gulf Cooperation Council (GCC) states, such as the UAE, KSA, Qatar and Oman, have put in place policies and regulations for the ethical use of AI, and they have implemented AI in all aspects of HEI work. However, some Arab countries have limited resources with which to explore AI and have an inadequate understanding about how to use AI in teaching and learning, or about any other uses of AI in HE. … This requires an urgent solution and these Arab states should:

Invest in AI

Establish public-private partnerships for AI regulation

Reskill and upskill their workforces

Collaborate with other Arab countries for mutual support.",5,True,4,The answer restates the evidence's description of these states and its four recommended actions without adding anything. | The question describes the scenario fully without referring to an unseen source. | value: These are useful policy recommendations for AI readiness in higher education in a specific regional context.,,
ethical-and-pedagogical-implications-of-ai-in:0011:q0,extra:assessment,True,,False,application,assessment,hard,A university language department worries that students will submit AI-generated work and wants to reform its assessment. What assessment changes did EFL teachers at Ha'il University propose to ensure ethical AI use?,An EFL department fears students will hand in AI-written assignments. Which grading and assessment reforms did teachers at Ha'il University suggest for ethical AI use?,What changes to grading and assessment did Ha'il University EFL teachers propose so that students use AI ethically?,"Teachers proposed reformulating grading and assessment. One teacher suggested exams conducted only in person, or at least on campus and supervised by a member of staff. Another said assessment will not be reliable and valid unless more marks go to discussion and debate, with marks given only to those who take part in the discussions.","Ethical and pedagogical implications of AI in language education: An empirical study at Ha'il University, p. 5","Teacher 4 added, ""exams only conducted in person, or at least in the university campus supervised by member of staff."" Teacher 7 mentioned, ""Our assessment will not reliable and valid unless we devote more marks on discussion and debate. Only those who take part in the discussions are given marks"".",4,True,4,"The specific proposals (in-person or supervised exams, more marks for discussion and debate) match the quoted teachers. The opening framing that teachers proposed 'reformulating grading and assessment' is a summary the evidence does not state verbatim. | The question names Ha'il University and EFL teachers. EFL is a widely understood term, so the question is clear without the source. | value: Assessment redesign to counter AI misuse is useful, practical higher-education knowledge.",,
ethical-and-pedagogical-implications-of-ai-in:0011:q1,extra:assessment,True,,False,factual,assessment,easy,What did EFL teachers at Ha'il University say educators should use to check student assignments in order to promote ethical AI use?,Which tools did Ha'il University EFL teachers say should be used to check students' assignments for ethical AI use?,"To encourage ethical use of AI, which tools did English as a foreign language instructors at Ha'il University say educators ought to use when reviewing students' assignments?",Educators reported the need to check students' assignments using AI-based plagiarism detectors. This prevents students from completely depending on AI to do their assignments.,"Ethical and pedagogical implications of AI in language education: An empirical study at Ha'il University, p. 5","To use AI ethically, educators reported the need to check students' assignments using AI-based plagiarism detectors. This prevents students from completely depending on AI to do their assignments.",5,True,3,"Both statements in the answer are taken almost verbatim from the evidence. The evidence itself does not name Ha'il University, but the answer does not assert anything beyond what the evidence states. | The question names a specific population (EFL teachers at Ha'il University) and defines its topic clearly. EFL is a widely known acronym. | value: It gives a narrow but relevant practitioner recommendation on ethical AI use in assessment.",,
ethical-and-pedagogical-implications-of-ai-in:0011:q2,extra:assessment,True,,False,explanation,teaching_learning,medium,Why did EFL teachers at Ha'il University say AI use should be built into the learning outcomes of the curriculum?,What reasoning led Ha'il University EFL teachers to conclude that AI use belongs in curriculum learning outcomes?,What reason did English as a foreign language instructors at Ha'il University give for saying that AI use should be embedded in the curriculum's learning outcomes?,"Teachers reported that to ensure ethical use of AI, it is important to regulate the learning environment. This finding indicates that students should be integrated into using AI as part of the learning outcomes of their curriculum. Kim et al. (2022) similarly argued that integrating AI in education should rest on a curriculum built on ethical instruction, interdisciplinary learning and capacity building.","Ethical and pedagogical implications of AI in language education: An empirical study at Ha'il University, p. 5","Teachers also reported that to ensure ethical use of AI, it is important to regulate the learning environment. This finding indicates that students should be integrated into using AI as part of the learning outcomes of their curriculum. … This finding aligns with Kim et al. (2022) who pointed out that integrating AI in education should be based on designing a curriculum built on ethical instruction, interdisciplinary learning and capacity building.",4,True,4,"The answer closely restates the evidence with only trivial rewording. One caveat: the evidence presents the curriculum-integration point as the researchers' interpretation of the teachers' report, not as something the teachers themselves said. | The question names the specific group (EFL teachers at Ha'il University) and the topic clearly, with no references to unseen context. | value: Concerns ethical AI integration into curriculum learning outcomes, useful but context-specific domain knowledge.",,
ethical-and-pedagogical-implications-of-ai-in:0011:q3,extra:assessment,True,,True,factual,student_ai_literacy,easy,What did EFL teachers at Ha'il University emphasize as a necessary step to make students ethically aware of using AI in their learning?,"According to EFL teachers at Ha'il University, what must be done with students so they become ethically aware of using AI?",What necessity did Ha'il University EFL teachers stress for making students ethically aware when using AI in learning?,Teachers suggested solutions for making students ethically aware of using AI in their learning. They emphasized the necessity of training students to use AI.,"Ethical and pedagogical implications of AI in language education: An empirical study at Ha'il University, p. 5",Teachers suggested some solutions for making students ethically aware of using AI in their learning. They emphasized the necessity of training students to use AI.,5,True,3,"The answer restates the evidence almost verbatim; the evidence itself does not name Ha'il University, but the answer adds nothing beyond it. | The question names a specific group (EFL teachers at Ha'il University) and asks a clear question without referring to an unseen source. | value: This is a relevant but narrow finding about AI ethics training from a single study.",,
ethical-and-pedagogical-implications-of-ai-in:0011:q4,extra:assessment,True,,False,definition,teaching_learning,easy,"According to a Ha'il University EFL teacher, how can AI be merged into a self-regulated learning environment?",How did a teacher at Ha'il University describe merging AI into self-regulated learning?,What process did a Ha'il University EFL teacher outline for integrating AI into self-regulated learning?,Students are assigned to outline their objectives and targets and use AI to explore them. They then come to the teacher for further work on systemizing or filling gaps in knowledge and developing solid knowledge.,"Ethical and pedagogical implications of AI in language education: An empirical study at Ha'il University, p. 5","Techer 3 mentioned, ""AI can be merged into self-regulated learning environment. Students are assigned to outline their objectives and targets and they are asked to use AI to explore it and come to teacher for further workout on systemizing or filling gaps in knowledge and develop solid knowledge"".",5,True,3,"The answer closely restates Teacher 3's quoted description: students outline objectives, use AI to explore them, then return to the teacher to systemize knowledge and fill gaps. | It asks about a specific teacher's view, identified by institution and subject, and uses the common acronym EFL. It does not rely on references like 'the text' or 'the study'. | value: It is a concrete but narrow single-informant example of using AI in self-regulated learning.",,
daniel-araya-peter-2023-augmented-education-in:0075:q0,extra:procurement_technology,True,,False,application,student_ai_literacy,hard,"A university wants to spot students at risk of dropping out and then act early. Which kinds of data could it combine through predictive analytics, and what can it do with the result?","How could a university use predictive analytics, and which data sources could it draw on, to find struggling students and respond early?","A college wishes to identify at-risk students ahead of time and step in. What data can predictive analytics combine, and what does that enable the institution to do?","Using predictive analytics, an institution can combine disparate data sources such as grades, the timing of assignment submissions, Wi-Fi usage and use of university resources like the library and canteens. With these it can identify students at risk and provide suitable interventions.","Augmented Education in the Global Age: Artificial Intelligence and the Future of Learning and Work, p. 146","Using disparate data sources, such as grades, timing of assignment submissions, as well as Wi-Fi usage and use of university resources (library, canteens, etc.), an institution can identify students at risk and provide suitable interventions.",4,True,4,"The data sources and the outcome (identifying at-risk students and providing interventions) are stated directly in the evidence. Attributing this to 'predictive analytics' is framing that does not appear in the quoted text. | The question is a self-contained scenario with no reference to an unseen source. | value: It is a useful, concrete example of learning analytics for identifying at-risk students in higher education.",,
daniel-araya-peter-2023-augmented-education-in:0075:q1,extra:procurement_technology,True,,False,definition,teaching_learning,medium,"In student success analytics, what is nudging and which student outcomes is it meant to achieve?","What does nudging mean when universities use it to support students, and what outcomes does it target?","How is nudging defined as a student engagement technique, and which outcomes does it aim at?","Nudging provides appropriately modulated messages via existing communication channels, such as a student Customer Relationship Management (CRM) system, at the right time. It aims to achieve specific student outcomes such as enrollment, recruitment, melt, financial aid and student success.","Augmented Education in the Global Age: Artificial Intelligence and the Future of Learning and Work, p. 146","Nudging provides appropriately modulated messages via existing communication channels (e.g., student Customer Relationship Management: CRM), at the right time to achieve specific student outcomes such as enrollment, recruitment, melt, financial aid, and student success.",5,True,4,"Every statement in the answer restates the evidence directly. This covers the definition of nudging, the CRM example and the list of outcomes. | The question names its context (student success analytics) and does not refer to any unseen source. | value: It is a useful concept in AI-driven student success analytics, though somewhat specific.",,
daniel-araya-peter-2023-augmented-education-in:0075:q2,extra:procurement_technology,True,,False,application,procurement_technology,hard,"A university wants individualized learner profiles built from the systems it already runs, such as its student information system and learning management system. How does the Discourse Analytics platform build such profiles?","If a university wants to profile learners using data from its existing software, how does the Discourse Analytics platform go about it?",A university hopes to generate personalized learner profiles using data from existing systems like its student information system and learning management system. What method does the Discourse Analytics platform use to construct these profiles?,"Discourse Analytics leverages existing data from across university software platforms, including the Student Information System, Learning Management System, Enterprise Resource Planning system and CRM. It builds individualized learner profiles focused on noncognitive aspects such as financial comfort, self-awareness, resilience and curiosity. These profiles are then clustered using a patented Think-Alike Clustering algorithm.","Augmented Education in the Global Age: Artificial Intelligence and the Future of Learning and Work, p. 146","By leveraging existing data from across university software platforms (Student Information System (SIS), Learning Management System (LMS), Enterprise Resource Planning system (ERP), CRM, etc.) the platform builds individualized learner profiles that focus on noncognitive aspects of the learner (financial comfort, self-awareness, resilience, curiosity) that are then clustered using a patented Think-Alike Clustering algorithm.",5,True,3,"Every statement in the answer is directly stated in the evidence. This covers the data sources, the noncognitive profile aspects and the patented Think-Alike Clustering. | The question names the platform and describes the scenario without relying on any unseen source. | value: This is a narrow, vendor-specific detail about one analytics product, though it is relevant to AI in higher education.",,
daniel-araya-peter-2023-augmented-education-in:0075:q3,extra:procurement_technology,True,,False,factual,monitoring_improvement,easy,"What results did Discourse Analytics report for its prescriptive nudges on retention, enrollment yield and mastery?","What retention, enrollment yield and mastery outcomes does Discourse Analytics claim from its nudges?","Which figures did Discourse Analytics report for retention lift, enrollment yield increase and mastery acceleration?","Discourse Analytics reports a retention lift of 22%, an increase in enrollment yield of 63%, and acceleration of mastery by 25%.","Augmented Education in the Global Age: Artificial Intelligence and the Future of Learning and Work, p. 146","The results transform outcomes and include retention lift of 22%, increase in enrollment yield of 63%, and accelerating mastery by 25%.",4,True,3,"The three figures match the evidence exactly, but the quoted passage itself never names Discourse Analytics or prescriptive nudges as the source of the results. | The question names the company and the metrics explicitly and does not depend on unseen context. | value: These are narrow vendor-reported outcome claims about an AI nudging product in higher education.",,
daniel-araya-peter-2023-augmented-education-in:0075:q4,extra:procurement_technology,True,,False,factual,student_ai_literacy,easy,What problem was Staffordshire University's Beacon bot designed to help with?,Why did Staffordshire University create its Beacon bot?,What student difficulty is the Beacon bot at Staffordshire University meant to ease?,The Beacon bot at Staffordshire University was designed to help ease the stress and anxiety that many students experience in their first year at university.,"Augmented Education in the Global Age: Artificial Intelligence and the Future of Learning and Work, p. 147","The Beacon bot at the Staffordshire University has been designed to help ease the stress and anxiety that many students experience in their first year at university (Courtois, 2019).",5,True,3,"The answer directly restates the evidence that the bot was designed to ease first-year students' stress and anxiety. | The question names a specific institution and bot, and needs no other context to be understood. | value: A concrete but narrow example of an AI chatbot used for student wellbeing in higher education.",,
