qa_id,passed_filters,reject_reason,q_type,dimension,difficulty,question,paraphrase_1,paraphrase_2,answer,evidence,grounding,standalone,paraphrases_equivalent,judge_rationale,human_verdict,human_notes
budd-l-hall-rajesh-2021-socially-responsible:0027:q0,True,,factual,general,easy,"How many students are enrolled in Argentina's university system, and what share of them attend state-run institutions?","What is the total enrollment of the Argentine university system, and roughly what proportion is in state-run institutions?","How large is the student population of Argentine universities, and what percentage studies in national or provincial public institutions?","Argentina's university system enrolls about 2,164,500 students. Of these, 93% are undergraduate students, and about 80% are in state-run institutions, whether national or provincial. (Socially Responsible Higher Education, p. 50)","Considering the population, the Argentine university system brings together 2,164,500 students, of which 93% are undergraduate students, and about 80% are in state-run institutions (national or provincial).",5,True,True,"Every claim in the answer is stated directly in the evidence: 2,164,500 students, 93% undergraduate, and about 80% in state-run institutions, whether national or provincial.",,
budd-l-hall-rajesh-2021-socially-responsible:0027:q1,True,,explanation,equity_accessibility,medium,Why are dropout rates in Argentine higher education especially high among young people from lower-income backgrounds?,What explains the high levels of university abandonment among low-income young people in Argentina?,Why do lower-income socioeconomic groups in Argentina leave higher education at high rates?,"Dropout levels are high, particularly for young people from lower-income socioeconomic sectors. The reason given is that higher education is associated with the cultural capital of the family. It also depends on whether young people have been able to access quality high school education. (Socially Responsible Higher Education, p. 50)","However, as García de Fanelli (2014, p. 290) points out, levels of abandonment are high, particularly for young people from lower-income socioeconomic sectors, given that ""[higher education] is associated with the cultural capital of the family and with the possibilities of young people having access to quality high school education"".",5,True,True,Every claim in the answer is stated directly in the evidence. The answer gives the high abandonment among lower-income youth and attributes it to family cultural capital and to access to quality high school education.,,
budd-l-hall-rajesh-2021-socially-responsible:0027:q2,False,grounding(3),factual,general,easy,By how much did the number of private and public higher education institutions in Brazil grow between 2000 and 2018?,What were the growth rates of private versus public higher education institutions in Brazil from 2000 to 2018?,"Between 2000 and 2018, how much did Brazil's private institutions expand compared with its public ones?","Brazil's private institutions grew by 123%, from 1,004 to 2,238 institutions. Public institutions grew by 70%, from 176 to 299. (Socially Responsible Higher Education, p. 50)","In the period from 2000 to 2018, the number of private institutions grew by 123%, from 1,004 to 2,238 institutions, whereas the number of public/state institutions grew by",3,True,True,"The private-institution figures (123%, 1,004 to 2,238) match the evidence. The evidence is cut off before any public-institution numbers, so the claim that public institutions grew by 70% from 176 to 299 is unsupported.",,
budd-l-hall-rajesh-2021-socially-responsible:0027:q3,True,,explanation,equity_accessibility,medium,Why is Brazil's higher education system characterized by heterogeneous institutions and unequal student access?,What historical factors made Brazilian higher education institutions complex and its students unequal in access?,How did Brazil's national formation shape the diversity of its institutions and inequality among its students?,"The historical evolution of Brazil's national higher education system was marked by structuring inequalities in the country's economic, social and cultural formation. These inequalities were decisive in the complexity and heterogeneity of institutions. They also shaped the inequality of the students who accessed that level of schooling. (Socially Responsible Higher Education, p. 50)","The historical evolution of the national system of higher education was marked by the structuring inequalities in Brazil's economic, social and cultural formation, which were decisive in the complexity and heterogeneity of institutions and in the inequality of the students who accessed that level of schooling.",5,True,True,"Every claim in the answer restates the evidence almost verbatim, including the structuring inequalities and their effects on institutions and students.",,
budd-l-hall-rajesh-2021-socially-responsible:0027:q4,True,,definition,equity_accessibility,easy,What have been the main inclusion policies of the Argentine university system?,Which policies have Argentina mainly used to promote inclusion in its universities?,What does inclusion policy in Argentine higher education mainly consist of?,"One of the main inclusion policies has been the territorial expansion of university offerings. It has also involved a sustained increase in enrollment. These have been accompanied by some scholarship and tutoring programmes for courses. (Socially Responsible Higher Education, p. 50)","One of the main policies of inclusion in the Argentine university system has been the territorial expansion of offerings and the sustained increase in enrollment, along with some scholarship and tutoring programmes for courses.",4,True,True,"The answer matches the evidence closely. However, it splits a single ""main policy"" (territorial expansion plus increased enrollment, along with scholarships and tutoring) into separate items, which slightly reframes how the source groups them.",,
budd-l-hall-rajesh-2021-socially-responsible:0055:q0,True,,factual,equity_accessibility,easy,"In the Times Higher Education World University Rankings 2020, how many of the 'top 300' universities are located in Europe, North America, Australia and New Zealand?","How many of the 300 highest-ranked institutions in the 2020 Times Higher Education World University Rankings are in Europe, North America, Australia or New Zealand?","In the 2020 THE world rankings' top 300, what number and share of universities come from Europe, North America, Australia and New Zealand?","In the 2020 Times Higher Education World University Rankings, 270 of the 'top 300' universities (90%) are in Europe, North America, Australia and New Zealand. Of the remainder, 25 are from a small number of East Asian countries and only 5 are from the rest of the world. (Socially Responsible Higher Education, p. 95)","of the purportedly 'top 300' universities in the world, 270 (90%) are located in Europe, North America, Australia and New Zealand. Of the remainder, 25 are from a small number of East Asian countries and there are only 5 from the rest of the world.",4,True,False,"The counts (270 of the top 300, 90%; 25 East Asian; 5 from the rest of the world) are directly stated. However, the quoted evidence never names the Times Higher Education 2020 rankings, so the answer's attribution to them rests only on the question's premise.",,
budd-l-hall-rajesh-2021-socially-responsible:0055:q1,True,,explanation,equity_accessibility,medium,Why does the geographic distribution of the Times Higher Education top 300 universities suggest that rankings reflect a Global North concentration of 'quality'?,What does the geographic makeup of the THE top 300 reveal about how rankings concentrate 'quality' in the Global North?,How does the location of the top 300 universities in the THE rankings show a Global North bias in who is deemed excellent?,"In the THE top 300, 282 universities (94%) are in the 'Global North' of high-income countries as defined by the World Bank. Since global rankings imply that 'world class' status, quality or excellence are concentrated in specific places, this distribution suggests that excellence is absent elsewhere. (Socially Responsible Higher Education, pp. 95-96)","282 (94%) are located in the so-called 'Global North' of high income countries as specified by the World Bank (2019). … The message seems clear - 'world class' status, 'quality', or 'excellence' are highly concentrated in specific places. It is therefore, by implication, not present in others.",4,True,True,"The 282 (94%) figure and the claim that excellence is implicitly absent elsewhere are directly supported. Linking the figure to the THE top 300 is an obvious inference (282/300 = 94%), but the quoted evidence does not name the ranking explicitly.",,
budd-l-hall-rajesh-2021-socially-responsible:0055:q2,True,,factual,equity_accessibility,easy,"How many institutions represent the entire African continent in the Times Higher Education top 300, and where are they located?",Which and how many African universities appear in the THE top 300 rankings?,"In the THE top 300, how is Africa represented, and in which country are its universities?","The entire continent of Africa is represented by three institutions, all of which are in South Africa. By comparison, only one university comes from the whole of Latin America, one from the Middle East, and none from Central Asia. (Socially Responsible Higher Education, p. 95)","The entire continent of Africa is represented by three institutions, all of which are in South Africa. There is only one university from the whole of Latin America, one from the Middle East, and not a single institution from Central Asia.",5,True,False,"Every statement in the answer (three African institutions, all in South Africa, one from Latin America, one from the Middle East, none from Central Asia) is directly stated in the evidence. The evidence does not itself name the Times Higher Education top 300, but the answer makes no claim about the ranking.",,
budd-l-hall-rajesh-2021-socially-responsible:0055:q3,True,,explanation,equity_accessibility,medium,Why can the geographic bias in university rankings not be dismissed as a quirk of a single ranking system such as Times Higher Education?,Why is the Global North skew in rankings not limited to just the THE ranking?,How do other major rankings show that THE's geographic bias is not unique?,"THE is not alone in this bias. The Academic Ranking of World Universities (ARWU) and the QS World University Rankings are more geographically inclusive, but only by a few percentage points. The bias is therefore shared across the major global rankings. (Socially Responsible Higher Education, p. 95)","THE is not alone in this bias - the Academic Ranking of World Universities (ARWU, 2019) and QS World University Rankings (QS, 2019) are more geographically inclusive, but only by a few percentage points.",4,True,True,The answer's first two sentences are stated directly in the evidence. The conclusion that the bias is shared across the major global rankings is an obvious inference from them.,,
budd-l-hall-rajesh-2021-socially-responsible:0055:q4,True,,explanation,equity_accessibility,hard,Why is the dominance of already-advantaged institutions in global rankings not simply evidence that the best universities rise to the top?,How do rankings reflect structural inequality rather than the best universities naturally rising?,Why is it misleading to read top rankings as 'cream rising to the top'?,"Rankings reflect a system in which already-advantaged institutions identify themselves as better and use systemic processes to stay on top. Underlying structures create, maintain and often exacerbate social inequalities. The argument also frames rankings as a question of sovereignty and control, where power, status and funding rest with a small minority of majority-white countries and institutions. (Socially Responsible Higher Education, p. 96)","underlying structures invariably create, maintain and often exacerbate social inequalities. In other words, it is not about the cream rising to the top, but rather about the presence of a system in which the cream identifies itself as better and utilises systemic processes to stay there. … rankings are a question of sovereignty, of control, where the balance of power - and therefore status and funding - rests in the hands of a small minority of majority white countries and institutions.",4,True,True,"Every claim matches the evidence apart from small rewordings: 'already-advantaged institutions' stands in for 'the cream', and 'invariably' is dropped. Nothing in the answer goes beyond what is quoted.",,
towards-ethical:0028:q0,False,grounding(3),factual,equity_accessibility,easy,"What two sources can give rise to bias in AI systems used in fields such as healthcare, finance, criminal justice and education?","Where can biases in AI systems across healthcare, finance, criminal justice and education originate?",Which two causes are named for bias in AI systems deployed in domains like education and healthcare?,"Biases may arise from historical data, such as historical patient data in healthcare, or from a lack of diversity in the training data. These sources apply across domains including healthcare, finance, criminal justice and education. (Towards Ethical and Socially Responsible Explainable AI, p. 67)",Biases may arise from historical patient data or a lack of diversity in training data,3,True,True,"The evidence supports historical patient data and a lack of diversity in training data as sources of bias. However, the claim that these sources apply across finance, criminal justice and education is not in the quoted evidence, which mentions only patient (healthcare) data.",,
towards-ethical:0028:q1,True,,factual,governance,easy,Which kinds of data should decision-making in an educational AI system draw on to be considered transparent and well-founded?,What data should educational AI decisions be based on?,"According to guidance on transparent educational AI, what relevant data should inform its decisions?","Decision-making processes in educational AI should be transparent and based on all relevant data. This includes student performance, demographic information and behavioural factors. (Towards Ethical and Socially Responsible Explainable AI, p. 67)","Decision-making processes should be transparent and based on all relevant data, including student performance, demographic information and behavioural factors",5,True,True,"The evidence directly states that decision-making should be transparent and based on all relevant data, and it names student performance, demographic information and behavioural factors. The answer adds nothing beyond the evidence.",,
towards-ethical:0028:q2,True,,definition,equity_accessibility,easy,What does fairness require of a personalized learning AI system in education?,How is fairness characterized for personalized learning AI used with students?,What must an educational personalized learning system do in order to be fair?,"Fairness requires the system to consider each student's individual needs and characteristics. It must also avoid reinforcing educational inequalities. (Towards Ethical and Socially Responsible Explainable AI, p. 68)",Fairness requires the system to consider each student's individual needs and characteristics and avoid reinforcing educational inequalities,5,True,True,"Both claims, considering each student's individual needs and characteristics and avoiding reinforcing educational inequalities, are stated directly in the evidence.",,
towards-ethical:0028:q3,True,,definition,teaching_learning,medium,What should an explanation from an educational personalized learning AI contain about its recommendations for an individual student?,What does explainability look like for a personalized learning AI's recommendations to individual students?,What elements should explanations of personalized learning AI recommendations include?,"The system should explain how it arrived at recommendations for individual students. That explanation should include the factors considered and the goals of the recommendations. (Towards Ethical and Socially Responsible Explainable AI, p. 68)","Explanations of how the system arrived at recommendations for individual students, including the factors considered and the goals of those recommendations",5,True,True,"Every statement in the answer is directly stated in the evidence: how the system arrived at recommendations for individual students, the factors considered and the goals of the recommendations.",,
towards-ethical:0028:q4,True,,factual,privacy_security,easy,Which types of laws should educational AI systems comply with according to guidance on ethical AI in education?,What legal requirements are named for educational AI systems?,With which regulations and laws should AI systems in education be compliant?,"Educational AI systems should comply with educational regulations and laws. These include student privacy laws and anti-discrimination laws. (Towards Ethical and Socially Responsible Explainable AI, p. 68)","Compliance with educational regulations and laws, including student privacy laws and anti-discrimination laws",5,True,True,"The evidence names compliance with educational regulations and laws, including student privacy and anti-discrimination laws, which the answer restates directly.",,
towards-ethical:0051:q0,True,,explanation,governance,medium,Why does developing explainable AI require balancing transparency against confidentiality?,What tension exists between transparency and confidentiality when building explainable AI systems?,Why must designers of explainable AI weigh openness about decisions against protection of sensitive data?,"AI systems often use sensitive or confidential data, such as personal or financial information, which must be protected from unauthorized access. At the same time, transparency is essential for building trust and ensuring that decisions are fair and unbiased. Ethical and socially responsible explainable AI must therefore balance the two. (Towards Ethical and Socially Responsible Explainable AI, p. 103)","AI systems often involve sensitive or confidential data, such as personal or financial information, and these data must be protected from unauthorized access. However, transparency is also essential in building trust and ensuring that the decisions made by AI systems are fair and unbiased.",4,True,True,"Both the need to protect sensitive data and the role of transparency in trust and fairness are stated directly. The concluding 'must therefore balance the two' is an obvious inference from the quoted passage, not an explicit statement in it.",,
towards-ethical:0051:q1,True,,factual,governance,easy,"In which kinds of settings may high transparency be necessary, and in which may confidentiality take priority, for AI decision-making?","Which domains call for a high level of AI transparency, and which may limit transparency in favor of confidentiality?","Where is strong transparency needed in AI decisions, and where might confidentiality be paramount?","High transparency may be necessary in contexts such as medical diagnosis or financial decision-making, to build trust and ensure accountability. In contexts such as national security or defense, confidentiality may be paramount, and transparency may need to be limited to protect sensitive information. (Towards Ethical and Socially Responsible Explainable AI, p. 104)","In some cases, such as medical diagnosis or financial decision-making, a high level of transparency may be necessary to build trust and ensure accountability. In other cases, such as national security or defense, confidentiality may be paramount, and transparency may need to be limited to protect sensitive information [1, 9, 12].",5,True,True,"Every statement in the answer is taken directly from the evidence. This covers medical diagnosis and financial decision-making needing high transparency for trust and accountability, and national security and defense where confidentiality is paramount and transparency is limited to protect sensitive information.",,
towards-ethical:0051:q2,False,grounding(3),definition,privacy_security,easy,What is data masking in the context of balancing transparency and confidentiality in AI systems?,How is data masking defined as a way to protect confidential information in AI decision-making?,What does data masking mean when AI systems need to stay transparent while protecting confidential data?,"Data masking is a technique in which confidential information is concealed in a way that does not affect the overall outcome of the decision-making process. It helps AI systems remain transparent about their decisions while still protecting confidential data. (Towards Ethical and Socially Responsible Explainable AI, p. 103)","This can be achieved through techniques such as data masking, where confidential information is concealed in a way that does not affect the overall outcome of the decisionmaking process.",3,True,True,"The definition of data masking (concealing confidential information without affecting the overall outcome of decision-making) is directly supported. However, the claim that it helps AI systems stay transparent about their decisions while protecting confidential data is not stated in the evidence. The quote only says 'This can be achieved', without identifying what 'this' refers to.",,
towards-ethical:0051:q3,True,,explanation,governance,medium,Why should clear guidelines and standards for confidentiality and transparency be established for AI development and deployment?,What justifies setting clear standards on confidentiality and transparency for AI systems?,Why is it essential to define shared guidelines on confidentiality and transparency in AI?,"What counts as confidential information differs among stakeholders. For example, a company may consider something confidential that a regulatory body or the public does not. Because of this difference, clear guidelines and standards are needed for confidentiality and transparency in AI development and deployment. (Towards Ethical and Socially Responsible Explainable AI, p. 104)","For example, what is considered confidential information by a company may be different from what is considered confidential information by a regulatory body or the public. Therefore, it is essential to establish clear guidelines and standards for confidentiality and transparency in the development and deployment of AI systems [97, 98].",5,True,True,"Every claim in the answer is stated in the evidence. The evidence gives the example that companies, regulators and the public view confidential information differently, and draws the conclusion that clear guidelines are therefore essential.",,
towards-ethical:0051:q4,False,grounding(3),factual,privacy_security,easy,What does the European Union's General Data Protection Regulation set out that relates to transparency in AI?,Which standards does the EU's GDPR establish that bear on transparency and accountability?,What requirements does the GDPR impose regarding personal data use?,"The GDPR sets standards for data protection and privacy in the EU. These include requirements for transparency and accountability in the use of personal data. It is cited as an initiative promoting transparency and confidentiality in AI. (Towards Ethical and Socially Responsible Explainable AI, p. 104)","the European Union's General Data Protection Regulation (GDPR) [99] sets standards for data protection and privacy in the EU, including requirements for transparency and accountability in the use of personal data.",3,True,False,The first two sentences match the evidence. The claim that the GDPR is cited as an initiative promoting transparency and confidentiality in AI does not appear in the quoted evidence.,,
budd-l-hall-rajesh-2021-socially-responsible:0120:q0,True,,factual,teaching_learning,easy,How many of 31 surveyed Peruvian law schools have implemented public interest clinics rather than free legal aid clinics?,"Out of 31 law schools surveyed in Peru, how many run public interest clinics instead of free legal aid clinics?",What number of the 31 Peruvian law schools studied have set up public interest clinics?,"Only 3 of the 31 Peruvian law schools surveyed have implemented public interest clinics. The remainder opted for free legal aid clinics. These often function as alternatives to internships that give students educational credit, which was reported by 27 institutions. (Socially Responsible Higher Education, p. 222)","of the 31 institutions surveyed, only 3 have implemented public interest clinics, while the remainder have opted for free legal aid clinics. The latter often function as alternatives to internships, where students can get educational credit and recognition for internship work (27 institutions).",4,True,False,"The answer is fully supported by the evidence. Two details are inferred rather than stated: that the 31 institutions are Peruvian law schools (likely from context but absent from the quoted passage), and that the 27-institution figure refers to internship credit (an interpretation of a parenthetical).",,
budd-l-hall-rajesh-2021-socially-responsible:0120:q1,True,,factual,equity_accessibility,easy,How are free legal aid clinics and public interest clinics distributed across Peruvian universities?,"Where in Peru are free legal aid clinics and public interest clinics located, and in which types of universities?",What is the geographic and public/private distribution of the two clinic types in Peruvian law schools?,"Free legal aid clinics are evenly distributed across public and private universities throughout the country. Public interest clinics, by contrast, are concentrated in three private universities in Lima, the capital. (Socially Responsible Higher Education, p. 222)","The research shows that free legal aid clinics are evenly distributed in public and private universities throughout the country, while public interest clinics are concentrated in three private universities in Lima, Peru's capital.",5,True,True,"Every statement in the answer is stated directly in the evidence: the even public/private, nationwide distribution of free legal aid clinics and the concentration of public interest clinics in three private universities in Lima.",,
budd-l-hall-rajesh-2021-socially-responsible:0120:q2,True,,explanation,general,medium,Why might public interest clinics in Peruvian law schools be concentrated in Lima?,What reasons are suggested for public interest clinics clustering in Peru's capital?,How can the Lima concentration of public interest clinics in Peruvian legal education be explained?,"The concentration could be because Peru has only a few dedicated public interest lawyers. In addition, the country's high courts, the Supreme Court and the Constitutional Court, are both located in Lima. (Socially Responsible Higher Education, p. 222)","This could be because there only few dedicated public interest lawyers in Peru, and the high courts of Peru (Supreme Court and Constitutional Court) are both in Lima.",5,True,True,"Both reasons given in the answer, the scarcity of public interest lawyers and the location of the Supreme Court and Constitutional Court in Lima, are stated directly in the evidence.",,
budd-l-hall-rajesh-2021-socially-responsible:0120:q3,True,,factual,teaching_learning,easy,"At what stage of their studies do almost all Peruvian law schools place legal clinical education, and what prerequisites are often required?","When in a Peruvian law student's education is clinical legal education usually offered, and what must they have passed first?",What is the usual timing and prerequisite structure for legal clinics in Peruvian law schools?,"Almost all Peruvian law schools implement legal clinical education towards the end of a student's education. They often require students to have passed a certain set of classes, usually related to procedural law, in order to participate. (Socially Responsible Higher Education, p. 222)","almost all universities have chosen to implement legal clinical education towards the end of a student's education, often requiring them to have passed a certain set of classes (usually related to procedural law) in order to participate.",4,True,True,"The answer matches the evidence closely, but the evidence says ""almost all universities"" and never mentions Peru explicitly. Reading those universities as Peruvian law schools is a small inference from context.",,
budd-l-hall-rajesh-2021-socially-responsible:0120:q4,False,grounding(3),factual,general,medium,"Which case types do free legal aid clinics at Peruvian law schools most commonly handle, according to a survey of 31 institutions?","In a survey of 31 Peruvian law schools, what kinds of cases do free legal aid clinics take, and how many offer family and criminal law?","What areas of law do Peruvian free legal aid clinics cover, and how many provide civil and administrative services?","Most free legal aid clinics (22 universities) accept cases of varying nature. Of the 31 clinics, 24 provided services in family law and 16 in criminal law. Only 15 handle civil law and 10 administrative cases, even though civil law is the most common practice area and citizens struggle with state bureaucracy. (Socially Responsible Higher Education, p. 223)","most free legal aid clinics (22 universities) accept cases of varying nature. Out of the 31 clinics, 24 free legal aid clinics provided services in family law and 16 provided representation in criminal law cases.",3,True,False,"The claims about 15 clinics handling civil law and 10 handling administrative cases, along with the remarks that civil law is the most common practice area and that citizens struggle with state bureaucracy, do not appear in the evidence. The remaining statements are directly supported.",,
budd-l-hall-rajesh-2021-socially-responsible:0118:q0,False,not_standalone,factual,monitoring_improvement,easy,What did a 2018 URSULA study find about how Peruvian universities were performing in executing socially responsible initiatives?,"According to a 2018 survey by the Latin American Social Responsibility in Higher Education Union, how did Peruvian universities fare in carrying out socially responsible initiatives?",What were the results of the 2018 URSULA study on Peruvian universities' execution of social responsibility initiatives?,"The 2018 URSULA study found that all 18 Peruvian universities surveyed had difficulty executing socially responsible initiatives. Their results were below the regional average. (Socially Responsible Higher Education, p. 220)","a 2018 study by Unión de Responsabilidad Social Universitaria Latinoamericana - URSULA (Latin American Social Responsibility in Higher Education Union) found that all 18 Peruvian universities surveyed had difficulty in executing socially responsible initiatives, with results below the regional average (p. 17).",5,False,True,"The evidence directly states both claims: all 18 surveyed Peruvian universities had difficulty executing socially responsible initiatives, and their results were below the regional average.",,
budd-l-hall-rajesh-2021-socially-responsible:0118:q1,False,grounding(3),explanation,governance,medium,Why has implementation of the social responsibility obligations in Peru's Law 30220 of 2014 been uneven and difficult?,What explains the disparate and difficult implementation of the social responsibility duties set out in Peru's 2014 university law?,Why have Peruvian universities struggled to put the social responsibility obligations of Law 30220 into practice?,"Implementation has been disparate and difficult largely because the Act was not accompanied by further regulations, policies or government-sponsored programmes. Without such accompanying support, universities were left to implement the obligations on their own. (Socially Responsible Higher Education, p. 220)","However, the obligations set out in the Act have had a disparate and difficult implementation. This may be due in large part to the lack of further regulations, policies or government sponsored programmes to accompany the Act.",3,True,True,"The evidence supports the lack of further regulations, policies or government-sponsored programmes as a cause, though the source hedges with ""may be due"" and the answer states it as fact. The claim that universities were ""left to implement the obligations on their own"" is an added inference not stated in the evidence.",,
budd-l-hall-rajesh-2021-socially-responsible:0118:q2,False,grounding(3),explanation,governance,hard,"Why do some scholars argue that Peru's Law 30220 requires universities to build a social responsibility component into all their programmes, rather than only managing their impact?",On what reasoning is it claimed that Peru's 2014 university law obliges social responsibility in every university programme?,Why would focusing only on impact management under Article 124 of Law 30220 be considered insufficient?,"The argument is that, read systematically, the Act obliges all universities to construct all their programmes with a social responsibility component. Focusing only on impact management under Article 124 would breach Articles 5, 6 and 130. Those articles set guiding principles such as inclusion and community engagement, and require a University Social Service Programme. (Socially Responsible Higher Education, pp. 219-220)","we posit that the Act in fact obliges all universities to construct all their programmes with a social responsibility component. … Articles 5 and 6 establish that pluralism, inclusion, intercultural dialogue and commitment to the country's development are the guiding principles of higher education, and universities should strive to interact with the community and engage in socially relevant teaching and research. … Article 130 establishes the obligation to implement SRHEI. Per this article, every university should create a Programa de Servicio Social Universitario (University Social Service Programme), through which students apply knowledge in a way that improves the quality of life of people in traditionally marginalised groups.",3,True,False,"The evidence supports the obligation to give every programme a social responsibility component, the principles in Articles 5 and 6, and Article 130's University Social Service Programme. It never mentions Article 124, a 'systematic' reading, or any claim that impact management alone would breach those articles.",,
budd-l-hall-rajesh-2021-socially-responsible:0118:q3,False,grounding(3),definition,governance,easy,How does Article 124 of Peru's Law 30220 define social responsibility in higher education (SRHEI)?,What is the legal definition of SRHEI in Article 124 of Peru's 2014 university law?,"According to Peru's Law 30220, what does social responsibility in higher education mean?","Article 124 defines SRHEI as the ethical and effective management of the impact generated by the university in society. This includes impacts arising from the relationship between the university community, the environment and other public and private organisations. (Socially Responsible Higher Education, p. 219)","Article 124 defines SRHEI as ""the ethical and effective management of the impact generated by the university in society""",3,True,True,"The first sentence matches the quoted definition. The second sentence, about impacts arising from relationships between the university community, the environment and public and private organisations, is not in the evidence.",,
budd-l-hall-rajesh-2021-socially-responsible:0118:q4,True,,factual,monitoring_improvement,easy,"What proportion of 50 surveyed Peruvian universities in a 2017 ENARSU Network study treated social responsibility as a central pillar, and how many were incorporating it into curriculums and campus life?","In the 2017 ENARSU Network survey of 50 Peruvian universities, what percentages treated SRHEI as a central pillar and integrated it into curriculums and campus life?",What did the 2017 ENARSU study report about Peruvian universities making social responsibility a central pillar and embedding it in curriculums and campus life?,"The 2017 ENARSU Network study found that only 43% of the 50 universities surveyed considered SRHEI a central pillar of their institution. Only 36% of the universities studied were incorporating it into curriculums and campus life. (Socially Responsible Higher Education, p. 220)","a 2017 study by Peru's ENARSU Network (Network of the National Meeting on Social Responsibility in Higher Education) found that only 43% of the 50 universities surveyed considered SRHEI as a central pillar in their institution (Stojnic Chávez & Jungbluth Melgar, 2017, p. 4). This last report also found that only 36% of universities studied were incorporating SRHEI into curriculums and campus life",5,True,True,"Both figures, 43% treating SRHEI as a central pillar and 36% incorporating it into curriculums and campus life, are stated directly in the evidence for the 2017 ENARSU study of 50 universities.",,
towards-ethical:0090:q0,True,,explanation,governance,easy,Why is it essential for AI systems to adhere to applicable laws and regulations?,What is the importance of making sure AI systems comply with relevant laws and regulations?,Why does legal and regulatory adherence matter for AI systems?,"Ensuring that AI systems adhere to applicable laws and regulations is essential for protecting user rights. It also helps ensure fairness and prevents unintended consequences. (Towards Ethical and Socially Responsible Explainable AI, p. 171)","Ensuring that AI systems adhere to applicable laws and regulations is essential for protecting user rights, ensuring fairness, and preventing unintended consequences [28].",5,True,True,"The evidence directly states every part of the answer: protecting user rights, ensuring fairness, and preventing unintended consequences.",,
towards-ethical:0090:q1,False,grounding(3),explanation,governance,medium,How do ethical guidelines and practices strengthen the accountability of AI systems?,In what way do ethical guidelines contribute to AI accountability?,What role do ethical practices play in making AI accountable?,"Ethical guidelines and practices enhance accountability by addressing the broader societal impact of AI technologies. This extends accountability beyond what is strictly required by legal compliance. (Towards Ethical and Socially Responsible Explainable AI, pp. 171-172)","Ethical guidelines and practices enhance accountability by addressing the broader societal impact of AI technologies. … Ensuring that AI systems adhere to applicable laws and regulations is essential for protecting user rights, ensuring fairness, and preventing unintended consequences [28].",3,True,True,The first sentence is quoted directly from the evidence. The claim that ethics extends accountability beyond what legal compliance strictly requires is not stated; the evidence discusses legal compliance separately and never sets up that contrast.,,
towards-ethical:0090:q2,False,"format(sentences=1,paraphrases=2)",definition,governance,easy,What does accountability in AI encompass?,What components make up the concept of accountability in AI?,How is accountability in AI defined in terms of its scope?,"Accountability in AI encompasses legal and regulatory compliance, ethical considerations, and defining liability and responsibility. (Towards Ethical and Socially Responsible Explainable AI, p. 171)","It encompasses legal and regulatory compliance, ethical considerations, and defining liability and responsibility [4, 9, 12, 14, 27].",4,True,True,"The evidence lists exactly the three elements given in the answer. It refers to accountability only as ""It"", so tying the statement to AI accountability is an obvious inference from context rather than something stated outright.",,
towards-ethical:0090:q3,True,,definition,governance,medium,What does an ethical impact assessment involve in the context of AI accountability?,What is an ethical impact assessment for AI systems?,What are organizations expected to do when they conduct an ethical impact assessment of an AI system?,"An ethical impact assessment evaluates how AI systems may affect different societal groups. It involves assessing potential risks and benefits and taking steps to minimize harm. (Towards Ethical and Socially Responsible Explainable AI, p. 172)",Ethical Impact Assessment: Conduct ethical impact assessments to evaluate how AI systems may affect different societal groups. Assess potential risks and benefits and take steps to minimize harm.,5,True,True,"Every statement in the answer closely restates the evidence: evaluating effects on societal groups, assessing risks and benefits, and minimizing harm.",,
towards-ethical:0090:q4,True,,explanation,monitoring_improvement,medium,Why should organizations regularly audit algorithms and conduct regular legal reviews of their AI systems?,What is the purpose of regular algorithm fairness audits and ongoing legal reviews of AI?,Why are periodic audits and legal reviews recommended for AI systems and practices?,"Regular legal reviews of AI systems and practices help ensure ongoing compliance with evolving laws and regulations. Regular audits of algorithms for fairness help identify and mitigate algorithmic bias, particularly in applications that affect individuals' lives, such as hiring or lending decisions. (Towards Ethical and Socially Responsible Explainable AI, p. 172)","Regular Legal Review: Conduct regular legal reviews of AI systems and practices to ensure ongoing compliance with evolving laws and regulations. … Algorithmic Bias Mitigation: Implement measures to identify and mitigate algorithmic bias, particularly in applications that impact individuals' lives, such as hiring or lending decisions. Regularly audit algorithms for fairness.",4,True,True,"Both claims are supported. Linking regular fairness audits to identifying and mitigating bias is an obvious inference from the 'Algorithmic Bias Mitigation' item, which pairs the two.",,
towards-ethical:0077:q0,True,,definition,general,easy,"What does transparency in AI mean, and what role does it play between users and AI systems?",How is transparency defined in the context of artificial intelligence?,What is AI transparency and how does it connect human users with machine intelligence?,"Transparency in AI is the mechanism through which AI systems communicate their decision-making processes, data sources, and the rationale behind their recommendations. It acts as a bridge between human users and machine intelligence. (Towards Ethical and Socially Responsible Explainable AI, p. 150)","Transparency in AI serves as the bridge between human users and machine intelligence. It is the mechanism through which AI systems communicate their decisionmaking processes, data sources, and the rationale behind their recommendations.",5,True,False,"Both statements in the answer are taken directly from the evidence: the definition of transparency as the mechanism for communicating decision-making processes, data sources and rationale, and its role as a bridge between users and machine intelligence.",,
towards-ethical:0077:q1,True,,definition,equity_accessibility,easy,"In the context of AI accountability, what does bias detection and mitigation involve?",How is bias detection and mitigation defined as an aspect of accountable AI?,What does it mean to detect and mitigate bias as part of AI accountability?,"Bias detection and mitigation means detecting and mitigating biases in AI algorithms to ensure fairness in decision-making. An example is using demographic parity techniques to reduce gender bias in a job recruitment AI system. (Towards Ethical and Socially Responsible Explainable AI, p. 151)",| Bias detection and mitigation    | Detecting and mitigating biases in AI algorithms to ensure fairness in decision-making                             | Using demographic parity techniques to reduce gender bias in a job recruitment AI system               |,5,True,True,"Both the definition and the example are stated directly in the evidence table row. The row's placement under AI accountability is implied by the question rather than shown in the evidence, but this is a minor framing point.",,
towards-ethical:0077:q2,False,not_standalone,factual,monitoring_improvement,easy,What example is given of auditing and monitoring as an accountability aspect for AI systems?,Which example illustrates regular auditing and monitoring of AI systems under accountability?,How is auditing and monitoring of AI illustrated with a concrete case in the accountability framework?,"The example is periodic third-party audits of AI algorithms used in financial decision-making processes. Auditing and monitoring more broadly means conducting regular audits and monitoring to ensure compliance, performance, and ethical standards. (Towards Ethical and Socially Responsible Explainable AI, p. 152)","| Auditing and monitoring          | Conducting regular audits and monitoring of AI systems to ensure compliance, performance, and ethical standards      | Periodic third-party audits of AI algorithms used in financial decision-making processes                             |",5,False,True,"Both the example (periodic third-party audits of AI algorithms in financial decision-making) and the definition (regular audits and monitoring for compliance, performance and ethical standards) are stated directly in the evidence table.",,
towards-ethical:0077:q3,True,,explanation,leadership_strategy,medium,Why does AI accountability include public engagement with stakeholders and users?,What purpose does public engagement serve in accountable AI?,How does engaging the public and stakeholders contribute to accountability for AI systems?,"Public engagement involves engaging with the public, stakeholders, and users to gather input, address concerns, and build trust in AI systems. An example is hosting public forums and seeking feedback on the use of AI in city planning and transportation projects. (Towards Ethical and Socially Responsible Explainable AI, p. 152)","| Public engagement                | Engaging with the public, stakeholders, and users to gather input, address concerns, and build trust in AI systems   | Hosting public forums and seeking feedback on the use of AI in city planning and transportation projects             |",5,True,True,"The answer reproduces the table row: engaging the public, stakeholders, and users to gather input, address concerns, and build trust, with the example of public forums on AI in city planning and transportation. All of it is stated in the evidence.",,
towards-ethical:0077:q4,True,,application,privacy_security,hard,"A university deploys an AI-driven personal assistant that collects student data. Which accountability practice should it adopt to respect student autonomy over their data, and what would that look like?",A college rolls out an AI personal assistant that gathers student data; what accountability measure gives students control over their data?,How should a university apply the user consent and control principle when students use an AI assistant that collects their data?,"The university should apply user consent and control, ensuring users have informed consent and control over how their data is used and interacted with by AI systems. In practice, it would let students customize privacy settings and opt in or out of data collection by the AI-driven personal assistant. (Towards Ethical and Socially Responsible Explainable AI, p. 152)",| User consent and control         | Ensuring that users have informed consent and control over how their data is used and interacted with by AI systems  | Allowing users to customize privacy settings and opt in or out of data collection by an AI-driven personal assistant |,4,True,False,"The evidence directly supports the practice, its definition and the example. Applying it to a university and students is an obvious inference rather than something the evidence states, since the table row gives a generic example.",,
patterns-advances-and-gaps-in-using-chatgpt-and:0003:q0,True,,definition,general,easy,What is the PAGER framework as used to structure a scoping review of generative AI in nursing education?,What does the PAGER framework consist of when it is applied to organise a synthesis on generative AI in nursing education?,How is the PAGER framework defined in a scoping review of ChatGPT-type tools in nursing education?,"The PAGER framework is used to structure the synthesis of the review across five domains. These domains are Patterns, Advances, Gaps, Evidence, and Recommendations. (Patterns, advances, and gaps in using ChatGPT and similar technologies in nursing education: A PAGER scoping review, p. 2)","The review applies the PAGER framework to structure the synthesis across five domains: Patterns, Advances, Gaps, Evidence, and Recommendations.",5,True,True,"Both statements in the answer, that the framework structures the synthesis and that its five domains are Patterns, Advances, Gaps, Evidence and Recommendations, are stated directly in the evidence.",,
patterns-advances-and-gaps-in-using-chatgpt-and:0003:q1,True,,factual,general,medium,What are the stated aims of a scoping review examining how generative AI tools such as ChatGPT are implemented in nursing education?,Which objectives does a scoping review of ChatGPT-style tool implementation in nursing education set out to achieve?,What does a scoping review on generative AI implementation in nursing education seek to do?,"The review seeks to identify common implementation patterns and document technological advances. It also aims to highlight gaps in current evidence, summarise practice-based findings, and propose recommendations for responsible integration. (Patterns, advances, and gaps in using ChatGPT and similar technologies in nursing education: A PAGER scoping review, p. 2)","This scoping review examines how GenAI tools such as ChatGPT are implemented in nursing education. It seeks to identify common implementation patterns, document technological advances, highlight gaps in current evidence, summarise practice-based findings, and propose recommendations for responsible integration.",5,True,True,"Every aim listed in the answer appears verbatim in the evidence: identifying patterns, documenting advances, highlighting gaps, summarising practice-based findings, and proposing recommendations.",,
patterns-advances-and-gaps-in-using-chatgpt-and:0003:q2,False,duplicate(cos=0.922 of patterns-advances-and-gaps-in-using-chatgpt-and:0003:q0),explanation,monitoring_improvement,medium,Why does a PAGER-based scoping review of generative AI in nursing education ask about gaps in current knowledge and practice?,What is the purpose of the Gaps question in a PAGER scoping review of generative AI in nursing education?,How does the Gaps question fit into a PAGER review of generative AI use in nursing education?,"The Gaps question asks what gaps exist in current knowledge and practice regarding the use and integration of generative AI. This fits the review's broader aim of highlighting gaps in current evidence on how tools like ChatGPT are implemented in nursing education. (Patterns, advances, and gaps in using ChatGPT and similar technologies in nursing education: A PAGER scoping review, p. 2)","What gaps exist in current knowledge and practice regarding GenAI use and integration? … This scoping review examines how GenAI tools such as ChatGPT are implemented in nursing education. It seeks to identify common implementation patterns, document technological advances, highlight gaps in current evidence, summarise practice-based findings, and propose recommendations for responsible integration.",5,True,True,Both statements are directly stated in the evidence: the Gaps question wording and the review's aim to highlight gaps in current evidence on how GenAI tools such as ChatGPT are implemented in nursing education.,,
patterns-advances-and-gaps-in-using-chatgpt-and:0003:q3,False,"format(sentences=1,paraphrases=2)",factual,teaching_learning,easy,What does the Patterns review question ask in a scoping review of generative AI in nursing education?,Which question addresses patterns in a PAGER scoping review of generative AI in nursing education?,What is the Patterns question posed in a review of how generative AI is used in nursing education?,"The Patterns question asks what patterns emerge in how generative AI is discussed, studied and applied in nursing education. (Patterns, advances, and gaps in using ChatGPT and similar technologies in nursing education: A PAGER scoping review, p. 2)","What patterns emerge in how GenAI are discussed, studied and applied in nursing education?",5,True,True,The answer restates the quoted review question almost verbatim. The only change is expanding 'GenAI' to 'generative AI'.,,
patterns-advances-and-gaps-in-using-chatgpt-and:0003:q4,True,,factual,monitoring_improvement,medium,Which two review questions in a PAGER scoping review of generative AI in nursing education address types of evidence and successful integration?,What do the Evidence and Recommendations questions ask in a scoping review of generative AI in nursing education?,"In a PAGER review on generative AI in nursing education, how are the Evidence and Recommendations questions worded?","The Evidence question asks what types of evidence exist regarding the use and outcomes of generative AI in nursing education. The Recommendations question asks what recommendations can be made to integrate generative AI in nursing education successfully. (Patterns, advances, and gaps in using ChatGPT and similar technologies in nursing education: A PAGER scoping review, p. 2)","What types of evidence exist regarding the use and outcomes of GenAI in nursing education?

What recommendations can be made to integrate GenAI in nursing education successfully?",4,True,True,"Both questions are quoted almost verbatim in the evidence. The labels ""Evidence"" and ""Recommendations"" are not in the quoted text, but they are an obvious inference from the content of each question.",,
patterns-advances-and-gaps-in-using-chatgpt-and:0004:q0,True,,definition,general,easy,"In the JBI PCC framework used to set eligibility criteria for a scoping review of generative AI in nursing education, what do the Population, Concept, and Context components cover?","How did a scoping review of generative AI in nursing education define Population, Concept, and Context under the JBI PCC framework?","What did the PCC elements (Population, Concept, Context) specify for inclusion in a nursing-education generative AI scoping review?","The Concept covered generative AI tools such as ChatGPT, Claude, and Perplexity. The Context was nursing education settings. The Population was nursing students, faculty, or researchers. Studies of all types, including research articles and opinion pieces, were eligible. (Patterns, advances, and gaps in using ChatGPT and similar technologies in nursing education: A PAGER scoping review, p. 2)","This scoping review followed the JBI PCC (Population, Concept, Context) framework to guide inclusion and exclusion criteria. We included studies of all types, such as research articles and opinion pieces, that examined the use or discussion of GenAI tools (Concept), including ChatGPT, Claude, and Perplexity, in nursing education settings (Context). Eligible studies involved nursing students, faculty, or researchers (Population).",5,True,True,"The evidence directly states each component: the Concept is GenAI tools including ChatGPT, Claude and Perplexity, the Context is nursing education settings, and the Population is nursing students, faculty or researchers. It also states that studies of all types, such as research articles and opinion pieces, were included.",,
patterns-advances-and-gaps-in-using-chatgpt-and:0004:q1,False,duplicate(cos=0.960 of patterns-advances-and-gaps-in-using-chatgpt-and:0003:q0),explanation,monitoring_improvement,medium,Why did the authors of a scoping review of generative AI in nursing education add the PAGER framework to their review protocol?,What was the rationale for using the PAGER framework as a mapping tool in a nursing-education generative AI scoping review?,Why was PAGER selected to structure a scoping review on generative AI in nursing education?,"The PAGER framework was selected because it provides systematic, actionable insights. It also helps identify knowledge gaps. This suits the complex and rapidly evolving landscape of generative AI. (Patterns, advances, and gaps in using ChatGPT and similar technologies in nursing education: A PAGER scoping review, p. 2)","This framework was specifically selected to provide systematic, actionable insights and identify knowledge gaps in GenAI's complex and rapidly evolving landscape (Bradbury-Jones et al., 2022).",5,True,True,"Every claim in the answer is directly stated in the evidence: PAGER was chosen for systematic, actionable insights, for identifying knowledge gaps, and to suit the complex, rapidly evolving landscape of generative AI.",,
patterns-advances-and-gaps-in-using-chatgpt-and:0004:q2,True,,definition,monitoring_improvement,easy,"What methodology did a scoping review of generative AI in nursing education follow to map and synthesise evidence, and where was its protocol registered?","Which scoping review methodology guided a nursing-education generative AI review, and in which registry was its protocol recorded?",What approach and registration did a review of generative AI in nursing education use for its protocol?,"The review followed the JBI methodology for scoping reviews to map and synthesise evidence on generative AI in nursing education. Its protocol was registered in the Open Science Framework registry. (Patterns, advances, and gaps in using ChatGPT and similar technologies in nursing education: A PAGER scoping review, p. 2)","We followed the JBI methodology for scoping reviews (Peters et al., 2020) to map and synthesise evidence on GenAI in nursing education. A protocol was registered in the Open Science Framework (OSF) registry (doi:10.17605/OSF.IO/PNUE8).",5,True,False,"Both claims, that the review followed the JBI scoping review methodology and that its protocol was registered in the OSF registry, are stated directly in the evidence.",,
patterns-advances-and-gaps-in-using-chatgpt-and:0004:q3,True,,definition,general,easy,"What were the date, language, and topic restrictions used as inclusion and exclusion criteria in a scoping review of generative AI in nursing education?","Which publication dates, languages, and topics were included or excluded in a nursing-education generative AI scoping review?","What limits on language, time period, and subject matter did a review of generative AI in nursing education apply?","Only English-language publications from November 2022 to November 2024 were included. Studies focusing on general AI, non-generative-AI chatbots, or clinical practice outside educational settings were excluded. (Patterns, advances, and gaps in using ChatGPT and similar technologies in nursing education: A PAGER scoping review, p. 2)","We included only English-language publications published between November 2022 and November 2024. Studies focusing on general AI, non-GenAI chatbots, or clinical practice outside educational settings were excluded.",5,True,True,"The evidence directly states every claim in the answer: the English-only restriction, the November 2022 to November 2024 window, and the three exclusion categories.",,
patterns-advances-and-gaps-in-using-chatgpt-and:0004:q4,True,,factual,monitoring_improvement,medium,How did the reviewers in a scoping review of generative AI in nursing education screen studies and resolve disagreements?,What screening process and disagreement resolution did a nursing-education generative AI scoping review use?,"How were titles, abstracts, and full texts assessed, and conflicts settled, in a review of generative AI in nursing education?","Six reviewers independently assessed titles and abstracts against the inclusion criteria, and the same reviewers then evaluated full texts. Two senior reviewers resolved disagreements through discussion and consensus. Regular calibration meetings ensured the criteria were applied consistently across all reviewers. (Patterns, advances, and gaps in using ChatGPT and similar technologies in nursing education: A PAGER scoping review, p. 3)","Six reviewers (EE, DC, EK, AJF, MD, KS) independently assessed titles and abstracts against inclusion criteria. This multi-reviewer approach was implemented to manage the substantial volume of citations while enhancing the identification of relevant studies through diverse expertise. Full-text articles were then evaluated by the same reviewers, with two senior reviewers (SB, SG) resolving disagreements through discussion and consensus. Regular calibration meetings ensured consistent application of inclusion criteria across all reviewers.",5,True,True,"Every statement in the answer is directly stated in the evidence: six independent reviewers, the same reviewers screening full texts, two senior reviewers resolving disagreements by consensus, and calibration meetings.",,
patterns-advances-and-gaps-in-using-chatgpt-and:0016:q0,True,,explanation,governance,medium,Why does nursing education need a comprehensive framework for generative AI use in assessment and clinical training?,What is the rationale for establishing a comprehensive generative AI framework in nursing assessment and clinical training?,Why should nursing programs put in place an overarching system governing GenAI in assessment and clinical training?,"A comprehensive system is needed to balance innovation with academic integrity in nursing assessment and clinical training. Such a framework should also set clear data privacy and security standards and guidelines. It should ensure compliance with educational regulations. (Patterns, advances, and gaps in using ChatGPT and similar technologies in nursing education: A PAGER scoping review, p. 8)","The findings indicate the necessity of establishing a comprehensive system that balances innovation with academic integrity in nursing assessment and clinical training. These frameworks should establish clear data privacy and security standards guidelines and ensure compliance with educational regulations (Foronda and Porter, 2024).",5,True,True,"Every claim in the answer is stated directly in the evidence: balancing innovation with academic integrity, setting data privacy and security standards, and ensuring compliance with educational regulations.",,
patterns-advances-and-gaps-in-using-chatgpt-and:0016:q1,True,,definition,equity_accessibility,easy,"In a scoping review's recommendations for nursing education, what do incentive structures for equitable GenAI access involve?",What should incentive structures aimed at equitable generative AI access in nursing education accomplish?,How are incentive structures for fair GenAI access described in recommendations for nursing education?,"Incentive structures should promote equitable access to GenAI technologies across diverse settings. They should pay particular attention to underserved populations and low-resource settings. Targeted strategies are needed for bridging digital divides and maximising global applicability. (Patterns, advances, and gaps in using ChatGPT and similar technologies in nursing education: A PAGER scoping review, p. 8)","To address identified disparities, incentive structures should promote equitable access to GenAI technologies across diverse settings, with particular attention to underserved populations and low-resource settings. Targeted strategies are needed for bridging digital divides and maximising global applicability.",5,True,True,"Every statement in the answer matches the evidence directly: incentive structures should promote equitable access across diverse settings, with attention to underserved populations and low-resource settings, and targeted strategies are needed to bridge digital divides.",,
patterns-advances-and-gaps-in-using-chatgpt-and:0016:q2,False,not_standalone,definition,monitoring_improvement,easy,What kind of research on generative AI in nursing education do the recommendations say should be prioritised when comparing teaching approaches?,Which type of comparative research does the nursing education scoping review prioritise regarding GenAI?,What comparison should research prioritise to evaluate generative AI in nursing teaching?,"Comparative effectiveness research between AI-enhanced and conventional teaching methods should be given priority. This sits alongside longitudinal studies evaluating the impact of GenAI use on student outcomes and ethical decision-making. (Patterns, advances, and gaps in using ChatGPT and similar technologies in nursing education: A PAGER scoping review, p. 8)",Longitudinal studies are needed to evaluate the impact of GenAI use on student outcomes and ethical decision-making. Comparative effectiveness research between AI-enhanced and conventional teaching methods should be given priority.,5,False,True,"Both statements, the priority on comparative effectiveness research and the need for longitudinal studies, are stated directly in the evidence.",,
patterns-advances-and-gaps-in-using-chatgpt-and:0016:q3,True,,definition,teaching_learning,medium,What does it mean for generative AI implementation in nursing assessment generation and clinical simulation to be pedagogically aligned?,How should GenAI be implemented in nursing assessment generation and clinical simulation development to align with pedagogy?,What does aligning generative AI use in nursing simulations and assessments with pedagogical frameworks entail?,"Implementation should follow evidence-based approaches in assessment generation and clinical simulation development. It should align with established pedagogical frameworks. The aim is to enhance rather than replace effective teaching practices. (Patterns, advances, and gaps in using ChatGPT and similar technologies in nursing education: A PAGER scoping review, p. 8)","Implementation should follow evidence-based approaches in assessment generation and clinical simulation development, aligning with established pedagogical frameworks to enhance rather than replace effective teaching practices.",5,True,True,"Every statement in the answer restates the single evidence sentence: follow evidence-based approaches, align with established pedagogical frameworks, and enhance rather than replace teaching. Nothing is added.",,
patterns-advances-and-gaps-in-using-chatgpt-and:0016:q4,True,,definition,student_ai_literacy,medium,"Which competencies do nursing education recommendations say should be developed for generative AI use, and why are they crucial?","What competencies for GenAI use should nursing education develop, and what are they important for?","According to nursing education recommendations, why is developing technical and ethical GenAI competencies crucial?","Technical and ethical competencies should be developed for GenAI use. They are crucial especially for upholding academic integrity and ensuring equitable student access. (Patterns, advances, and gaps in using ChatGPT and similar technologies in nursing education: A PAGER scoping review, p. 8)","Systematic documentation and evaluation of implementation experiences will contribute to developing best practices. Developing technical and ethical competencies is crucial, especially for upholding academic integrity and ensuring equitable student access. Cross-institutional collaboration should be encouraged to share implementation strategies and lessons learned.",4,True,False,"The evidence directly states that developing technical and ethical competencies is crucial, especially for upholding academic integrity and ensuring equitable student access. That these competencies concern GenAI use and 'should be developed' is a reasonable inference from the context.",,
patterns-advances-and-gaps-in-using-chatgpt-and:0013:q0,True,,definition,faculty_readiness,easy,"According to a PAGER scoping review of GenAI in nursing education, what should short-term training initiatives for faculty and students focus on?","In a scoping review of ChatGPT-type tools in nursing education, what do recommended short-term training initiatives aim to develop?",What content should brief training programs in nursing education cover for faculty and students regarding generative AI?,"Short-term training initiatives should focus on developing AI literacy and digital proficiency among both faculty and students. They should also incorporate prompt engineering as an essential curriculum component. (Patterns, advances, and gaps in using ChatGPT and similar technologies in nursing education: A PAGER scoping review, p. 7)","Short-term training initiatives should focus on developing AI literacy and digital proficiency among faculty and students, incorporating prompt engineering as an essential curriculum component (O'Connor et al., 2024).",5,True,True,"The answer restates the evidence directly: AI literacy, digital proficiency, and prompt engineering as an essential curriculum component.",,
patterns-advances-and-gaps-in-using-chatgpt-and:0013:q1,True,,definition,procurement_technology,easy,What do technical recommendations for generative AI in nursing education involve?,"In nursing education, what technical improvements to GenAI tools are recommended?",What do technical recommendations call for regarding the accuracy and bias of GenAI used in nursing education?,"Technical recommendations focus on improving GenAI's accuracy and reducing bias. This is to be done by refining models so that they better reflect nursing standards and classification systems. (Patterns, advances, and gaps in using ChatGPT and similar technologies in nursing education: A PAGER scoping review, p. 7)","Technical recommendations focus on improving GenAI's accuracy and reducing bias by refining models to reflect nursing standards and classification systems better (Gosak et al., 2024; Ye, 2024).",5,True,True,"Every statement in the answer restates the evidence directly: improving accuracy, reducing bias, and refining models to better reflect nursing standards and classification systems.",,
patterns-advances-and-gaps-in-using-chatgpt-and:0013:q2,False,not_standalone,explanation,teaching_learning,medium,Why do reviewed studies recommend preserving traditional teaching methods when integrating AI into nursing curricula?,"How should nursing programs balance AI integration with traditional teaching, according to the reviewed studies?",What is the rationale for keeping established pedagogy alongside AI in nursing education?,"Studies recommend systematically integrating AI while preserving traditional teaching methods so that innovation stays balanced with established pedagogical practices. This balance is maintained through integrating ethics and data literacy. Such integration was also noted as able to strengthen student writing skills. (Patterns, advances, and gaps in using ChatGPT and similar technologies in nursing education: A PAGER scoping review, p. 7)","studies recommend systematically integrating AI into nursing education while preserving traditional teaching methods, noting that such integration can strengthen student writing skills (Parker et al., 2023) while maintaining balance between innovation and established pedagogical practices through ethics and data literacy integration",4,False,False,"All three claims (the balance between innovation and established pedagogy, the role of ethics and data literacy integration, and the strengthening of writing skills) appear in the evidence. However, the answer frames 'balance' as the purpose (""so that""), a causal reading the evidence only implies.",,
patterns-advances-and-gaps-in-using-chatgpt-and:0013:q3,True,,explanation,monitoring_improvement,medium,Why is longitudinal and outcome evaluation research recommended for GenAI in nursing education?,What is the purpose of longitudinal studies on GenAI integration in nursing education?,"Why do researchers call for long-term outcome studies of GenAI in nursing education, particularly regarding ethical reasoning?","Longitudinal and outcome evaluation studies are needed to determine the enduring effects of GenAI integration. There is particular emphasis on how GenAI influences students' development of ethical reasoning. (Patterns, advances, and gaps in using ChatGPT and similar technologies in nursing education: A PAGER scoping review, p. 7)","research recommendations emphasise the need for longitudinal and outcome evaluation studies to determine the enduring effects of GenAI integration (Benfatah et al., 2024; Chang et al., 2024; Cox et al., 2023; De Gagne et al., 2024), particularly focusing on how GenAI influences students' development of ethical reasoning (De Gagne et al., 2024).",5,True,False,"Both statements in the answer are taken directly from the evidence: the studies are needed to determine the enduring effects of GenAI integration, with particular attention to how GenAI influences students' ethical reasoning.",,
patterns-advances-and-gaps-in-using-chatgpt-and:0013:q4,True,,definition,equity_accessibility,easy,What do institutional recommendations for GenAI in nursing education say about equity and access?,What should institutions do to ensure equity and access when adopting GenAI in nursing education?,"According to institutional recommendations for nursing education, what policies and tools support diverse user needs, and what benefits follow?","Institutions should develop policies and inclusive tools that ensure equity, access, and support for diverse user needs. Doing so can reduce language barriers and improve geographic access to resources. (Patterns, advances, and gaps in using ChatGPT and similar technologies in nursing education: A PAGER scoping review, p. 7)","institutional recommendations include developing policies and inclusive tools to ensure equity, access, and support for diverse user needs (Abujaber et al., 2023), thereby reducing language barriers and improving geographic access to resources",5,True,True,"Every claim in the answer is directly stated in the evidence: policies and inclusive tools for equity, access, and diverse user needs, which reduce language barriers and improve geographic access.",,
toward-understanding-the-role-of-generative-ai:0000:q0,False,"format(sentences=1,paraphrases=2)",factual,teaching_learning,easy,What four major domains of generative AI use in entrepreneurship education were identified in a systematic review of 50 peer-reviewed articles published between 2019 and early 2025?,Which four domains of generative AI-enabled entrepreneurship education emerged from a review of 50 peer-reviewed articles from 2019 to early 2025?,"According to a systematic review of 50 articles covering 2019 to early 2025, what are the main areas in which generative AI is used in entrepreneurship education?","The review found four major domains: personalized and adaptive instruction, simulation-based entrepreneurial training, ethical and psychological concerns, and ecosystem integration through intelligent systems. (Toward understanding the role of generative AI in entrepreneurship education: A systematic review, p. 1)","The findings reveal four major domains in GAIenabled EE: personalized and adaptive instruction, simulation-based entrepreneurial training, ethical and psychological concerns, and ecosystem integration through intelligent systems.",4,True,True,"All four domains match the evidence verbatim. The details about 50 peer-reviewed articles from 2019 to early 2025 are not in the quoted evidence, but they appear only in the question framing, not as claims in the answer.",,
toward-understanding-the-role-of-generative-ai:0000:q1,True,,factual,monitoring_improvement,easy,Which research methods does a systematic review of generative AI in entrepreneurship education recommend for rigorously testing its influence across cultural and institutional contexts?,What methodological strategies are suggested for testing the influence of generative AI on entrepreneurship education in different cultural and institutional settings?,Which analytic and study designs should researchers use to rigorously test generative AI's effects in entrepreneurship education across contexts?,"The review suggests structural equation modeling (SEM), hierarchical linear modeling (HLM), and longitudinal mixed-methods designs. These are intended to test generative AI's influence rigorously across cultural and institutional contexts. (Toward understanding the role of generative AI in entrepreneurship education: A systematic review, p. 1)","the review suggests methodological strategies, such as structural equation modeling (SEM), hierarchical linear modeling (HLM), and longitudinal mixed-methods designs, to test GAI's influence across cultural and institutional contexts rigorously.",5,True,True,"The evidence directly names SEM, HLM and longitudinal mixed-methods designs as the strategies for rigorously testing GAI's influence across cultural and institutional contexts.",,
toward-understanding-the-role-of-generative-ai:0000:q2,True,,definition,leadership_strategy,medium,"What levels does the conceptual framework for generative AI in entrepreneurship education integrate, and what theories ground it?","What does the conceptual framework proposed in a systematic review of generative AI in entrepreneurship education comprise, and what theoretical foundations does it use?","Which micro, meso and macro components make up the framework for generative AI-enabled entrepreneurship education, and which educational theories underpin it?","The framework integrates micro-level instructional applications with meso-level competency development and macro-level ecosystem readiness. It is grounded in constructivism, experiential learning, and social cognitive theory. (Toward understanding the role of generative AI in entrepreneurship education: A systematic review, p. 1)","this study proposes a set of research propositions and a conceptual framework that integrates micro-level instructional applications with meso-level competency development and macro-level ecosystem readiness. These are grounded in educational theories, including constructivism, experiential learning, and social cognitive theory.",5,True,True,"The evidence directly states all three levels and all three theories, so every claim in the answer is supported.",,
toward-understanding-the-role-of-generative-ai:0000:q3,True,,definition,teaching_learning,easy,What learning outcomes should generative AI-integrated entrepreneurship curricula aim to foster beyond technical proficiency?,"Besides technical skills, what capabilities should curricula that integrate generative AI in entrepreneurship education develop?",What should entrepreneurship curricula using generative AI cultivate in addition to technical proficiency?,"Such curricula should foster critical thinking, creativity, and ethical reasoning in addition to technical proficiency. The review advocates designing generative AI-integrated curricula with these aims. (Toward understanding the role of generative AI in entrepreneurship education: A systematic review, p. 1)","It advocates for designing GAI-integrated curricula that foster not only technical proficiency but also critical thinking, creativity, and ethical reasoning.",5,True,True,"The evidence directly states that the review advocates GAI-integrated curricula fostering critical thinking, creativity, and ethical reasoning beyond technical proficiency. The answer adds nothing beyond this.",,
toward-understanding-the-role-of-generative-ai:0000:q4,True,,explanation,monitoring_improvement,medium,Why should the long-term impact of generative AI on entrepreneurial competence and mindset be treated with caution?,Why is the long-term effect of generative AI on entrepreneurship education outcomes still uncertain?,What about the current evidence base makes claims about generative AI's lasting impact on entrepreneurial competence and mindset uncertain?,"Most studies on generative AI in entrepreneurship education are either conceptual or limited to small-scale exploratory evidence. As a result, the long-term impact on entrepreneurial competence, mindset, and outcomes remains uncertain and calls for empirical caution. The field also remains at an early exploratory stage despite growing interest in tools such as ChatGPT. (Toward understanding the role of generative AI in entrepreneurship education: A systematic review, p. 1)","Although promising use cases are identified, most studies are either conceptual or limited to small-scale exploratory evidence. As such, the longterm impact of GAI on entrepreneurial competence, mindset, and outcomes remains uncertain and calls for empirical caution. … While recent years have witnessed an increasing interest in applying GAI tools, such as ChatGPT, to support personalized learning, business model simulation, and decisionmaking, the field remains at an early exploratory stage.",5,True,False,"Every statement in the answer is directly supported by the evidence. This covers the conceptual or small-scale studies, the uncertain long-term impact that calls for empirical caution, and the early exploratory stage despite interest in tools like ChatGPT.",,
toward-understanding-the-role-of-generative-ai:0005:q0,True,,definition,general,easy,"In a systematic review of generative AI in entrepreneurship education, what technical alignment did a study need to show to be retained as being about generative AI?",What conceptual or technical characteristics qualified a study as generative AI research in a systematic review of entrepreneurship education?,Which criteria did a systematic review of generative AI in entrepreneurship education use to decide that a study counted as generative AI?,"Studies were retained only if they showed a clear conceptual or technical alignment with the core characteristics of generative AI. This included the use of generative adversarial networks (GANs), LLMs, transformer-based architectures, or neural networks specifically designed for content generation. Studies that used 'Artificial Intelligence' in a broad or generic sense without generative functionalities were excluded. (Toward understanding the role of generative AI in entrepreneurship education: A systematic review, p. 3)","Specifically, studies were retained only if they demonstrated a clear conceptual or technical alignment with the core characteristics of GAI including the use of generative adversarial networks (GANs), LLMs, transformer-based architectures, or neural networks specifically designed for content generation. In contrast, studies that referred to ""Artificial Intelligence"" in a broad or generic sense without involving generative functionalities were excluded.",5,True,True,"Every statement in the answer, including the retention criterion, the listed architectures and the exclusion of generic AI studies, is directly stated in the evidence.",,
toward-understanding-the-role-of-generative-ai:0005:q1,False,grounding(3),definition,monitoring_improvement,medium,How did a systematic review of generative AI in entrepreneurship education score each study's quality?,What scoring scheme did a review of generative AI in entrepreneurship education apply to rate the quality of included studies?,How were points assigned to studies when assessing research quality in a systematic review on generative AI in entrepreneurship education?,"Each study was scored against predefined criteria: 2 points for fully meeting the standards, 1 point for partially meeting them, and 0 points for failing to meet them. The total score classified quality as high (5 points or more), moderate (3-4 points), or low (fewer than 3 points). The criteria concerned the descriptions of methodology, data collection and data analysis. (Toward understanding the role of generative AI in entrepreneurship education: A systematic review, p. 3)","Each study was scored based on predefined criteria: 2 points for fully meeting the standards, 1 point for partially meeting them, and 0 points for failing to meet them (Zhang & Ramayah, 2024). Based on the total score, research quality was categorized as high (≥5 points), moderate (3-4 points), or low (<3 points).",3,True,True,"The 2/1/0 point scheme and the high/moderate/low thresholds are directly supported. The final sentence, saying the criteria concerned descriptions of methodology, data collection and data analysis, is not in the evidence.",,
toward-understanding-the-role-of-generative-ai:0005:q2,True,,definition,general,easy,"What is reference tracking, as used in a systematic review of generative AI in entrepreneurship education?",How does a systematic review of generative AI in entrepreneurship education describe the purpose of reference tracking?,"In the screening of studies on generative AI in entrepreneurship education, what role did reference tracking play?","Reference tracking is described as a commonly used method in literature reviews to uncover potentially overlooked studies. In the review, it identified two additional papers beyond the 48 qualified studies selected. Together these formed the final 50 articles used for data extraction and synthesis. (Toward understanding the role of generative AI in entrepreneurship education: A systematic review, p. 3)","In total, 48 qualified studies were selected, along with two additional papers identified through reference tracking, a commonly used method in literature reviews to uncover potentially overlooked studies (Chen et al., 2024; Hennink & Kaiser, 2022). The final 50 articles were included for data extraction and synthesis.",5,True,False,"Every claim in the answer is stated directly in the evidence: the definition of reference tracking, the two additional papers beyond the 48 qualified studies, and the final 50 articles used for data extraction and synthesis.",,
toward-understanding-the-role-of-generative-ai:0005:q3,True,,application,general,hard,"A research team reviewing generative AI in education finds a 2019 paper on a prototype generative system whose functions were later built into tools like ChatGPT. Should the team consider it eligible, and why?",A review team on generative AI finds a pre-2022 paper about a prototype generative system whose features later appeared in ChatGPT-like tools. Is it eligible for inclusion?,Should a systematic review on generative AI include a 2019 study of algorithmic foundations of functionalities later embodied in tools such as ChatGPT and DALL-E?,"Yes, it should be considered eligible. Earlier studies on algorithmic foundations, prototype generative systems, or theoretical frameworks directly relevant to functionalities later embodied in generative tools were eligible, especially those published before 2022 and the public release of platforms such as ChatGPT and DALL-E. The clarification was added to address ambiguity in the term 'Artificial Intelligence' in earlier studies. Eligibility still required generative functionality rather than generic AI use. (Toward understanding the role of generative AI in entrepreneurship education: A systematic review, p. 3)","Earlier studies that focused on algorithmic foundations, prototype generative systems, or theoretical frameworks directly relevant to the functionalities later embodied in generative tools were considered eligible for inclusion particularly those published prior to 2022, before the public release of large-scale GAI platforms such as ChatGPT and DALL-E. … To further address the ambiguity surrounding the term ""Artificial Intelligence"" in studies published prior to the emergence of tools such as ChatGPT and DALL-E, we implemented an additional clarification during the full-text review phase. … Specifically, studies were retained only if they demonstrated a clear conceptual or technical alignment with the core characteristics of GAI including the use of generative adversarial networks (GANs), LLMs, transformer-based architectures, or neural networks specifically designed for content generation. In contrast, studies that referred to ""Artificial Intelligence"" in a broad or generic sense without involving generative functionalities were excluded.",5,True,False,"Every claim in the answer is directly supported by the evidence: eligibility of earlier prototype or algorithmic studies, the pre-2022 timing, the clarification addressing ambiguity of 'Artificial Intelligence', and the requirement of generative functionality rather than generic AI use.",,
toward-understanding-the-role-of-generative-ai:0005:q4,True,,definition,monitoring_improvement,medium,Which quality levels of studies were kept in the dataset of a systematic review of generative AI in entrepreneurship education?,"In a review of generative AI in entrepreneurship education, which quality categories were included and which were excluded?",What quality-based inclusion rule did a systematic review of generative AI in entrepreneurship education apply to its dataset?,"Only high- and moderate-quality studies were included in the dataset. Low-quality research was excluded. High quality meant a score of 5 points or more, and moderate meant 3-4 points. (Toward understanding the role of generative AI in entrepreneurship education: A systematic review, p. 3)","Only high and moderate-quality studies were included in the dataset, while low-quality research was excluded. … Each study was scored based on predefined criteria: 2 points for fully meeting the standards, 1 point for partially meeting them, and 0 points for failing to meet them (Zhang & Ramayah, 2024). Based on the total score, research quality was categorized as high (≥5 points), moderate (3-4 points), or low (<3 points).",5,True,True,"Every claim in the answer is stated directly in the evidence. This covers the inclusion of high and moderate quality studies, the exclusion of low quality studies, and the point thresholds (high = 5 or more, moderate = 3-4).",,
toward-understanding-the-role-of-generative-ai:0024:q0,True,,factual,general,easy,What three core dimensions through which generative AI enhances entrepreneurship education were identified in a systematic review of 50 papers?,A systematic review of 50 papers on generative AI in entrepreneurship education grouped its contributions into which three dimensions?,Which three core dimensions of generative AI's enhancement of entrepreneurship education emerged from a 50-paper systematic review?,"The review identified three core dimensions: teaching and learning, entrepreneurial capabilities, and the entrepreneurial ecosystem. These dimensions describe how generative AI enhances entrepreneurship education. (Toward understanding the role of generative AI in entrepreneurship education: A systematic review, p. 14)","This study systematically reviewed 50 relevant papers and identified three core dimensions of GAI enhancing EE: teaching and learning, entrepreneurial capabilities, and the entrepreneurial ecosystem.",5,True,True,"The evidence directly names the three dimensions (teaching and learning, entrepreneurial capabilities, entrepreneurial ecosystem) from a review of 50 papers on GAI enhancing EE. The answer adds nothing beyond this.",,
toward-understanding-the-role-of-generative-ai:0024:q1,True,,factual,teaching_learning,easy,What benefits for startup teams have been reported when AI is incorporated into entrepreneurship training?,"How does adding AI to entrepreneurship training affect startup teams, according to the research reviewed?",What improvements in startup teams' abilities are associated with AI-supported entrepreneurship training?,"Incorporating AI into entrepreneurship training improves market forecasting accuracy for startup teams. It also supports their ability to integrate resources effectively. (Toward understanding the role of generative AI in entrepreneurship education: A systematic review, p. 14)","Additional research reflects that incorporating AI into entrepreneurship training improves market forecasting accuracy for startup teams and supports their ability to integrate resources effectively (Kang, 2022; Xu & Sun, 2022).",5,True,True,"Both claims, improved market forecasting accuracy and effective resource integration, are stated directly in the evidence.",,
toward-understanding-the-role-of-generative-ai:0024:q2,True,,explanation,teaching_learning,medium,Why do AI-driven entrepreneurial simulation systems help students develop entrepreneurial decision-making skills?,How do AI-driven simulation systems improve students' entrepreneurial decision-making?,What makes AI entrepreneurial simulations useful for practicing decisions in entrepreneurship education?,"These systems let students practice entrepreneurial decision-making in a low-risk environment. They also provide instant feedback. Together, this improves students' ability to handle complex business scenarios. (Toward understanding the role of generative AI in entrepreneurship education: A systematic review, p. 14)","AI-driven entrepreneurial simulation systems enable students to practice entrepreneurial decision-making in a low-risk environment, providing instant feedback and improving their ability to handle complex business scenarios (Chen et al., 2022; Mavlutova et al., 2020; Nowak, 2020).",5,True,True,"Every claim in the answer is stated directly in the evidence: practice in a low-risk environment, instant feedback, and improved ability to handle complex business scenarios.",,
toward-understanding-the-role-of-generative-ai:0024:q3,True,,definition,general,medium,What is the basis of the three-dimension classification of generative AI in entrepreneurship education?,"On what basis were the teaching and learning, entrepreneurial capabilities, and ecosystem dimensions of generative AI in entrepreneurship education organized?",How is the classification of generative AI's roles in entrepreneurship education into three dimensions grounded?,"The classification is based on AI applications at different stages of entrepreneurship education. It covers the transition from individual learning to entrepreneurial practice. It also covers the broader evolution of the entrepreneurial ecosystem. (Toward understanding the role of generative AI in entrepreneurship education: A systematic review, p. 14)","This classification is based on AI applications at different stages of EE, covering the transition from individual learning to entrepreneurial practice and the broader evolution of the entrepreneurial ecosystem.",5,True,True,"Each sentence of the answer restates the evidence directly: the classification rests on AI applications at different stages of EE, covers the move from individual learning to entrepreneurial practice, and covers the broader evolution of the ecosystem.",,
toward-understanding-the-role-of-generative-ai:0024:q4,True,,application,teaching_learning,hard,"An entrepreneurship program at a university wants students to learn more flexibly outside class hours and gain confidence in building business plans. Which AI tools does the evidence suggest, and what would each contribute?",A university entrepreneurship course wants to support learning beyond scheduled class time and boost students' confidence with business plans. What AI tools are suggested and what do they offer?,How could an entrepreneurship instructor use AI to make learning more autonomous and to strengthen student confidence in business planning?,"LLM-based intelligent question-answering tools remove classroom constraints of time and instructor availability, making learning more autonomous and flexible. AI-powered business plan evaluation systems give intelligent feedback that helps students understand business model development and market analysis. This in turn increases their entrepreneurial confidence. (Toward understanding the role of generative AI in entrepreneurship education: A systematic review, p. 14)","Additionally, intelligent question-answering tools based on LLMs remove traditional classroom constraints related to time and instructor availability, making learning more autonomous and flexible (Liang & Bai, 2024; Torres Ortega et al., 2025). … For example, AI-powered business plan evaluation systems provide intelligent feedback, helping students better understand critical aspects of business model development and market analysis, thereby increasing their entrepreneurial confidence (Lesinskis et al., 2023; T. Nuseir et al., 2020).",5,True,False,"Every claim in the answer is stated directly in the evidence: the LLM-based Q&A tools that remove time and instructor constraints, and the business plan evaluation systems that give feedback and increase entrepreneurial confidence.",,
toward-understanding-the-role-of-generative-ai:0033:q0,True,,factual,monitoring_improvement,easy,"How many peer-reviewed papers did the systematic review of generative AI in entrepreneurship education analyze, and what limitation does this create?","What was the sample size of peer-reviewed papers in the systematic review of generative AI in entrepreneurship education, and why is that a limitation?","The systematic review of generative AI in entrepreneurship education was based on how many peer-reviewed papers, and what weakness follows from this?","The review analyzed 50 selected peer-reviewed papers. Although these cover key applications, they may not fully capture the latest developments in a rapidly evolving field. (Toward understanding the role of generative AI in entrepreneurship education: A systematic review, p. 19)","First, the analysis is based on 50 selected peer-reviewed papers, which, while covering key applications of GAI in EE, may not fully capture the latest developments in this rapidly evolving field. Potential publication bias may also lead to an overrepresentation of GAI's positive effects, while underreporting its drawbacks, such as increased student dependence, concerns about academic integrity, and ethical challenges.",5,True,True,The answer's figure of 50 selected peer-reviewed papers and the limitation that they may not capture the latest developments in a rapidly evolving field are both stated directly in the evidence.,,
toward-understanding-the-role-of-generative-ai:0033:q1,True,,explanation,general,medium,Why might publication bias distort conclusions about generative AI in entrepreneurship education?,How could publication bias skew what is known about the effects of generative AI in entrepreneurship education?,In what way does publication bias affect the picture of generative AI in entrepreneurship education?,"Publication bias may lead to an overrepresentation of the positive effects of generative AI. At the same time, drawbacks such as increased student dependence, concerns about academic integrity, and ethical challenges may be underreported. (Toward understanding the role of generative AI in entrepreneurship education: A systematic review, p. 19)","First, the analysis is based on 50 selected peer-reviewed papers, which, while covering key applications of GAI in EE, may not fully capture the latest developments in this rapidly evolving field. Potential publication bias may also lead to an overrepresentation of GAI's positive effects, while underreporting its drawbacks, such as increased student dependence, concerns about academic integrity, and ethical challenges.",5,True,True,"The answer directly restates the evidence: publication bias may overrepresent positive effects and underreport drawbacks like student dependence, academic integrity concerns, and ethical challenges.",,
toward-understanding-the-role-of-generative-ai:0033:q2,True,,factual,monitoring_improvement,easy,What kinds of data sources should future studies of generative AI in entrepreneurship education add to give a more balanced perspective?,Which data sources are recommended for future research on generative AI in entrepreneurship education to balance the evidence?,"To obtain a more balanced view, what should later studies of generative AI in entrepreneurship education incorporate?","Future studies should incorporate unpublished datasets, industry reports, and real-world educational experiments. This would provide a more balanced perspective. (Toward understanding the role of generative AI in entrepreneurship education: A systematic review, p. 19)","Future studies should incorporate unpublished datasets, industry reports, and real-world educational experiments to provide a more balanced perspective.",5,True,True,"The answer repeats the evidence almost word for word: unpublished datasets, industry reports, and real-world educational experiments, added to give a more balanced perspective.",,
toward-understanding-the-role-of-generative-ai:0033:q3,True,,factual,equity_accessibility,medium,"Which research settings are uncertain targets for the findings on generative AI in entrepreneurship education, given that most reviewed studies focus on universities?","Because most studies reviewed were at the university level, to which other contexts is the applicability of generative AI entrepreneurship education findings unclear?",What contexts beyond higher education remain uncertain for generative AI-enabled entrepreneurship education findings?,"Most reviewed studies focus on higher education, particularly the university level, which limits generalizability. Applicability to vocational training, informal learning, or culturally diverse educational environments remains uncertain. (Toward understanding the role of generative AI in entrepreneurship education: A systematic review, p. 19)","Second, the generalizability of the findings is limited by the fact that most reviewed studies focus on higher education, particularly at the university level. The applicability of these approaches to other contexts, such as vocational training, informal learning, or culturally diverse educational environments, remains uncertain. Expanding research to include longitudinal and cross-cultural analyses would provide deeper insights into the sustained impact and adaptability of GAI-enabled EE.",5,True,True,"Every statement in the answer is directly stated in the evidence: the focus on university-level higher education limits generalizability, and applicability to vocational training, informal learning, and culturally diverse environments is uncertain.",,
toward-understanding-the-role-of-generative-ai:0033:q4,False,not_standalone,explanation,monitoring_improvement,medium,Why does the thematic-analysis design of the review limit what can be concluded about how generative AI improves entrepreneurial competencies?,How does using thematic analysis without meta-analysis restrict conclusions about generative AI's effect on entrepreneurial competencies?,"What methodological constraints of the review prevent causal claims about generative AI and entrepreneurial competencies, and what is suggested?","The review used thematic analysis and did not include a meta-analysis, which could have given a quantitative assessment of generative AI's influence. Its reliance on prior research also limits the ability to establish causal relationships. Future work should integrate systematic meta-analyses and longitudinal empirical studies to validate the mechanisms through which generative AI improves entrepreneurial competencies. (Toward understanding the role of generative AI in entrepreneurship education: A systematic review, p. 19)","This study employs thematic analysis to synthesize existing research and identify key trends; however, it does not include a meta-analysis, which could provide a quantitative assessment of GAI's influence. Moreover, reliance on prior research limits the ability to establish causal relationships. Future research should integrate systematic meta-analyses and longitudinal empirical studies to validate the mechanisms through which GAI improves entrepreneurial competencies and outcomes.",5,False,False,"Every claim in the answer is stated in the evidence: thematic analysis without a meta-analysis, reliance on prior research limiting causal claims, and the call for meta-analyses and longitudinal studies.",,
be-aiware-an-ai-competency-model-for-k-12:0002:q0,False,not_standalone,application,teaching_learning,medium,A secondary school plans to let students use a streaming-style recommender system for a political education unit. What risk does the evidence suggest the teachers should anticipate?,A K-12 teacher wants students to research political topics using platforms driven by recommendation algorithms. What concern should the teacher keep in mind?,What problem might arise if school students in a political education course rely on personalized recommender systems for information?,"Teachers should anticipate information bubbles and echo chambers. Recommender systems improve personalization but can limit exposure to diverse perspectives and reinforce existing beliefs. This can hinder critical thinking, which is an especially serious concern in the political education of K-12 students. (Be AIware! An AI Competency Model for K-12 Education, p. 2)","While these systems enhance personalization, they can create information bubbles by limiting exposure to diverse perspectives and reinforcing existing beliefs (Areeb et al., 2023; Kidwai et al., 2023). This can hinder critical thinking and create echo chambers, an especially serious concern in the political education of K-12 students",5,False,True,"Every claim in the answer is stated directly in the evidence: information bubbles, limited exposure to diverse perspectives, reinforcement of existing beliefs, hindered critical thinking, echo chambers, and the particular concern for political education of K-12 students.",,
be-aiware-an-ai-competency-model-for-k-12:0002:q1,True,,definition,general,easy,What is Generative AI in relation to the broader field of artificial intelligence and machine learning?,How is Generative AI defined as a part of AI and machine learning?,What does the term Generative AI refer to?,"Generative AI is a part of AI within the realm of machine learning. It focuses on creating new content, such as text, images, audio, or video, by learning from existing data. (Be AIware! An AI Competency Model for K-12 Education, p. 2)","Generative Artificial Intelligence (GAI) is a part of AI in the realm of machine learning (ML) that focuses on creating new content, such as text, images, audio, or video, by learning from existing data.",5,True,True,"Every statement in the answer is taken directly from the evidence. This includes the placement within AI and machine learning, the focus on creating new content, the listed content types, and learning from existing data.",,
be-aiware-an-ai-competency-model-for-k-12:0002:q2,True,,factual,student_ai_literacy,easy,Which three key issues does generative AI raise for younger K-12 students who can use these tools independently?,What are the main generative AI concerns for K-12 learners who use the tools on their own?,Name the key problems that generative AI presents for younger students using it independently.,"The key issues are algorithmic bias, hallucinations (plausible but false information), and over-reliance. These can lead to inaccuracies and affect learning outcomes. They are distinct concerns because younger students can use these tools independently. (Be AIware! An AI Competency Model for K-12 Education, p. 2)","While overlapping with general AI risks, GAI presents distinct concerns for younger students who can independently use these tools. Key issues include algorithmic bias, hallucinations (plausible but false information), and over-reliance, which can lead to inaccuracies and impact learning outcomes.",4,True,True,"The three issues and their effects (inaccuracies, impact on learning outcomes) are stated directly in the evidence. The final sentence adds a slight causal framing: the evidence says the concerns are distinct 'for' younger students who can use the tools independently, not 'because' they can.",,
be-aiware-an-ai-competency-model-for-k-12:0002:q3,False,not_standalone,application,equity_accessibility,medium,"A university uses an AI recruitment screening tool trained on past hiring records, and staff notice it favors particular demographic groups. What does the evidence suggest explains this?",An AI hiring tool trained on historical hiring data keeps favoring certain demographics. Why might this be happening?,A college HR office finds its AI recruitment system disadvantages some groups. What underlying cause does the evidence point to?,"AI systems trained on biased data can unintentionally reinforce stereotypes or unfairly exclude certain groups. If historical hiring data reflects biased hiring practices, a recruitment system may favor particular demographics. This perpetuates inequalities. (Be AIware! An AI Competency Model for K-12 Education, p. 2)","AI systems trained on biased data can unintentionally reinforce stereotypes or unfairly exclude certain groups. For example, AI-driven recruitment systems may favor particular demographics if historical data reflects biased hiring practices, perpetuating inequalities.",5,False,False,"Every statement in the answer is taken almost verbatim from the evidence: biased training data reinforces stereotypes and exclusion, historical biased hiring data leads recruitment systems to favor certain demographics, and this perpetuates inequalities.",,
be-aiware-an-ai-competency-model-for-k-12:0002:q4,False,grounding(3),factual,assessment,easy,"What difficulty do teachers face in detecting AI-generated student work, according to the discussion of generative AI challenges in K-12 education?",Why do teachers struggle to identify AI-generated work from students?,What is the problem with current tools for detecting AI-generated work in K-12 classrooms?,"Teachers struggle with detecting AI-generated work because current detection tools are unreliable. This is listed among the challenges teachers face with generative AI, alongside reduced creativity, data privacy concerns, deepfakes and fake news, and copyright issues. (Be AIware! An AI Competency Model for K-12 Education, p. 2)","Teachers also struggle with detecting AI-generated work, as current detection tools are unreliable.",3,True,True,"The core claim, that detection tools are unreliable, is directly stated. The list of other challenges (reduced creativity, data privacy concerns, deepfakes and fake news, copyright issues) does not appear in the quoted evidence.",,
be-aiware-an-ai-competency-model-for-k-12:0004:q0,True,,explanation,general,medium,"Why did a systematic literature review of AI competency models for K-12 education require that papers mention competencies, skills, or literacy in their titles?","What was the rationale behind requiring competencies, skills, or literacy in the title when screening papers on K-12 AI competency models?",How did the title requirement shape which papers were included in a review of K-12 AI competency models?,"The inclusion criteria required papers to explicitly mention competencies, skills, or literacy in their title, so the review kept only papers centered on those concepts. The abstract also had to reference models, frameworks, curricula, K-12 education, or children. Papers also had to mention AI somewhere in the document. (Be AIware! An AI Competency Model for K-12 Education, p. 3)","The inclusion criteria for this study required papers to explicitly mention competencies, skills, or literacy in their title. Additionally, the abstract needed to reference models, frameworks, curricula, K-12 education, or children. Furthermore, the study only considered papers that referenced AI in any part of the document.",4,True,False,"The three inclusion criteria (title, abstract, AI mention) are stated directly in the evidence. The claim that the review 'kept only papers centered on those concepts' is an obvious inference rather than a stated rationale, and the evidence never explains why the title requirement was chosen.",,
be-aiware-an-ai-competency-model-for-k-12:0004:q1,True,,factual,general,easy,Which five databases and what publication period did a systematic review of K-12 AI competency models for grades 7 to 12 search?,"For a literature review of AI competency models for grades 7 to 12, which databases were searched and which years were covered?",What databases and date range were used in a systematic review identifying K-12 AI competency models?,"The review searched AIS eLibrary, ScienceDirect, IEEE Xplore, ACM Digital Library, and Taylor & Francis Online. It covered the period from 2015 to 2024. It followed the systematic approach of Webster and Watson (2002). (Be AIware! An AI Competency Model for K-12 Education, p. 3)","We conducted a systematic literature review (Webster & Watson, 2002) to identify AI competency models relevant to K-12 education, specifically focusing on grades 7 to 12. The review included searches across five major databases- AIS eLibrary, ScienceDirect, IEEE Xplore, ACM Digital Library, and Taylor & Francis Online-covering the period from 2015 to 2024.",5,True,True,"The evidence directly names all five databases, the 2015–2024 period, and the Webster & Watson (2002) systematic approach.",,
be-aiware-an-ai-competency-model-for-k-12:0004:q2,True,,factual,teaching_learning,easy,How many teachers from how many middle schools took part in Chiu's 2021 study that developed a K-12 AI curriculum?,"In T. K. F. Chiu's 2021 K-12 AI curriculum study, how many teachers and schools were involved?",What was the participant sample of Chiu's 2021 AI curriculum development for K-12?,"Chiu's study involved 24 teachers from 12 middle schools. It is one of four K-12 AI curricula that primarily introduce basic AI concepts to students and teachers. The other three were mapped by UNESCO. (Be AIware! An AI Competency Model for K-12 Education, p. 3)","Four K-12 AI curricula, three mapped by UNESCO (UNESCO, 2022; 2024a; 2024b) and the other developed by T. K. F. Chiu (2021), primarily introduce basic AI concepts to K-12 students and teachers. The UNESCO frameworks were created through an empirical approach involving surveys and interviews with educators, experts, and stakeholders in education and AI, while Chiu's study involved 24 teachers from 12 middle schools.",5,True,True,"Every claim, including the 24 teachers from 12 middle schools, the four curricula introducing basic AI concepts, and the three mapped by UNESCO, is stated directly in the evidence.",,
be-aiware-an-ai-competency-model-for-k-12:0004:q3,True,,application,faculty_readiness,medium,A university teacher-education program wants to prepare future teachers to integrate AI into their teaching. Which existing AI competency model extension could it draw on?,Which AI competency framework for teacher development could a teacher-training department at a university adopt to build AI competencies?,A college of education needs a model for developing teachers' AI competencies; what extended framework does the evidence point to?,"The program could draw on Celik (2023), who extended the TPACK model to include AI competencies for teacher development. For wider higher education competencies, Blok et al. (2021) developed a K-16 framework through collaborative academic partnerships. (Be AIware! An AI Competency Model for K-12 Education, p. 3)","Higher education competencies are addressed by Blok et al. (2021), who developed a K-16 framework through collaborative academic partnerships. Celik (2023) extended the TPACK model to include AI competencies for teacher development",4,True,True,"Both factual claims, Celik's TPACK extension for teacher development and Blok et al.'s K-16 framework, are stated directly in the evidence. Recommending them to a teacher-education program is only an obvious applied inference.",,
be-aiware-an-ai-competency-model-for-k-12:0004:q4,True,,explanation,student_ai_literacy,medium,How do the methods used to build the Vuorkari et al. (2022) and Bekiaridis (2023) frameworks differ when integrating AI into digital literacy for citizens?,What different approaches did Vuorkari et al. and Bekiaridis use to create citizen-oriented digital literacy frameworks that include AI?,"How did the development methods of two citizen digital literacy frameworks with AI, by Vuorkari et al. and Bekiaridis, compare?","Both frameworks integrate AI into broader digital literacy aimed at citizens. Vuorkari et al. applied multi-stakeholder consultations, expert workshops, and case studies. Bekiaridis instead used literature reviews, surveys, and interviews. (Be AIware! An AI Competency Model for K-12 Education, p. 3)","Frameworks by Vuorkari et al. (2022) and Bekiaridis (2023) focused on integrating AI into broader digital literacy, aimed at citizens. Vuorkari et al. applied multi-stakeholder consultations, expert workshops, and case studies, while Bekiaridis used literature reviews, surveys, and interviews.",5,True,True,"Every statement in the answer is taken directly from the evidence: the shared focus on integrating AI into broader digital literacy for citizens, and each author's methods. No unsupported claims.",,
be-aiware-an-ai-competency-model-for-k-12:0057:q0,False,"format(sentences=1,paraphrases=2)",factual,student_ai_literacy,easy,"In the Be AIware K-12 AI competency model, how does the Tables skill progress across levels?",What progression does the Tables skill follow in the AIware AI competency model for K-12 education?,"In the K-12 AI competency model called Be AIware, what does development of the Tables skill look like from basic to advanced?","The Tables skill develops from basic data table comprehension to designing and interpreting complex tabular datasets. (Be AIware! An AI Competency Model for K-12 Education, p. 39)",Develops from basic data table comprehension to designing and interpreting complex tabular datasets.,5,True,True,"The answer restates the evidence nearly verbatim, so every claim is directly supported.",,
be-aiware-an-ai-competency-model-for-k-12:0057:q1,False,grounding(3),application,teaching_learning,medium,"A secondary school teacher wants students to move beyond making simple charts toward using visualizations to support strategic decisions. Which competency in the AIware K-12 AI competency model does this match, and what does its progression involve?","A K-12 teacher aims to take students from basic charts to visuals that inform strategic decisions. Which AIware competency fits, and how does it progress?","Which skill in the Be AIware K-12 model should a teacher target when students should progress from simple data graphics to complex visualizations guiding decisions, and what is its progression?","This matches the Visualization of datasets skill. It advances from creating simple visual representations of data to designing and interpreting complex visualizations that enhance understanding and support strategic decision-making. (Be AIware! An AI Competency Model for K-12 Education, p. 39)",Advances from creating simple visual representations of data to designing and interpreting complex visualizations that enhance understanding and support strategic decision-making.,3,True,True,"The progression description is quoted directly from the evidence. However, the skill name 'Visualization of datasets', which is central to the answer, does not appear in the quoted evidence.",,
be-aiware-an-ai-competency-model-for-k-12:0057:q2,True,,explanation,student_ai_literacy,medium,How does the Big Data knowledge competency in the AIware K-12 model advance learners' understanding of large datasets?,What is the progression of the Big Data knowledge competency in the Be AIware K-12 AI competency model?,"In the AIware K-12 model, how does a learner's grasp of Big Data develop from basic to advanced?","The competency advances from basic awareness of large datasets to evaluating the challenges and opportunities that Big Data presents. Learners thus move from simply knowing that large datasets exist to making critical judgments about them. (Be AIware! An AI Competency Model for K-12 Education, p. 39)",Advances from basic awareness of large datasets to evaluating the challenges and opportunities presented by Big Data.,4,True,True,The first sentence restates the evidence directly. Describing the end point as 'making critical judgments' is a light but reasonable inference from 'evaluating'.,,
be-aiware-an-ai-competency-model-for-k-12:0057:q3,False,"format(sentences=1,paraphrases=2)",definition,student_ai_literacy,easy,"In the AIware K-12 AI competency model, what does the Structured and unstructured data competency involve?",What does the Structured and unstructured data competency mean in the Be AIware K-12 model?,"In the AIware competency model for K-12, what is learners' task under the Structured and unstructured data competency?","It involves distinguishing between data with well-defined structures and data without a predefined data model. (Be AIware! An AI Competency Model for K-12 Education, p. 39)",Distinguishing between data with well-defined structures and data without a predefined data model.,5,True,True,"The answer reproduces the evidence verbatim, so nothing in it is unsupported.",,
be-aiware-an-ai-competency-model-for-k-12:0057:q4,False,"format(sentences=1,paraphrases=2)",factual,student_ai_literacy,easy,How does the Data characteristics knowledge competency progress in the AIware K-12 AI competency model?,What is the progression of the Data characteristics competency in the Be AIware K-12 model?,"In the AIware K-12 model, how does learners' knowledge of data characteristics develop over levels?","The competency moves from recognizing data characteristics to critically evaluating the quality and relevance of data sets. (Be AIware! An AI Competency Model for K-12 Education, p. 39)",Moves from recognizing data characteristics to critically evaluating the quality and relevance of data sets.,5,True,True,The answer repeats the evidence almost word for word: the competency progresses from recognizing data characteristics to critically evaluating the quality and relevance of data sets. Nothing is added.,,
be-aiware-an-ai-competency-model-for-k-12:0008:q0,True,,factual,teaching_learning,easy,By how many competencies was the AI competency model for K-12 education reduced during its three focus group rounds?,"How many competencies remained after the focus groups refined the initial list in the K-12 AI competency model, and how many were there at the start?","In the K-12 AI competency model's focus group refinement, what were the starting and ending numbers of competencies?","The focus groups refined the competency list from 140 to 98 competencies. This was done by excluding duplicates and renaming some items. (Be AIware! An AI Competency Model for K-12 Education, p. 5)","The second focus group, consisting of university teachers from diverse backgrounds, implemented more substantial changes influenced by their perspective on what students should know before entering university (Focus Group 2, personal communication, November 9, 2023). The third focus group, primarily including school teachers, largely agreed with the changes proposed by the university teachers (Focus Group 3, personal communication, March 7-8, 2024). This process resulted in refining the competencies from 140 to 98 by excluding duplicates and renaming some.",5,True,False,"The evidence directly states that the process refined the competencies from 140 to 98 by excluding duplicates and renaming some, which matches every claim in the answer.",,
be-aiware-an-ai-competency-model-for-k-12:0008:q1,True,,factual,teaching_learning,medium,"Which group of focus group participants made the most substantial changes to the draft K-12 AI competency list, and what perspective guided them?","In developing a K-12 AI competency model, which focus group introduced the biggest changes, and what viewpoint influenced them?","Who made the most significant revisions to the K-12 AI competency list during focus groups, and on what basis?","The second focus group, made up of university teachers from diverse backgrounds, implemented the more substantial changes. Their changes were influenced by their perspective on what students should know before entering university. The third focus group of mainly school teachers largely agreed with these changes. (Be AIware! An AI Competency Model for K-12 Education, p. 5)","The second focus group, consisting of university teachers from diverse backgrounds, implemented more substantial changes influenced by their perspective on what students should know before entering university (Focus Group 2, personal communication, November 9, 2023). The third focus group, primarily including school teachers, largely agreed with the changes proposed by the university teachers (Focus Group 3, personal communication, March 7-8, 2024). This process resulted in refining the competencies from 140 to 98 by excluding duplicates and renaming some.",5,True,True,"Every claim is stated directly in the evidence: the second group's composition, its more substantial changes, its pre-university perspective, and the third group's agreement.",,
be-aiware-an-ai-competency-model-for-k-12:0008:q2,True,,explanation,teaching_learning,medium,"Why were competencies such as GANs, algorithm explanation, model training types, and heuristic searches removed from a K-12 AI competency model?",What was the rationale for dropping highly technical items like GANs and heuristic searches from a K-12 AI competency list?,Why did developers of a K-12 AI competency model consider topics like algorithm explanation and model training types unsuitable?,"These items were considered too advanced for K-12 learners without specialized preparation. The decision aligns with Blikstein (2018), who cautions against introducing deep computer science topics without sufficient scaffolding. (Be AIware! An AI Competency Model for K-12 Education, p. 5)","For example, items like GANs, algorithm explanation, model training types, and heuristic searches were considered too advanced for K-12 learners without specialized preparation. This decision aligns with findings from Blikstein (2018), who cautions against introducing deep computer science topics without sufficient scaffolding.",5,True,True,"Both statements in the answer are directly stated in the evidence: the items were judged too advanced for K-12 learners without specialized preparation, and this aligns with Blikstein's (2018) caution about insufficient scaffolding.",,
be-aiware-an-ai-competency-model-for-k-12:0008:q3,True,,factual,student_ai_literacy,easy,What classroom-relevant concerns did school teachers raise in interviews about a K-12 AI competency model?,Which concerns did teachers highlight during interviews when a K-12 AI competency model was being developed?,What issues related to classroom practice did teachers stress in interviews on K-12 AI competencies?,"Teachers highlighted the risks of over-reliance on AI tools and the importance of independent thinking. They also pointed to integrating ethical reasoning into subjects like philosophy and social studies. (Be AIware! An AI Competency Model for K-12 Education, p. 5)","Teachers highlighted classroom-relevant concerns, including the risks of over-reliance on AI tools, the importance of independent thinking, and the integration of ethical reasoning into subjects like philosophy and social studies",5,True,True,"Every claim in the answer appears directly in the evidence: over-reliance on AI tools, independent thinking, and ethical reasoning in philosophy and social studies.",,
be-aiware-an-ai-competency-model-for-k-12:0008:q4,True,,explanation,teaching_learning,medium,"How was the K-12 AI competency model designed so that it could be used across different educational scenarios, and why does a granular structure help?","What design features let the K-12 AI competency model fit varied educational contexts, and what is the benefit of granularity?","Why is the K-12 AI competency model modular and granular, and how does this support use in schools?","The model was designed to be modular and mappable to existing subjects and educational frameworks, so it can be used across different educational scenarios. Insights from practice confirmed that a granular structure improves alignment with school-based needs and curricular integration. (Be AIware! An AI Competency Model for K-12 Education, p. 5)","To address this, the model was designed to be modular and mappable to existing subjects and educational frameworks. … Insights from practice also confirmed that a granular structure improves alignment with school-based needs and curricular integration.",4,True,False,"The modular, mappable design and the benefit of granularity are stated directly. Linking the design to use 'across different educational scenarios' is a mild inference, because the evidence says only 'To address this' without showing what 'this' refers to.",,
