family,variant,reference,comparison,split,metric,test,diff,diff_lo,diff_hi,p,effect,n,p_holm
llama-3.1-8b-instruct,concise40,base,vs_base,test_trained_exact,judge_lenient,paired_bootstrap,-0.074,-0.10302499999999999,-0.046,0.0004997501249375312,-0.233164328819429,500,0.031984007996002
llama-3.1-8b-instruct,concise40,base,vs_base,test_trained_exact,judge_strict,paired_bootstrap,-0.142,-0.188,-0.096,0.0004997501249375312,-0.28156392283965875,500,0.031984007996002
llama-3.1-8b-instruct,concise40,base,vs_base,test_trained_exact,keyfact_recall,paired_bootstrap,-0.14776666666666666,-0.17226916666666667,-0.12276333333333335,0.0004997501249375312,-0.5224158447068538,500,0.031984007996002
llama-3.1-8b-instruct,concise40,base,vs_base,test_trained_exact,contradiction_rate,paired_bootstrap,0.01723333333333333,-0.0021999999999999993,0.03820416666666665,0.08945527236381809,0.0739273127731875,500,1.0
llama-3.1-8b-instruct,concise40,base,vs_base,test_trained_exact,token_f1,paired_bootstrap,0.14449519212192474,0.1353407499430406,0.1540162509595238,0.0004997501249375312,1.322089379099036,500,0.031984007996002
llama-3.1-8b-instruct,concise40,base,vs_base,test_trained_exact,rouge_l,paired_bootstrap,0.10868080097772741,0.10109447511267226,0.1163969048752422,0.0004997501249375312,1.1994583712949936,500,0.031984007996002
llama-3.1-8b-instruct,concise40,base,vs_base,test_trained_exact,exact_repro,paired_bootstrap,0.0,0.0,0.0,1.0,0.0,500,1.0
llama-3.1-8b-instruct,concise40,base,vs_base,test_trained_exact,answer_words,paired_bootstrap,-187.034,-194.55215,-179.37935,0.0004997501249375312,-2.2319587151136044,500,0.031984007996002
llama-3.1-8b-instruct,concise40,base,vs_base,test_trained_exact,judge_strict,mcnemar,-0.142,,,9.310987342771927e-10,-0.25912408759124084,500,2.8864060762592973e-08
llama-3.1-8b-instruct,concise40,base,vs_base,test_seen_facts,judge_lenient,paired_bootstrap,0.008960573476702509,-0.025089605734767026,0.04659498207885305,0.6516741629185407,0.029172855405183277,279,1.0
llama-3.1-8b-instruct,concise40,base,vs_base,test_seen_facts,judge_strict,paired_bootstrap,0.010752688172043012,-0.043010752688172046,0.06810035842293907,0.7451274362818591,0.022593337488687346,279,1.0
llama-3.1-8b-instruct,concise40,base,vs_base,test_seen_facts,keyfact_recall,paired_bootstrap,-0.1413978494623656,-0.17414127837514934,-0.11069145758661887,0.0004997501249375312,-0.5031394590359146,279,0.031984007996002
llama-3.1-8b-instruct,concise40,base,vs_base,test_seen_facts,contradiction_rate,paired_bootstrap,0.03219832735961769,0.00698626045400239,0.05872461170848266,0.017491254372813594,0.14748233460539437,279,0.9095452273863068
llama-3.1-8b-instruct,concise40,base,vs_base,test_seen_facts,token_f1,paired_bootstrap,0.11076072631098581,0.10010449595706633,0.12131773041277272,0.0004997501249375312,1.2149025306081702,279,0.031984007996002
llama-3.1-8b-instruct,concise40,base,vs_base,test_seen_facts,rouge_l,paired_bootstrap,0.07832116328155359,0.07025226227741428,0.08663304674027535,0.0004997501249375312,1.1434069614017786,279,0.031984007996002
llama-3.1-8b-instruct,concise40,base,vs_base,test_seen_facts,exact_repro,paired_bootstrap,0.0,0.0,0.0,1.0,0.0,279,1.0
llama-3.1-8b-instruct,concise40,base,vs_base,test_seen_facts,answer_words,paired_bootstrap,-190.3763440860215,-201.01039426523297,-179.65519713261648,0.0004997501249375312,-2.0940829006785284,279,0.031984007996002
llama-3.1-8b-instruct,concise40,base,vs_base,test_seen_facts,judge_strict,mcnemar,0.010752688172043001,,,0.8013064925040663,0.023809523809523836,279,1.0
llama-3.1-8b-instruct,concise40,base,vs_base,test_indomain,judge_lenient,paired_bootstrap,-0.06513026052104208,-0.09218436873747494,-0.036072144288577156,0.0004997501249375312,-0.20425820621891302,499,0.031984007996002
llama-3.1-8b-instruct,concise40,base,vs_base,test_indomain,judge_strict,paired_bootstrap,-0.09218436873747494,-0.13827655310621242,-0.050100200400801605,0.0009995002498750624,-0.18798228998861938,499,0.031984007996002
llama-3.1-8b-instruct,concise40,base,vs_base,test_indomain,keyfact_recall,paired_bootstrap,-0.13739999999999997,-0.16273416666666668,-0.11316583333333334,0.0004997501249375312,-0.5006295925119975,500,0.031984007996002
llama-3.1-8b-instruct,concise40,base,vs_base,test_indomain,contradiction_rate,paired_bootstrap,0.011266666666666666,-0.005433333333333333,0.029639166666666637,0.21389305347326337,0.05619838336135853,500,1.0
llama-3.1-8b-instruct,concise40,base,vs_base,test_indomain,token_f1,paired_bootstrap,0.139758358442727,0.13010728126116064,0.1493545009968772,0.0004997501249375312,1.2869097406036263,500,0.031984007996002
llama-3.1-8b-instruct,concise40,base,vs_base,test_indomain,rouge_l,paired_bootstrap,0.10861962970896372,0.10044058094523131,0.11684180624633311,0.0004997501249375312,1.1757510221894711,500,0.031984007996002
llama-3.1-8b-instruct,concise40,base,vs_base,test_indomain,exact_repro,paired_bootstrap,0.0,0.0,0.0,1.0,0.0,500,1.0
llama-3.1-8b-instruct,concise40,base,vs_base,test_indomain,answer_words,paired_bootstrap,-182.654,-190.4001,-175.39755,0.0004997501249375312,-2.2400066621259844,500,0.031984007996002
llama-3.1-8b-instruct,concise40,base,vs_base,test_indomain,judge_strict,mcnemar,-0.09218436873747493,,,4.410029455394906e-05,-0.18548387096774194,499,0.0005292035346473887
llama-3.1-8b-instruct,concise40,base,vs_base,test_heldout_docs,judge_lenient,paired_bootstrap,-0.02716297786720322,-0.05331991951710262,-0.001006036217303823,0.04447776111944028,-0.09184529787212282,497,0.28385807096451776
llama-3.1-8b-instruct,concise40,base,vs_base,test_heldout_docs,judge_strict,paired_bootstrap,-0.07847082494969819,-0.11871227364185111,-0.03822937625754527,0.0009995002498750624,-0.17309220620007218,497,0.031984007996002
llama-3.1-8b-instruct,concise40,base,vs_base,test_heldout_docs,keyfact_recall,paired_bootstrap,-0.1185,-0.14203583333333333,-0.09546583333333335,0.0004997501249375312,-0.44431422328992515,500,0.031984007996002
llama-3.1-8b-instruct,concise40,base,vs_base,test_heldout_docs,contradiction_rate,paired_bootstrap,0.0022666666666666677,-0.015802500000000004,0.01963416666666666,0.8220889555222389,0.011109048046793212,500,1.0
llama-3.1-8b-instruct,concise40,base,vs_base,test_heldout_docs,token_f1,paired_bootstrap,0.13167815923243115,0.12166680712539679,0.14228376698184986,0.0004997501249375312,1.1645028155734785,500,0.031984007996002
llama-3.1-8b-instruct,concise40,base,vs_base,test_heldout_docs,rouge_l,paired_bootstrap,0.1022698548758495,0.09366520880680503,0.11118111299865747,0.0004997501249375312,1.0661340134945227,500,0.031984007996002
llama-3.1-8b-instruct,concise40,base,vs_base,test_heldout_docs,exact_repro,paired_bootstrap,0.0,0.0,0.0,1.0,0.0,500,1.0
llama-3.1-8b-instruct,concise40,base,vs_base,test_heldout_docs,answer_words,paired_bootstrap,-176.922,-183.9128,-170.2919,0.0004997501249375312,-2.1900628308895387,500,0.031984007996002
llama-3.1-8b-instruct,concise40,base,vs_base,test_heldout_docs,judge_strict,mcnemar,-0.0784708249496982,,,0.0001783572223101363,-0.18571428571428572,497,0.001783572223101363
llama-3.1-8b-instruct,cpt_ep1,base,vs_base,test_trained_exact,judge_lenient,paired_bootstrap,0.012024048096192385,-0.022044088176352707,0.045090180360721446,0.5072463768115942,0.03174911104400452,499,1.0
llama-3.1-8b-instruct,cpt_ep1,base,vs_base,test_trained_exact,judge_strict,paired_bootstrap,-0.05410821643286573,-0.10420841683366733,-0.004008016032064128,0.038980509745127435,-0.0955970191930011,499,0.23388305847076463
llama-3.1-8b-instruct,cpt_ep1,base,vs_base,test_trained_exact,keyfact_recall,paired_bootstrap,-0.11146666666666667,-0.14306750000000001,-0.07989916666666666,0.0004997501249375312,-0.31129483647016576,500,0.031984007996002
llama-3.1-8b-instruct,cpt_ep1,base,vs_base,test_trained_exact,contradiction_rate,paired_bootstrap,-0.0334,-0.05247249999999999,-0.01532916666666669,0.0014992503748125937,-0.15429021736610604,500,0.08845577211394302
llama-3.1-8b-instruct,cpt_ep1,base,vs_base,test_trained_exact,token_f1,paired_bootstrap,0.24686427702939046,0.23294100952420707,0.2599480040546769,0.0004997501249375312,1.5499986276519349,500,0.031984007996002
llama-3.1-8b-instruct,cpt_ep1,base,vs_base,test_trained_exact,rouge_l,paired_bootstrap,0.21641468303771888,0.20235284282653215,0.23042790007981015,0.0004997501249375312,1.3203496906335266,500,0.031984007996002
llama-3.1-8b-instruct,cpt_ep1,base,vs_base,test_trained_exact,exact_repro,paired_bootstrap,0.026,0.014,0.04,0.0014992503748125937,0.16321965900034505,500,0.07796101949025487
llama-3.1-8b-instruct,cpt_ep1,base,vs_base,test_trained_exact,answer_words,paired_bootstrap,-186.98,-194.11925,-179.44395,0.0004997501249375312,-2.2512428375067968,500,0.031984007996002
llama-3.1-8b-instruct,cpt_ep1,base,vs_base,test_trained_exact,judge_strict,mcnemar,-0.05410821643286573,,,0.040120543722473666,-0.08385093167701863,499,0.24072326233484198
llama-3.1-8b-instruct,cpt_ep1,base,vs_base,test_seen_facts,judge_lenient,paired_bootstrap,0.05017921146953405,0.010752688172043012,0.08960573476702509,0.018490754622688656,0.1507608445253768,279,0.1664167916041979
llama-3.1-8b-instruct,cpt_ep1,base,vs_base,test_seen_facts,judge_strict,paired_bootstrap,0.02867383512544803,-0.03225806451612903,0.08960573476702509,0.3798100949525237,0.05643322439282886,279,1.0
llama-3.1-8b-instruct,cpt_ep1,base,vs_base,test_seen_facts,keyfact_recall,paired_bootstrap,-0.1259259259259259,-0.16762246117084825,-0.08578106332138591,0.0004997501249375312,-0.35725500731821985,279,0.031984007996002
llama-3.1-8b-instruct,cpt_ep1,base,vs_base,test_seen_facts,contradiction_rate,paired_bootstrap,-0.0024492234169653485,-0.03136648745519713,0.02629629629629623,0.8665667166416792,-0.010139795313117742,279,1.0
llama-3.1-8b-instruct,cpt_ep1,base,vs_base,test_seen_facts,token_f1,paired_bootstrap,0.16991430391701615,0.15605192074809313,0.18420808978260317,0.0004997501249375312,1.4133495946371255,279,0.031984007996002
llama-3.1-8b-instruct,cpt_ep1,base,vs_base,test_seen_facts,rouge_l,paired_bootstrap,0.13503505867812304,0.12176537706279426,0.1489105107492096,0.0004997501249375312,1.203193690034373,279,0.031984007996002
llama-3.1-8b-instruct,cpt_ep1,base,vs_base,test_seen_facts,exact_repro,paired_bootstrap,0.007168458781362007,0.0,0.017921146953405017,0.2893553223388306,0.08481944172140074,279,1.0
llama-3.1-8b-instruct,cpt_ep1,base,vs_base,test_seen_facts,answer_words,paired_bootstrap,-189.62007168458783,-199.98028673835125,-178.84507168458782,0.0004997501249375312,-2.097472420398122,279,0.031984007996002
llama-3.1-8b-instruct,cpt_ep1,base,vs_base,test_seen_facts,judge_strict,mcnemar,0.02867383512544802,,,0.40957939592707177,0.05555555555555558,279,1.0
llama-3.1-8b-instruct,cpt_ep1,base,vs_base,test_indomain,judge_lenient,paired_bootstrap,-0.036072144288577156,-0.07014028056112225,-0.002004008016032064,0.03648175912043978,-0.09367189769078385,499,0.28385807096451776
llama-3.1-8b-instruct,cpt_ep1,base,vs_base,test_indomain,judge_strict,paired_bootstrap,-0.1062124248496994,-0.156312625250501,-0.06012024048096192,0.0004997501249375312,-0.1926500057027295,499,0.031984007996002
llama-3.1-8b-instruct,cpt_ep1,base,vs_base,test_indomain,keyfact_recall,paired_bootstrap,-0.1817,-0.21193416666666667,-0.15209999999999999,0.0004997501249375312,-0.5393240121809644,500,0.031984007996002
llama-3.1-8b-instruct,cpt_ep1,base,vs_base,test_indomain,contradiction_rate,paired_bootstrap,-0.02173333333333333,-0.040833333333333326,-0.0016991666666666696,0.035982008995502246,-0.09751970825548112,500,1.0
llama-3.1-8b-instruct,cpt_ep1,base,vs_base,test_indomain,token_f1,paired_bootstrap,0.19762990546193973,0.18686250711921598,0.20842665207287933,0.0004997501249375312,1.578193561659873,500,0.031984007996002
llama-3.1-8b-instruct,cpt_ep1,base,vs_base,test_indomain,rouge_l,paired_bootstrap,0.15966465194900786,0.14946938891092504,0.16977532897555722,0.0004997501249375312,1.3711015091182703,500,0.031984007996002
llama-3.1-8b-instruct,cpt_ep1,base,vs_base,test_indomain,exact_repro,paired_bootstrap,0.002,0.0,0.008,0.6286856571714143,0.044721359549995794,500,1.0
llama-3.1-8b-instruct,cpt_ep1,base,vs_base,test_indomain,answer_words,paired_bootstrap,-184.116,-191.8162,-177.04745,0.0004997501249375312,-2.2746751344535845,500,0.031984007996002
llama-3.1-8b-instruct,cpt_ep1,base,vs_base,test_indomain,judge_strict,mcnemar,-0.1062124248496994,,,2.8230883460224108e-05,-0.16878980891719747,499,0.0003952323684431375
llama-3.1-8b-instruct,cpt_ep1,base,vs_base,test_heldout_docs,judge_lenient,paired_bootstrap,-0.03219315895372234,-0.06139336016096579,-0.0030181086519114686,0.03548225887056472,-0.09415577024694878,497,0.28385807096451776
llama-3.1-8b-instruct,cpt_ep1,base,vs_base,test_heldout_docs,judge_strict,paired_bootstrap,-0.10261569416498995,-0.1448692152917505,-0.060362173038229376,0.0004997501249375312,-0.21059281891054268,497,0.031984007996002
llama-3.1-8b-instruct,cpt_ep1,base,vs_base,test_heldout_docs,keyfact_recall,paired_bootstrap,-0.15343333333333334,-0.18237166666666668,-0.1268291666666667,0.0004997501249375312,-0.4924173353384173,500,0.031984007996002
llama-3.1-8b-instruct,cpt_ep1,base,vs_base,test_heldout_docs,contradiction_rate,paired_bootstrap,-0.014366666666666666,-0.03223416666666667,0.003434999999999993,0.11094452773613193,-0.07059667865440407,500,1.0
llama-3.1-8b-instruct,cpt_ep1,base,vs_base,test_heldout_docs,token_f1,paired_bootstrap,0.17259185280183134,0.16208414991132367,0.18351090004031803,0.0004997501249375312,1.4252960484532644,500,0.031984007996002
llama-3.1-8b-instruct,cpt_ep1,base,vs_base,test_heldout_docs,rouge_l,paired_bootstrap,0.13573696822531212,0.12658631697357847,0.14551261817943195,0.0004997501249375312,1.2637411743391636,500,0.031984007996002
llama-3.1-8b-instruct,cpt_ep1,base,vs_base,test_heldout_docs,exact_repro,paired_bootstrap,0.004,0.0,0.01,0.2848575712143928,0.06330902090945695,500,1.0
llama-3.1-8b-instruct,cpt_ep1,base,vs_base,test_heldout_docs,answer_words,paired_bootstrap,-176.958,-183.8388,-170.3145,0.0004997501249375312,-2.20997183445262,500,0.031984007996002
llama-3.1-8b-instruct,cpt_ep1,base,vs_base,test_heldout_docs,judge_strict,mcnemar,-0.10261569416498995,,,4.848718134555307e-06,-0.20731707317073172,497,7.977101441491791e-05
llama-3.1-8b-instruct,cpt_ep2,base,vs_base,test_trained_exact,judge_lenient,paired_bootstrap,0.183,0.145,0.223,0.0004997501249375312,0.41612645812630394,500,0.031984007996002
llama-3.1-8b-instruct,cpt_ep2,base,vs_base,test_trained_exact,judge_strict,paired_bootstrap,0.202,0.148,0.258,0.0004997501249375312,0.3234688436731804,500,0.031984007996002
llama-3.1-8b-instruct,cpt_ep2,base,vs_base,test_trained_exact,keyfact_recall,paired_bootstrap,0.06596666666666667,0.024230833333333326,0.10676999999999981,0.0034982508745627187,0.14289062294405167,500,0.031984007996002
llama-3.1-8b-instruct,cpt_ep2,base,vs_base,test_trained_exact,contradiction_rate,paired_bootstrap,-0.06653333333333333,-0.08889999999999998,-0.04676333333333335,0.0004997501249375312,-0.27559785118918273,500,0.031984007996002
llama-3.1-8b-instruct,cpt_ep2,base,vs_base,test_trained_exact,token_f1,paired_bootstrap,0.4397426432038208,0.4154512299100362,0.46317644952057696,0.0004997501249375312,1.6051373495836243,500,0.031984007996002
llama-3.1-8b-instruct,cpt_ep2,base,vs_base,test_trained_exact,rouge_l,paired_bootstrap,0.43560687006617554,0.40986653956378405,0.46150206593399895,0.0004997501249375312,1.4381097183446703,500,0.031984007996002
llama-3.1-8b-instruct,cpt_ep2,base,vs_base,test_trained_exact,exact_repro,paired_bootstrap,0.308,0.26795,0.348,0.0004997501249375312,0.6664807062413042,500,0.031984007996002
llama-3.1-8b-instruct,cpt_ep2,base,vs_base,test_trained_exact,answer_words,paired_bootstrap,-184.124,-191.4578,-176.66565000000003,0.0004997501249375312,-2.190962482863371,500,0.031984007996002
llama-3.1-8b-instruct,cpt_ep2,base,vs_base,test_trained_exact,judge_strict,mcnemar,0.20200000000000007,,,3.6313516475986507e-12,0.23488372093023258,500,1.3436001096115007e-10
llama-3.1-8b-instruct,cpt_ep2,base,vs_base,test_seen_facts,judge_lenient,paired_bootstrap,0.0985663082437276,0.05555555555555555,0.14336917562724014,0.0004997501249375312,0.26646115621943106,279,0.031984007996002
llama-3.1-8b-instruct,cpt_ep2,base,vs_base,test_seen_facts,judge_strict,paired_bootstrap,0.12186379928315412,0.053763440860215055,0.18996415770609318,0.0004997501249375312,0.21677532169424138,279,0.031984007996002
llama-3.1-8b-instruct,cpt_ep2,base,vs_base,test_seen_facts,keyfact_recall,paired_bootstrap,-0.07885304659498207,-0.12360663082437276,-0.036076762246117104,0.0009995002498750624,-0.20414452294155008,279,0.031984007996002
llama-3.1-8b-instruct,cpt_ep2,base,vs_base,test_seen_facts,contradiction_rate,paired_bootstrap,-0.0023297491039426512,-0.028077956989247314,0.02491188769414575,0.8455772113943029,-0.010351575545748332,279,1.0
llama-3.1-8b-instruct,cpt_ep2,base,vs_base,test_seen_facts,token_f1,paired_bootstrap,0.24391934042820584,0.221924616918292,0.2672652598898239,0.0004997501249375312,1.2141775828441064,279,0.031984007996002
llama-3.1-8b-instruct,cpt_ep2,base,vs_base,test_seen_facts,rouge_l,paired_bootstrap,0.2124588437965123,0.18896842870295705,0.237898345556147,0.0004997501249375312,0.9968432244002325,279,0.031984007996002
llama-3.1-8b-instruct,cpt_ep2,base,vs_base,test_seen_facts,exact_repro,paired_bootstrap,0.07526881720430108,0.04659498207885305,0.10752688172043011,0.0004997501249375312,0.28478695411770927,279,0.031984007996002
llama-3.1-8b-instruct,cpt_ep2,base,vs_base,test_seen_facts,answer_words,paired_bootstrap,-187.06810035842295,-197.3480286738351,-176.3510752688172,0.0004997501249375312,-2.060424640660941,279,0.031984007996002
llama-3.1-8b-instruct,cpt_ep2,base,vs_base,test_seen_facts,judge_strict,mcnemar,0.1218637992831541,,,0.000509090224349734,0.18478260869565222,279,0.004072721794797872
llama-3.1-8b-instruct,cpt_ep2,base,vs_base,test_indomain,judge_lenient,paired_bootstrap,-0.047094188376753505,-0.08216432865731463,-0.011022044088176353,0.010494752623688156,-0.12083612591373379,499,0.10494752623688156
llama-3.1-8b-instruct,cpt_ep2,base,vs_base,test_indomain,judge_strict,paired_bootstrap,-0.11422845691382766,-0.16432865731462926,-0.06412825651302605,0.0004997501249375312,-0.20377321820842764,499,0.031984007996002
llama-3.1-8b-instruct,cpt_ep2,base,vs_base,test_indomain,keyfact_recall,paired_bootstrap,-0.18203333333333335,-0.21237,-0.1510325,0.0004997501249375312,-0.5271800598889654,500,0.031984007996002
llama-3.1-8b-instruct,cpt_ep2,base,vs_base,test_indomain,contradiction_rate,paired_bootstrap,-0.005633333333333333,-0.024369166666666667,0.01223666666666665,0.5487256371814093,-0.026517455968300973,500,1.0
llama-3.1-8b-instruct,cpt_ep2,base,vs_base,test_indomain,token_f1,paired_bootstrap,0.17007370338957026,0.1584957469630797,0.18193455955452653,0.0004997501249375312,1.3266320306985586,500,0.031984007996002
llama-3.1-8b-instruct,cpt_ep2,base,vs_base,test_indomain,rouge_l,paired_bootstrap,0.1315968909057612,0.1212545552121064,0.1418857852601733,0.0004997501249375312,1.1605583477154189,500,0.031984007996002
llama-3.1-8b-instruct,cpt_ep2,base,vs_base,test_indomain,exact_repro,paired_bootstrap,0.0,0.0,0.0,1.0,0.0,500,1.0
llama-3.1-8b-instruct,cpt_ep2,base,vs_base,test_indomain,answer_words,paired_bootstrap,-181.444,-188.80655000000002,-174.4517,0.0004997501249375312,-2.2399254038976197,500,0.031984007996002
llama-3.1-8b-instruct,cpt_ep2,base,vs_base,test_indomain,judge_strict,mcnemar,-0.11422845691382763,,,9.46640956150696e-06,-0.17484662576687116,499,0.0001419961434226044
llama-3.1-8b-instruct,cpt_ep2,base,vs_base,test_heldout_docs,judge_lenient,paired_bootstrap,-0.06539235412474849,-0.096579476861167,-0.03319919517102616,0.0004997501249375312,-0.1833023277589187,497,0.031984007996002
llama-3.1-8b-instruct,cpt_ep2,base,vs_base,test_heldout_docs,judge_strict,paired_bootstrap,-0.10663983903420524,-0.15090543259557343,-0.06237424547283702,0.0004997501249375312,-0.2121296919446971,497,0.031984007996002
llama-3.1-8b-instruct,cpt_ep2,base,vs_base,test_heldout_docs,keyfact_recall,paired_bootstrap,-0.17033333333333334,-0.1979016666666667,-0.1404325,0.0004997501249375312,-0.5154640451341493,500,0.031984007996002
llama-3.1-8b-instruct,cpt_ep2,base,vs_base,test_heldout_docs,contradiction_rate,paired_bootstrap,-0.012433333333333334,-0.02994666666666667,0.0054683333333333225,0.17691154422788605,-0.06203611947094339,500,1.0
llama-3.1-8b-instruct,cpt_ep2,base,vs_base,test_heldout_docs,token_f1,paired_bootstrap,0.13708941030250743,0.12677217116996484,0.14786013867776984,0.0004997501249375312,1.1227333992831934,500,0.031984007996002
llama-3.1-8b-instruct,cpt_ep2,base,vs_base,test_heldout_docs,rouge_l,paired_bootstrap,0.10472316877286102,0.09598686262341033,0.11447267735946058,0.0004997501249375312,0.9959861970775216,500,0.031984007996002
llama-3.1-8b-instruct,cpt_ep2,base,vs_base,test_heldout_docs,exact_repro,paired_bootstrap,0.002,0.0,0.006,0.6206896551724138,0.044721359549995794,500,1.0
llama-3.1-8b-instruct,cpt_ep2,base,vs_base,test_heldout_docs,answer_words,paired_bootstrap,-172.974,-180.11865,-166.20165,0.0004997501249375312,-2.171582266862077,500,0.031984007996002
llama-3.1-8b-instruct,cpt_ep2,base,vs_base,test_heldout_docs,judge_strict,mcnemar,-0.10663983903420524,,,4.1536033534399185e-06,-0.20229007633587787,497,7.476486036191854e-05
llama-3.1-8b-instruct,ep1,base,vs_base,test_trained_exact,judge_lenient,paired_bootstrap,0.055,0.02,0.091,0.001999000499750125,0.13802176599246743,500,0.031984007996002
llama-3.1-8b-instruct,ep1,base,vs_base,test_trained_exact,judge_strict,paired_bootstrap,0.032,-0.018,0.086,0.25537231384307846,0.05396057128218646,500,1.0
llama-3.1-8b-instruct,ep1,base,vs_base,test_trained_exact,keyfact_recall,paired_bootstrap,-0.08713333333333333,-0.12224499999999998,-0.05213083333333334,0.0004997501249375312,-0.2192282331973733,500,0.031984007996002
llama-3.1-8b-instruct,ep1,base,vs_base,test_trained_exact,contradiction_rate,paired_bootstrap,-0.04123333333333334,-0.06293583333333333,-0.01989833333333334,0.0004997501249375312,-0.16968046960448635,500,0.031984007996002
llama-3.1-8b-instruct,ep1,base,vs_base,test_trained_exact,token_f1,paired_bootstrap,0.3022543832127058,0.28455153385734305,0.3208252921237812,0.0004997501249375312,1.4574656994871464,500,0.031984007996002
llama-3.1-8b-instruct,ep1,base,vs_base,test_trained_exact,rouge_l,paired_bootstrap,0.28391814487173406,0.2652577968939901,0.3039749145134295,0.0004997501249375312,1.286472420366178,500,0.031984007996002
llama-3.1-8b-instruct,ep1,base,vs_base,test_trained_exact,exact_repro,paired_bootstrap,0.08,0.058,0.106,0.0004997501249375312,0.2945888808079018,500,0.031984007996002
llama-3.1-8b-instruct,ep1,base,vs_base,test_trained_exact,answer_words,paired_bootstrap,-186.952,-194.12859999999998,-179.44995,0.0004997501249375312,-2.2457105275360716,500,0.031984007996002
llama-3.1-8b-instruct,ep1,base,vs_base,test_trained_exact,judge_strict,mcnemar,0.03200000000000003,,,0.25813376128396426,0.045454545454545414,500,1.0
llama-3.1-8b-instruct,ep1,base,vs_base,test_seen_facts,judge_lenient,paired_bootstrap,0.0931899641577061,0.04838709677419355,0.1380376344086019,0.0004997501249375312,0.24392215546207105,279,0.031984007996002
llama-3.1-8b-instruct,ep1,base,vs_base,test_seen_facts,judge_strict,paired_bootstrap,0.1111111111111111,0.04659498207885305,0.17562724014336917,0.001999000499750125,0.195764357034098,279,0.031984007996002
llama-3.1-8b-instruct,ep1,base,vs_base,test_seen_facts,keyfact_recall,paired_bootstrap,-0.11039426523297491,-0.15478046594982078,-0.0667831541218638,0.0004997501249375312,-0.29572627072423874,279,0.031984007996002
llama-3.1-8b-instruct,ep1,base,vs_base,test_seen_facts,contradiction_rate,paired_bootstrap,-0.004719235364396651,-0.032924133811230584,0.023298984468339303,0.7486256871564217,-0.019761327758127764,279,1.0
llama-3.1-8b-instruct,ep1,base,vs_base,test_seen_facts,token_f1,paired_bootstrap,0.20900126558570822,0.19080705358290287,0.2280621368612095,0.0004997501249375312,1.3346608404921367,279,0.031984007996002
llama-3.1-8b-instruct,ep1,base,vs_base,test_seen_facts,rouge_l,paired_bootstrap,0.1737307188478717,0.1557240885575796,0.19418719068096862,0.0004997501249375312,1.0827940570884411,279,0.031984007996002
llama-3.1-8b-instruct,ep1,base,vs_base,test_seen_facts,exact_repro,paired_bootstrap,0.025089605734767026,0.007168458781362007,0.04659498207885305,0.017991004497751123,0.1601344838568282,279,0.8455772113943028
llama-3.1-8b-instruct,ep1,base,vs_base,test_seen_facts,answer_words,paired_bootstrap,-189.8494623655914,-200.29775985663082,-179.206541218638,0.0004997501249375312,-2.096373047127646,279,0.031984007996002
llama-3.1-8b-instruct,ep1,base,vs_base,test_seen_facts,judge_strict,mcnemar,0.1111111111111111,,,0.0017127644224002386,0.16666666666666663,279,0.01198935095680167
llama-3.1-8b-instruct,ep1,base,vs_base,test_indomain,judge_lenient,paired_bootstrap,-0.050100200400801605,-0.0811623246492986,-0.018036072144288578,0.0024987506246876563,-0.13788420806561338,499,0.03498250874562719
llama-3.1-8b-instruct,ep1,base,vs_base,test_indomain,judge_strict,paired_bootstrap,-0.13226452905811623,-0.17835671342685372,-0.08817635270541083,0.0004997501249375312,-0.25192391020170585,499,0.031984007996002
llama-3.1-8b-instruct,ep1,base,vs_base,test_indomain,keyfact_recall,paired_bootstrap,-0.18346666666666667,-0.2134775,-0.15215666666666672,0.0004997501249375312,-0.523476172440365,500,0.031984007996002
llama-3.1-8b-instruct,ep1,base,vs_base,test_indomain,contradiction_rate,paired_bootstrap,-0.0032333333333333333,-0.022766666666666664,0.01453499999999999,0.729135432283858,-0.015063123876327817,500,1.0
llama-3.1-8b-instruct,ep1,base,vs_base,test_indomain,token_f1,paired_bootstrap,0.17614680644709596,0.16543308869534154,0.18738643907369634,0.0004997501249375312,1.406933160623202,500,0.031984007996002
llama-3.1-8b-instruct,ep1,base,vs_base,test_indomain,rouge_l,paired_bootstrap,0.1386871332589122,0.12898252264496848,0.14820131686681987,0.0004997501249375312,1.2445181868905524,500,0.031984007996002
llama-3.1-8b-instruct,ep1,base,vs_base,test_indomain,exact_repro,paired_bootstrap,0.002,0.0,0.008,0.6286856571714143,0.044721359549995794,500,1.0
llama-3.1-8b-instruct,ep1,base,vs_base,test_indomain,answer_words,paired_bootstrap,-183.646,-191.088,-176.61860000000001,0.0004997501249375312,-2.272783404893432,500,0.031984007996002
llama-3.1-8b-instruct,ep1,base,vs_base,test_indomain,judge_strict,mcnemar,-0.1322645290581162,,,4.4480547931883875e-08,-0.226027397260274,499,1.2009747941608645e-06
llama-3.1-8b-instruct,ep1,base,vs_base,test_heldout_docs,judge_lenient,paired_bootstrap,-0.07344064386317907,-0.10663983903420524,-0.043234406438631925,0.0004997501249375312,-0.2043393133144377,497,0.031984007996002
llama-3.1-8b-instruct,ep1,base,vs_base,test_heldout_docs,judge_strict,paired_bootstrap,-0.14084507042253522,-0.1851609657947686,-0.096579476861167,0.0004997501249375312,-0.2792895082946662,497,0.031984007996002
llama-3.1-8b-instruct,ep1,base,vs_base,test_heldout_docs,keyfact_recall,paired_bootstrap,-0.16863333333333333,-0.19766916666666667,-0.1400975,0.0004997501249375312,-0.5183948755986278,500,0.031984007996002
llama-3.1-8b-instruct,ep1,base,vs_base,test_heldout_docs,contradiction_rate,paired_bootstrap,-0.007366666666666667,-0.027468333333333334,0.012966666666666665,0.4657671164417791,-0.032225289796093425,500,1.0
llama-3.1-8b-instruct,ep1,base,vs_base,test_heldout_docs,token_f1,paired_bootstrap,0.15485511026688198,0.14422059234872614,0.16568552400004957,0.0004997501249375312,1.2763418802921735,500,0.031984007996002
llama-3.1-8b-instruct,ep1,base,vs_base,test_heldout_docs,rouge_l,paired_bootstrap,0.12112899624458771,0.11167677370703664,0.13070191176033094,0.0004997501249375312,1.1221926562419107,500,0.031984007996002
llama-3.1-8b-instruct,ep1,base,vs_base,test_heldout_docs,exact_repro,paired_bootstrap,0.002,0.0,0.008,0.6306846576711644,0.044721359549995794,500,1.0
llama-3.1-8b-instruct,ep1,base,vs_base,test_heldout_docs,answer_words,paired_bootstrap,-176.652,-183.5168,-169.96185,0.0004997501249375312,-2.2009257861614056,500,0.031984007996002
llama-3.1-8b-instruct,ep1,base,vs_base,test_heldout_docs,judge_strict,mcnemar,-0.14084507042253522,,,1.419571074706475e-09,-0.25735294117647056,497,4.120136650300499e-08
llama-3.1-8b-instruct,ep2,base,vs_base,test_trained_exact,judge_lenient,paired_bootstrap,0.301,0.265,0.339,0.0004997501249375312,0.7050446322138745,500,0.031984007996002
llama-3.1-8b-instruct,ep2,base,vs_base,test_trained_exact,judge_strict,paired_bootstrap,0.408,0.36,0.46,0.0004997501249375312,0.68550181939082,500,0.031984007996002
llama-3.1-8b-instruct,ep2,base,vs_base,test_trained_exact,keyfact_recall,paired_bootstrap,0.2087,0.1691325,0.2515691666666666,0.0004997501249375312,0.4419062545680753,500,0.031984007996002
llama-3.1-8b-instruct,ep2,base,vs_base,test_trained_exact,contradiction_rate,paired_bootstrap,-0.07063333333333333,-0.09190416666666668,-0.04876500000000001,0.0004997501249375312,-0.2827579692866819,500,0.031984007996002
llama-3.1-8b-instruct,ep2,base,vs_base,test_trained_exact,token_f1,paired_bootstrap,0.6321439510808348,0.6100486854738906,0.6548825416296217,0.0004997501249375312,2.4520334260205523,500,0.031984007996002
llama-3.1-8b-instruct,ep2,base,vs_base,test_trained_exact,rouge_l,paired_bootstrap,0.6591927333185895,0.6345851412516511,0.6842880927444976,0.0004997501249375312,2.327441769774758,500,0.031984007996002
llama-3.1-8b-instruct,ep2,base,vs_base,test_trained_exact,exact_repro,paired_bootstrap,0.658,0.618,0.7,0.0004997501249375312,1.38568706964118,500,0.031984007996002
llama-3.1-8b-instruct,ep2,base,vs_base,test_trained_exact,answer_words,paired_bootstrap,-183.324,-190.395,-175.6837,0.0004997501249375312,-2.1876310036081907,500,0.031984007996002
llama-3.1-8b-instruct,ep2,base,vs_base,test_trained_exact,judge_strict,mcnemar,0.40800000000000003,,,3.704352901775525e-41,0.39230769230769236,500,2.3337423281185807e-39
llama-3.1-8b-instruct,ep2,base,vs_base,test_seen_facts,judge_lenient,paired_bootstrap,0.15232974910394265,0.10215053763440861,0.2007168458781362,0.0004997501249375312,0.36181741345545515,279,0.031984007996002
llama-3.1-8b-instruct,ep2,base,vs_base,test_seen_facts,judge_strict,paired_bootstrap,0.1971326164874552,0.12544802867383512,0.26523297491039427,0.0004997501249375312,0.3190106055117424,279,0.031984007996002
llama-3.1-8b-instruct,ep2,base,vs_base,test_seen_facts,keyfact_recall,paired_bootstrap,-0.010454002389486253,-0.06093189964157706,0.03836021505376339,0.68015992003998,-0.02383509713676122,279,1.0
llama-3.1-8b-instruct,ep2,base,vs_base,test_seen_facts,contradiction_rate,paired_bootstrap,-0.018518518518518517,-0.04397401433691757,0.007471624850657085,0.16091954022988506,-0.08679408900280494,279,1.0
llama-3.1-8b-instruct,ep2,base,vs_base,test_seen_facts,token_f1,paired_bootstrap,0.3089786336119998,0.28481724661957647,0.3353456496565416,0.0004997501249375312,1.3652795615448803,279,0.031984007996002
llama-3.1-8b-instruct,ep2,base,vs_base,test_seen_facts,rouge_l,paired_bootstrap,0.29005045713751565,0.26284024201106304,0.3194226839278944,0.0004997501249375312,1.1523829680169118,279,0.031984007996002
llama-3.1-8b-instruct,ep2,base,vs_base,test_seen_facts,exact_repro,paired_bootstrap,0.12544802867383512,0.08602150537634409,0.16487455197132617,0.0004997501249375312,0.37805884685556945,279,0.031984007996002
llama-3.1-8b-instruct,ep2,base,vs_base,test_seen_facts,answer_words,paired_bootstrap,-184.64874551971326,-195.05385304659498,-173.92464157706095,0.0004997501249375312,-2.046529829262451,279,0.031984007996002
llama-3.1-8b-instruct,ep2,base,vs_base,test_seen_facts,judge_strict,mcnemar,0.19713261648745517,,,3.681441540970094e-07,0.2350427350427351,279,8.835459698328226e-06
llama-3.1-8b-instruct,ep2,base,vs_base,test_indomain,judge_lenient,paired_bootstrap,-0.07915831663326653,-0.11122244488977956,-0.047094188376753505,0.0004997501249375312,-0.21481431207061277,499,0.031984007996002
llama-3.1-8b-instruct,ep2,base,vs_base,test_indomain,judge_strict,paired_bootstrap,-0.16633266533066132,-0.21042084168336672,-0.12224448897795591,0.0004997501249375312,-0.3146163975757854,499,0.031984007996002
llama-3.1-8b-instruct,ep2,base,vs_base,test_indomain,keyfact_recall,paired_bootstrap,-0.18396666666666667,-0.21123583333333334,-0.1548641666666667,0.0004997501249375312,-0.554004722320222,500,0.031984007996002
llama-3.1-8b-instruct,ep2,base,vs_base,test_indomain,contradiction_rate,paired_bootstrap,0.0022666666666666677,-0.016566666666666667,0.020434166666666663,0.816591704147926,0.010864682528990631,500,1.0
llama-3.1-8b-instruct,ep2,base,vs_base,test_indomain,token_f1,paired_bootstrap,0.1553634943145359,0.14524561573620912,0.16581349771566187,0.0004997501249375312,1.3143913655675716,500,0.031984007996002
llama-3.1-8b-instruct,ep2,base,vs_base,test_indomain,rouge_l,paired_bootstrap,0.11517789303890019,0.10595988518391514,0.12433850823789337,0.0004997501249375312,1.093112439682451,500,0.031984007996002
llama-3.1-8b-instruct,ep2,base,vs_base,test_indomain,exact_repro,paired_bootstrap,0.0,0.0,0.0,1.0,0.0,500,1.0
llama-3.1-8b-instruct,ep2,base,vs_base,test_indomain,answer_words,paired_bootstrap,-178.742,-186.19404999999998,-171.58595000000003,0.0004997501249375312,-2.2098522955761144,500,0.031984007996002
llama-3.1-8b-instruct,ep2,base,vs_base,test_indomain,judge_strict,mcnemar,-0.1663326653306613,,,1.0223165796017012e-11,-0.2712418300653595,499,3.578108028605954e-10
llama-3.1-8b-instruct,ep2,base,vs_base,test_heldout_docs,judge_lenient,paired_bootstrap,-0.07042253521126761,-0.10160965794768612,-0.04024144869215292,0.0004997501249375312,-0.202418159747703,497,0.031984007996002
llama-3.1-8b-instruct,ep2,base,vs_base,test_heldout_docs,judge_strict,paired_bootstrap,-0.15090543259557343,-0.19718309859154928,-0.10663983903420524,0.0004997501249375312,-0.3021984974784598,497,0.031984007996002
llama-3.1-8b-instruct,ep2,base,vs_base,test_heldout_docs,keyfact_recall,paired_bootstrap,-0.18230000000000002,-0.21013500000000002,-0.15464750000000008,0.0004997501249375312,-0.5842308683750584,500,0.031984007996002
llama-3.1-8b-instruct,ep2,base,vs_base,test_heldout_docs,contradiction_rate,paired_bootstrap,0.0020000000000000018,-0.0169,0.02060083333333333,0.8365817091454273,0.009191733490306348,500,1.0
llama-3.1-8b-instruct,ep2,base,vs_base,test_heldout_docs,token_f1,paired_bootstrap,0.13108379228430928,0.12162499813256612,0.14063904386733442,0.0004997501249375312,1.193666382796196,500,0.031984007996002
llama-3.1-8b-instruct,ep2,base,vs_base,test_heldout_docs,rouge_l,paired_bootstrap,0.09545607876380709,0.08754242849011686,0.10370451639409183,0.0004997501249375312,1.0159790148648196,500,0.031984007996002
llama-3.1-8b-instruct,ep2,base,vs_base,test_heldout_docs,exact_repro,paired_bootstrap,0.002,0.0,0.006,0.6336831584207896,0.044721359549995794,500,1.0
llama-3.1-8b-instruct,ep2,base,vs_base,test_heldout_docs,answer_words,paired_bootstrap,-170.004,-176.9905,-163.48925000000003,0.0004997501249375312,-2.1143864497916174,500,0.031984007996002
llama-3.1-8b-instruct,ep2,base,vs_base,test_heldout_docs,judge_strict,mcnemar,-0.15090543259557343,,,5.969502290052047e-11,-0.2777777777777778,497,1.9699357557171757e-09
llama-3.1-8b-instruct,ep3,base,vs_base,test_trained_exact,judge_lenient,paired_bootstrap,0.344,0.308975,0.38,0.0004997501249375312,0.846884886842917,500,0.031984007996002
llama-3.1-8b-instruct,ep3,base,vs_base,test_trained_exact,judge_strict,paired_bootstrap,0.476,0.426,0.524,0.0004997501249375312,0.8387510418886533,500,0.031984007996002
llama-3.1-8b-instruct,ep3,base,vs_base,test_trained_exact,keyfact_recall,paired_bootstrap,0.23426666666666668,0.19289916666666668,0.2774841666666666,0.0004997501249375312,0.48955894099409,500,0.031984007996002
llama-3.1-8b-instruct,ep3,base,vs_base,test_trained_exact,contradiction_rate,paired_bootstrap,-0.08063333333333332,-0.10200166666666666,-0.059199166666666664,0.0004997501249375312,-0.3334722550108324,500,0.031984007996002
llama-3.1-8b-instruct,ep3,base,vs_base,test_trained_exact,token_f1,paired_bootstrap,0.6772555317838462,0.6559229026429768,0.697429826353455,0.0004997501249375312,2.8465312820203623,500,0.031984007996002
llama-3.1-8b-instruct,ep3,base,vs_base,test_trained_exact,rouge_l,paired_bootstrap,0.710235652933997,0.6874415821579299,0.7320388421233532,0.0004997501249375312,2.7409600225558335,500,0.031984007996002
llama-3.1-8b-instruct,ep3,base,vs_base,test_trained_exact,exact_repro,paired_bootstrap,0.742,0.704,0.78,0.0004997501249375312,1.6941714949389173,500,0.031984007996002
llama-3.1-8b-instruct,ep3,base,vs_base,test_trained_exact,answer_words,paired_bootstrap,-183.992,-191.17505,-176.60345,0.0004997501249375312,-2.1990551528436186,500,0.031984007996002
llama-3.1-8b-instruct,ep3,base,vs_base,test_trained_exact,judge_strict,mcnemar,0.476,,,4.737284010096495e-55,0.43430656934306566,500,3.0318617664617566e-53
llama-3.1-8b-instruct,ep3,base,vs_base,test_seen_facts,judge_lenient,paired_bootstrap,0.13261648745519714,0.08602150537634409,0.17921146953405018,0.0004997501249375312,0.33112017920861153,279,0.031984007996002
llama-3.1-8b-instruct,ep3,base,vs_base,test_seen_facts,judge_strict,paired_bootstrap,0.17921146953405018,0.1111111111111111,0.25089605734767023,0.0004997501249375312,0.29726430482269545,279,0.031984007996002
llama-3.1-8b-instruct,ep3,base,vs_base,test_seen_facts,keyfact_recall,paired_bootstrap,-0.012724014336917555,-0.05943996415770609,0.03220280764635602,0.5977011494252874,-0.03060142343945216,279,1.0
llama-3.1-8b-instruct,ep3,base,vs_base,test_seen_facts,contradiction_rate,paired_bootstrap,-0.024790919952210274,-0.05262992831541218,0.0009602747909199275,0.0704647676161919,-0.11072054138234506,279,1.0
llama-3.1-8b-instruct,ep3,base,vs_base,test_seen_facts,token_f1,paired_bootstrap,0.3186248871679717,0.29209748993750806,0.34375797336979563,0.0004997501249375312,1.3768061979295139,279,0.031984007996002
llama-3.1-8b-instruct,ep3,base,vs_base,test_seen_facts,rouge_l,paired_bootstrap,0.30351225981267427,0.2748090492983047,0.3318391711679396,0.0004997501249375312,1.1688285181117948,279,0.031984007996002
llama-3.1-8b-instruct,ep3,base,vs_base,test_seen_facts,exact_repro,paired_bootstrap,0.14336917562724014,0.1039426523297491,0.1863799283154122,0.0004997501249375312,0.4083676599691418,279,0.031984007996002
llama-3.1-8b-instruct,ep3,base,vs_base,test_seen_facts,answer_words,paired_bootstrap,-185.68458781362008,-195.8263440860215,-174.98548387096773,0.0004997501249375312,-2.0732907624008057,279,0.031984007996002
llama-3.1-8b-instruct,ep3,base,vs_base,test_seen_facts,judge_strict,mcnemar,0.17921146953405015,,,2.0183787682242732e-06,0.2272727272727273,279,4.238595413270974e-05
llama-3.1-8b-instruct,ep3,base,vs_base,test_indomain,judge_lenient,paired_bootstrap,-0.061122244488977955,-0.09418837675350701,-0.028056112224448898,0.0009995002498750624,-0.15976902591756456,499,0.031984007996002
llama-3.1-8b-instruct,ep3,base,vs_base,test_indomain,judge_strict,paired_bootstrap,-0.15030060120240482,-0.19839679358717435,-0.10215430861723475,0.0004997501249375312,-0.2741098663796439,499,0.031984007996002
llama-3.1-8b-instruct,ep3,base,vs_base,test_indomain,keyfact_recall,paired_bootstrap,-0.18436666666666668,-0.21313500000000002,-0.15156666666666666,0.0004997501249375312,-0.5326420780232703,500,0.031984007996002
llama-3.1-8b-instruct,ep3,base,vs_base,test_indomain,contradiction_rate,paired_bootstrap,-0.01376666666666667,-0.031904166666666664,0.005101666666666657,0.14592703648175911,-0.06476787826057134,500,1.0
llama-3.1-8b-instruct,ep3,base,vs_base,test_indomain,token_f1,paired_bootstrap,0.1515348770780389,0.14173984878722437,0.1621554981690373,0.0004997501249375312,1.3183493648452762,500,0.031984007996002
llama-3.1-8b-instruct,ep3,base,vs_base,test_indomain,rouge_l,paired_bootstrap,0.1125876041756458,0.10353531311640173,0.1218504281274444,0.0004997501249375312,1.0980146004581204,500,0.031984007996002
llama-3.1-8b-instruct,ep3,base,vs_base,test_indomain,exact_repro,paired_bootstrap,0.0,0.0,0.0,1.0,0.0,500,1.0
llama-3.1-8b-instruct,ep3,base,vs_base,test_indomain,answer_words,paired_bootstrap,-179.374,-186.7189,-172.32350000000002,0.0004997501249375312,-2.2158159994498017,500,0.031984007996002
llama-3.1-8b-instruct,ep3,base,vs_base,test_indomain,judge_strict,mcnemar,-0.1503006012024048,,,2.8464980589135745e-09,-0.2329192546583851,499,7.970194564958008e-08
llama-3.1-8b-instruct,ep3,base,vs_base,test_heldout_docs,judge_lenient,paired_bootstrap,-0.07142857142857142,-0.1006036217303823,-0.04225352112676056,0.0004997501249375312,-0.21031030943084594,497,0.031984007996002
llama-3.1-8b-instruct,ep3,base,vs_base,test_heldout_docs,judge_strict,paired_bootstrap,-0.1488933601609658,-0.19119718309859154,-0.10865191146881288,0.0004997501249375312,-0.30400150603574433,497,0.031984007996002
llama-3.1-8b-instruct,ep3,base,vs_base,test_heldout_docs,keyfact_recall,paired_bootstrap,-0.18513333333333332,-0.21309999999999998,-0.15533083333333336,0.0004997501249375312,-0.5675103824346887,500,0.031984007996002
llama-3.1-8b-instruct,ep3,base,vs_base,test_heldout_docs,contradiction_rate,paired_bootstrap,-0.009766666666666668,-0.029800833333333332,0.00960083333333333,0.32733633183408295,-0.04436752904449308,500,1.0
llama-3.1-8b-instruct,ep3,base,vs_base,test_heldout_docs,token_f1,paired_bootstrap,0.1318887843023837,0.12244002812900677,0.14179045943321192,0.0004997501249375312,1.1939528987672183,500,0.031984007996002
llama-3.1-8b-instruct,ep3,base,vs_base,test_heldout_docs,rouge_l,paired_bootstrap,0.09885026196923839,0.0904014332096375,0.10721128870122115,0.0004997501249375312,1.0365259398811304,500,0.031984007996002
llama-3.1-8b-instruct,ep3,base,vs_base,test_heldout_docs,exact_repro,paired_bootstrap,0.002,0.0,0.006,0.6336831584207896,0.044721359549995794,500,1.0
llama-3.1-8b-instruct,ep3,base,vs_base,test_heldout_docs,answer_words,paired_bootstrap,-171.678,-178.5169,-165.1455,0.0004997501249375312,-2.1548127833654296,500,0.031984007996002
llama-3.1-8b-instruct,ep3,base,vs_base,test_heldout_docs,judge_strict,mcnemar,-0.1488933601609658,,,4.4253738468920555e-11,-0.2846153846153846,497,1.504627107943299e-09
llama-3.1-8b-instruct,cpt_ep1,ep1,vs_qa_only,test_trained_exact,judge_lenient,paired_bootstrap,-0.04308617234468938,-0.07216933867735471,-0.015005010020040217,0.0069965017491254375,-0.12483566054304061,499,0.09795102448775612
llama-3.1-8b-instruct,cpt_ep1,ep1,vs_qa_only,test_trained_exact,judge_strict,paired_bootstrap,-0.08617234468937876,-0.1342685370741483,-0.04008016032064128,0.0004997501249375312,-0.1629354025512384,499,0.0079960019990005
llama-3.1-8b-instruct,cpt_ep1,ep1,vs_qa_only,test_trained_exact,keyfact_recall,paired_bootstrap,-0.024333333333333332,-0.053835,0.0027674999999999935,0.09545227386306847,-0.07480176435240388,500,0.9545227386306847
llama-3.1-8b-instruct,cpt_ep1,ep1,vs_qa_only,test_trained_exact,contradiction_rate,paired_bootstrap,0.007833333333333335,-0.008969166666666663,0.02563333333333333,0.37381309345327335,0.03993589192686443,500,1.0
llama-3.1-8b-instruct,cpt_ep1,ep1,vs_qa_only,test_trained_exact,token_f1,paired_bootstrap,-0.05539010618331535,-0.07160618255254039,-0.039890814419225,0.0004997501249375312,-0.3126122590834701,500,0.0079960019990005
llama-3.1-8b-instruct,cpt_ep1,ep1,vs_qa_only,test_trained_exact,rouge_l,paired_bootstrap,-0.06750346183401518,-0.08539122649352493,-0.05062802550759342,0.0004997501249375312,-0.3512369901338368,500,0.0079960019990005
llama-3.1-8b-instruct,cpt_ep1,ep1,vs_qa_only,test_trained_exact,exact_repro,paired_bootstrap,-0.054,-0.08,-0.032,0.0004997501249375312,-0.2023359726203362,500,0.0079960019990005
llama-3.1-8b-instruct,cpt_ep1,ep1,vs_qa_only,test_trained_exact,answer_words,paired_bootstrap,-0.028,-1.1742,1.1203999999999978,0.9615192403798101,-0.002141306268171753,500,1.0
llama-3.1-8b-instruct,cpt_ep1,ep1,vs_qa_only,test_trained_exact,judge_strict,mcnemar,-0.08617234468937873,,,0.00040597448313884054,-0.15034965034965037,499,0.006089617247082608
llama-3.1-8b-instruct,cpt_ep1,ep1,vs_qa_only,test_seen_facts,judge_lenient,paired_bootstrap,-0.043010752688172046,-0.08602150537634409,-0.0017921146953405018,0.053973013493253376,-0.11872686085602534,279,0.431784107946027
llama-3.1-8b-instruct,cpt_ep1,ep1,vs_qa_only,test_seen_facts,judge_strict,paired_bootstrap,-0.08243727598566308,-0.14695340501792115,-0.021415770609319488,0.013493253373313344,-0.14899482709541675,279,0.1889055472263868
llama-3.1-8b-instruct,cpt_ep1,ep1,vs_qa_only,test_seen_facts,keyfact_recall,paired_bootstrap,-0.015531660692951017,-0.056154420549581835,0.024256272401433677,0.4607696151924038,-0.044438252623415365,279,1.0
llama-3.1-8b-instruct,cpt_ep1,ep1,vs_qa_only,test_seen_facts,contradiction_rate,paired_bootstrap,0.0022700119474313015,-0.019837216248506567,0.025448028673835124,0.8335832083958021,0.011724662022084028,279,1.0
llama-3.1-8b-instruct,cpt_ep1,ep1,vs_qa_only,test_seen_facts,token_f1,paired_bootstrap,-0.03908696166869208,-0.05559655158916683,-0.023379231967913867,0.0004997501249375312,-0.2835113554566103,279,0.0079960019990005
llama-3.1-8b-instruct,cpt_ep1,ep1,vs_qa_only,test_seen_facts,rouge_l,paired_bootstrap,-0.038695660169748645,-0.056260793602189364,-0.02263800113512155,0.0004997501249375312,-0.27933878295090464,279,0.0079960019990005
llama-3.1-8b-instruct,cpt_ep1,ep1,vs_qa_only,test_seen_facts,exact_repro,paired_bootstrap,-0.017921146953405017,-0.03942652329749104,0.0,0.08545727136431784,-0.11366762501144836,279,0.9400299850074962
llama-3.1-8b-instruct,cpt_ep1,ep1,vs_qa_only,test_seen_facts,answer_words,paired_bootstrap,0.22939068100358423,-1.3518817204301075,1.8853942652329745,0.767616191904048,0.016569548896241834,279,1.0
llama-3.1-8b-instruct,cpt_ep1,ep1,vs_qa_only,test_seen_facts,judge_strict,mcnemar,-0.08243727598566308,,,0.017827552929735955,-0.13218390804597702,279,0.24958574101630338
llama-3.1-8b-instruct,cpt_ep1,ep1,vs_qa_only,test_indomain,judge_lenient,paired_bootstrap,0.014,-0.016,0.045,0.37631184407796103,0.04182776270651835,500,1.0
llama-3.1-8b-instruct,cpt_ep1,ep1,vs_qa_only,test_indomain,judge_strict,paired_bootstrap,0.026,-0.016,0.068,0.24887556221889057,0.054239273577426375,500,1.0
llama-3.1-8b-instruct,cpt_ep1,ep1,vs_qa_only,test_indomain,keyfact_recall,paired_bootstrap,0.0017666666666666666,-0.024500833333333333,0.026469166666666648,0.8875562218890555,0.00620178952594779,500,1.0
llama-3.1-8b-instruct,cpt_ep1,ep1,vs_qa_only,test_indomain,contradiction_rate,paired_bootstrap,-0.0185,-0.033667499999999996,-0.002700000000000001,0.022988505747126436,-0.10402600906423716,500,0.367816091954023
llama-3.1-8b-instruct,cpt_ep1,ep1,vs_qa_only,test_indomain,token_f1,paired_bootstrap,0.021483099014843743,0.012698090182147369,0.03045663722057469,0.0004997501249375312,0.2161745938451021,500,0.0079960019990005
llama-3.1-8b-instruct,cpt_ep1,ep1,vs_qa_only,test_indomain,rouge_l,paired_bootstrap,0.020977518690095658,0.013574054054494385,0.02875696631335759,0.0004997501249375312,0.2332968395214068,500,0.0079960019990005
llama-3.1-8b-instruct,cpt_ep1,ep1,vs_qa_only,test_indomain,exact_repro,paired_bootstrap,0.0,0.0,0.0,1.0,0.0,500,1.0
llama-3.1-8b-instruct,cpt_ep1,ep1,vs_qa_only,test_indomain,answer_words,paired_bootstrap,-0.47,-1.6223,0.6980999999999994,0.4097951024487756,-0.03546261914715869,500,1.0
llama-3.1-8b-instruct,cpt_ep1,ep1,vs_qa_only,test_indomain,judge_strict,mcnemar,0.025999999999999995,,,0.26305395754293537,0.05652173913043479,500,1.0
llama-3.1-8b-instruct,cpt_ep1,ep1,vs_qa_only,test_heldout_docs,judge_lenient,paired_bootstrap,0.042,0.016975000000000004,0.06702499999999986,0.0024987506246876563,0.14045736399829392,500,0.037481259370314844
llama-3.1-8b-instruct,cpt_ep1,ep1,vs_qa_only,test_heldout_docs,judge_strict,paired_bootstrap,0.038,0.0,0.074,0.051974012993503245,0.09034572903888508,500,0.4407796101949026
llama-3.1-8b-instruct,cpt_ep1,ep1,vs_qa_only,test_heldout_docs,keyfact_recall,paired_bootstrap,0.0152,-0.005705000000000001,0.03687416666666662,0.15642178910544727,0.06351853472512922,500,1.0
llama-3.1-8b-instruct,cpt_ep1,ep1,vs_qa_only,test_heldout_docs,contradiction_rate,paired_bootstrap,-0.007000000000000001,-0.023934166666666666,0.00973583333333332,0.424287856071964,-0.03622838784618378,500,1.0
llama-3.1-8b-instruct,cpt_ep1,ep1,vs_qa_only,test_heldout_docs,token_f1,paired_bootstrap,0.017736742534949373,0.00937989961357215,0.025908702312432395,0.0004997501249375312,0.19003401125223035,500,0.0079960019990005
llama-3.1-8b-instruct,cpt_ep1,ep1,vs_qa_only,test_heldout_docs,rouge_l,paired_bootstrap,0.014607971980724416,0.00755995294831044,0.021942862011837483,0.0004997501249375312,0.1768383494098894,500,0.0079960019990005
llama-3.1-8b-instruct,cpt_ep1,ep1,vs_qa_only,test_heldout_docs,exact_repro,paired_bootstrap,0.002,-0.004,0.01,0.7656171914042978,0.025802658482990858,500,1.0
llama-3.1-8b-instruct,cpt_ep1,ep1,vs_qa_only,test_heldout_docs,answer_words,paired_bootstrap,-0.306,-1.402,0.772,0.5717141429285357,-0.02464789185241666,500,1.0
llama-3.1-8b-instruct,cpt_ep1,ep1,vs_qa_only,test_heldout_docs,judge_strict,mcnemar,0.038000000000000006,,,0.05577832765373432,0.1067415730337079,500,0.5044215663996978
llama-3.1-8b-instruct,cpt_ep2,ep2,vs_qa_only,test_trained_exact,judge_lenient,paired_bootstrap,-0.118,-0.152,-0.084,0.0004997501249375312,-0.30949204563562904,500,0.0079960019990005
llama-3.1-8b-instruct,cpt_ep2,ep2,vs_qa_only,test_trained_exact,judge_strict,paired_bootstrap,-0.206,-0.25605,-0.154,0.0004997501249375312,-0.35109825080882767,500,0.0079960019990005
llama-3.1-8b-instruct,cpt_ep2,ep2,vs_qa_only,test_trained_exact,keyfact_recall,paired_bootstrap,-0.14273333333333335,-0.17793916666666668,-0.11005833333333337,0.0004997501249375312,-0.35393117585310574,500,0.0079960019990005
llama-3.1-8b-instruct,cpt_ep2,ep2,vs_qa_only,test_trained_exact,contradiction_rate,paired_bootstrap,0.0040999999999999995,-0.010734166666666668,0.01856749999999999,0.5892053973013494,0.023781775088480218,500,1.0
llama-3.1-8b-instruct,cpt_ep2,ep2,vs_qa_only,test_trained_exact,token_f1,paired_bootstrap,-0.19240130787701407,-0.22080747650475432,-0.16587146847712622,0.0004997501249375312,-0.6156344254368832,500,0.0079960019990005
llama-3.1-8b-instruct,cpt_ep2,ep2,vs_qa_only,test_trained_exact,rouge_l,paired_bootstrap,-0.22358586325241397,-0.2548733873158216,-0.19358963100453824,0.0004997501249375312,-0.6349468287879635,500,0.0079960019990005
llama-3.1-8b-instruct,cpt_ep2,ep2,vs_qa_only,test_trained_exact,exact_repro,paired_bootstrap,-0.35,-0.406,-0.3,0.0004997501249375312,-0.5736591247302458,500,0.0079960019990005
llama-3.1-8b-instruct,cpt_ep2,ep2,vs_qa_only,test_trained_exact,answer_words,paired_bootstrap,-0.8,-1.95805,0.4161499999999992,0.18490754622688654,-0.059949712589910505,500,1.0
llama-3.1-8b-instruct,cpt_ep2,ep2,vs_qa_only,test_trained_exact,judge_strict,mcnemar,-0.20599999999999996,,,5.087520893806752e-14,-0.266839378238342,500,8.140033430090803e-13
llama-3.1-8b-instruct,cpt_ep2,ep2,vs_qa_only,test_seen_facts,judge_lenient,paired_bootstrap,-0.053763440860215055,-0.1003584229390681,-0.008960573476702509,0.022988505747126436,-0.13966733680019472,279,0.27586206896551724
llama-3.1-8b-instruct,cpt_ep2,ep2,vs_qa_only,test_seen_facts,judge_strict,paired_bootstrap,-0.07526881720430108,-0.14336917562724014,-0.007168458781362007,0.038980509745127435,-0.12847518493455362,279,0.4287856071964018
llama-3.1-8b-instruct,cpt_ep2,ep2,vs_qa_only,test_seen_facts,keyfact_recall,paired_bootstrap,-0.06839904420549582,-0.11278524492234171,-0.024610215053763457,0.001999000499750125,-0.1833730288334266,279,0.029985007496251874
llama-3.1-8b-instruct,cpt_ep2,ep2,vs_qa_only,test_seen_facts,contradiction_rate,paired_bootstrap,0.016188769414575865,-0.006215651135005975,0.039311529271206666,0.16491754122938532,0.08363436456336083,279,1.0
llama-3.1-8b-instruct,cpt_ep2,ep2,vs_qa_only,test_seen_facts,token_f1,paired_bootstrap,-0.06505929318379393,-0.090603343926363,-0.04106032907856747,0.0004997501249375312,-0.30394994488773047,279,0.0079960019990005
llama-3.1-8b-instruct,cpt_ep2,ep2,vs_qa_only,test_seen_facts,rouge_l,paired_bootstrap,-0.07759161334100338,-0.10517919059249034,-0.051029989210060356,0.0004997501249375312,-0.3316230658964323,279,0.0079960019990005
llama-3.1-8b-instruct,cpt_ep2,ep2,vs_qa_only,test_seen_facts,exact_repro,paired_bootstrap,-0.05017921146953405,-0.08960573476702509,-0.010752688172043012,0.019490254872563718,-0.14082323347680584,279,0.25337331334332835
llama-3.1-8b-instruct,cpt_ep2,ep2,vs_qa_only,test_seen_facts,answer_words,paired_bootstrap,-2.4193548387096775,-4.358602150537634,-0.4439068100358452,0.013493253373313344,-0.14939038759246734,279,0.1889055472263868
llama-3.1-8b-instruct,cpt_ep2,ep2,vs_qa_only,test_seen_facts,judge_strict,mcnemar,-0.07526881720430106,,,0.041729321201286,-0.10824742268041238,279,0.459022533214146
llama-3.1-8b-instruct,cpt_ep2,ep2,vs_qa_only,test_indomain,judge_lenient,paired_bootstrap,0.032,0.003,0.06,0.02848575712143928,0.09819999989237851,500,0.31334332833583206
llama-3.1-8b-instruct,cpt_ep2,ep2,vs_qa_only,test_indomain,judge_strict,paired_bootstrap,0.052,0.008,0.094,0.015492253873063468,0.1084851702677714,500,0.2013993003498251
llama-3.1-8b-instruct,cpt_ep2,ep2,vs_qa_only,test_indomain,keyfact_recall,paired_bootstrap,0.0019333333333333314,-0.023567499999999998,0.02643416666666666,0.8885557221389305,0.006617915514425204,500,1.0
llama-3.1-8b-instruct,cpt_ep2,ep2,vs_qa_only,test_indomain,contradiction_rate,paired_bootstrap,-0.007899999999999999,-0.0234675,0.008700833333333328,0.335832083958021,-0.04294193434257982,500,1.0
llama-3.1-8b-instruct,cpt_ep2,ep2,vs_qa_only,test_indomain,token_f1,paired_bootstrap,0.014710209075034354,0.005596268482624825,0.023840592254217592,0.001999000499750125,0.1432661681804367,500,0.0079960019990005
llama-3.1-8b-instruct,cpt_ep2,ep2,vs_qa_only,test_indomain,rouge_l,paired_bootstrap,0.016418997866861032,0.008178431949889797,0.02473897274555864,0.0004997501249375312,0.17306482404375015,500,0.0079960019990005
llama-3.1-8b-instruct,cpt_ep2,ep2,vs_qa_only,test_indomain,exact_repro,paired_bootstrap,0.0,0.0,0.0,1.0,0.0,500,1.0
llama-3.1-8b-instruct,cpt_ep2,ep2,vs_qa_only,test_indomain,answer_words,paired_bootstrap,-2.702,-4.128,-1.2735500000000024,0.0009995002498750624,-0.17138851012184791,500,0.014992503748125937
llama-3.1-8b-instruct,cpt_ep2,ep2,vs_qa_only,test_indomain,judge_strict,mcnemar,0.05199999999999999,,,0.019879103738233917,0.11206896551724133,500,0.25842834859704095
llama-3.1-8b-instruct,cpt_ep2,ep2,vs_qa_only,test_heldout_docs,judge_lenient,paired_bootstrap,0.004,-0.024,0.031,0.7986006996501749,0.01257473893394658,500,1.0
llama-3.1-8b-instruct,cpt_ep2,ep2,vs_qa_only,test_heldout_docs,judge_strict,paired_bootstrap,0.042,0.002,0.082,0.04247876061969016,0.09194680749998496,500,0.4287856071964018
llama-3.1-8b-instruct,cpt_ep2,ep2,vs_qa_only,test_heldout_docs,keyfact_recall,paired_bootstrap,0.011966666666666664,-0.015035000000000001,0.03816999999999998,0.3778110944527736,0.038962766074394084,500,1.0
llama-3.1-8b-instruct,cpt_ep2,ep2,vs_qa_only,test_heldout_docs,contradiction_rate,paired_bootstrap,-0.014433333333333333,-0.0328025,0.0037816666666665847,0.12593703148425786,-0.06975703148755463,500,1.0
llama-3.1-8b-instruct,cpt_ep2,ep2,vs_qa_only,test_heldout_docs,token_f1,paired_bootstrap,0.006005618018198133,-0.0018396365442686863,0.01392741132792522,0.136431784107946,0.06515551338236394,500,0.136431784107946
llama-3.1-8b-instruct,cpt_ep2,ep2,vs_qa_only,test_heldout_docs,rouge_l,paired_bootstrap,0.009267090009053926,0.0024368010028357925,0.01615247004927304,0.010494752623688156,0.11404447216696706,500,0.010494752623688156
llama-3.1-8b-instruct,cpt_ep2,ep2,vs_qa_only,test_heldout_docs,exact_repro,paired_bootstrap,0.0,-0.006,0.006,1.0,0.0,500,1.0
llama-3.1-8b-instruct,cpt_ep2,ep2,vs_qa_only,test_heldout_docs,answer_words,paired_bootstrap,-2.97,-4.2825,-1.6578500000000007,0.0004997501249375312,-0.19142792738350614,500,0.0079960019990005
llama-3.1-8b-instruct,cpt_ep2,ep2,vs_qa_only,test_heldout_docs,judge_strict,mcnemar,0.04200000000000001,,,0.05044215663996978,0.09999999999999998,500,0.5044215663996978
qwen3-8b,concise40,base,vs_base,test_trained_exact,judge_lenient,paired_bootstrap,-0.12,-0.144025,-0.093,0.0004997501249375312,-0.4121557235142221,500,0.031984007996002
qwen3-8b,concise40,base,vs_base,test_trained_exact,judge_strict,paired_bootstrap,-0.224,-0.268,-0.18,0.0004997501249375312,-0.45886554545440306,500,0.031984007996002
qwen3-8b,concise40,base,vs_base,test_trained_exact,keyfact_recall,paired_bootstrap,-0.22123333333333334,-0.24756999999999998,-0.19516416666666667,0.0004997501249375312,-0.7360039870908649,500,0.031984007996002
qwen3-8b,concise40,base,vs_base,test_trained_exact,contradiction_rate,paired_bootstrap,0.003166666666666665,-0.015033333333333333,0.020399999999999998,0.7226386806596702,0.015687845895853418,500,1.0
qwen3-8b,concise40,base,vs_base,test_trained_exact,token_f1,paired_bootstrap,0.054602306308732154,0.043467110730951594,0.06551269371328453,0.0004997501249375312,0.42685657338568456,500,0.031984007996002
qwen3-8b,concise40,base,vs_base,test_trained_exact,rouge_l,paired_bootstrap,0.060925325412709175,0.051752024257897045,0.06978376677426339,0.0004997501249375312,0.5743144667078094,500,0.031984007996002
qwen3-8b,concise40,base,vs_base,test_trained_exact,exact_repro,paired_bootstrap,0.004,0.0,0.01,0.29185407296351823,0.06330902090945695,500,1.0
qwen3-8b,concise40,base,vs_base,test_trained_exact,answer_words,paired_bootstrap,-99.084,-104.45429999999999,-93.75195,0.0004997501249375312,-1.701072010113999,500,0.031984007996002
qwen3-8b,concise40,base,vs_base,test_trained_exact,judge_strict,mcnemar,-0.22399999999999998,,,7.03340962290385e-23,-0.3888888888888889,500,3.3057025227648095e-21
qwen3-8b,concise40,base,vs_base,test_seen_facts,judge_lenient,paired_bootstrap,-0.06630824372759857,-0.10040322580645161,-0.02867383512544803,0.0014992503748125937,-0.2188373927151474,279,0.031984007996002
qwen3-8b,concise40,base,vs_base,test_seen_facts,judge_strict,paired_bootstrap,-0.14695340501792115,-0.2078853046594982,-0.08602150537634409,0.0004997501249375312,-0.290836979060026,279,0.031984007996002
qwen3-8b,concise40,base,vs_base,test_seen_facts,keyfact_recall,paired_bootstrap,-0.20698924731182797,-0.24068399044205493,-0.17538679808841098,0.0004997501249375312,-0.7106110375802253,279,0.031984007996002
qwen3-8b,concise40,base,vs_base,test_seen_facts,contradiction_rate,paired_bootstrap,-0.0029271206690561513,-0.02975507765830347,0.0235379330943847,0.8220889555222389,-0.013420335892368773,279,1.0
qwen3-8b,concise40,base,vs_base,test_seen_facts,token_f1,paired_bootstrap,0.049776697713812976,0.038215358107237384,0.061330853802168524,0.0004997501249375312,0.4854873656120532,279,0.031984007996002
qwen3-8b,concise40,base,vs_base,test_seen_facts,rouge_l,paired_bootstrap,0.050085104251206165,0.04127999481961141,0.05906398398569157,0.0004997501249375312,0.6476129250808892,279,0.031984007996002
qwen3-8b,concise40,base,vs_base,test_seen_facts,exact_repro,paired_bootstrap,0.0,0.0,0.0,1.0,0.0,279,1.0
qwen3-8b,concise40,base,vs_base,test_seen_facts,answer_words,paired_bootstrap,-116.72759856630825,-124.21227598566308,-109.19534050179212,0.0004997501249375312,-1.7798325724311714,279,0.031984007996002
qwen3-8b,concise40,base,vs_base,test_seen_facts,judge_strict,mcnemar,-0.14695340501792115,,,3.0550570254445797e-06,-0.26623376623376627,279,5.8046083483447016e-05
qwen3-8b,concise40,base,vs_base,test_indomain,judge_lenient,paired_bootstrap,-0.121,-0.151,-0.094,0.0004997501249375312,-0.390421920917547,500,0.031984007996002
qwen3-8b,concise40,base,vs_base,test_indomain,judge_strict,paired_bootstrap,-0.22,-0.266,-0.176,0.0004997501249375312,-0.4347179036019222,500,0.031984007996002
qwen3-8b,concise40,base,vs_base,test_indomain,keyfact_recall,paired_bootstrap,-0.1991666666666667,-0.22460083333333333,-0.17539916666666663,0.0004997501249375312,-0.7079595895500749,500,0.031984007996002
qwen3-8b,concise40,base,vs_base,test_indomain,contradiction_rate,paired_bootstrap,6.66666666666651e-05,-0.017134166666666666,0.016369166666666653,0.9930034982508745,0.0003510451717796849,500,1.0
qwen3-8b,concise40,base,vs_base,test_indomain,token_f1,paired_bootstrap,0.040648194365494404,0.029326223836907413,0.052149670141520756,0.0004997501249375312,0.3210281561505444,500,0.031984007996002
qwen3-8b,concise40,base,vs_base,test_indomain,rouge_l,paired_bootstrap,0.049560669854928845,0.04079515744552719,0.05804553466873938,0.0004997501249375312,0.5007705881649188,500,0.031984007996002
qwen3-8b,concise40,base,vs_base,test_indomain,exact_repro,paired_bootstrap,0.0,0.0,0.0,1.0,0.0,500,1.0
qwen3-8b,concise40,base,vs_base,test_indomain,answer_words,paired_bootstrap,-99.18,-104.501,-93.7759,0.0004997501249375312,-1.6169167704217604,500,0.031984007996002
qwen3-8b,concise40,base,vs_base,test_indomain,judge_strict,mcnemar,-0.21999999999999997,,,1.2597915027892456e-20,-0.36184210526315785,500,5.165145161435907e-19
qwen3-8b,concise40,base,vs_base,test_heldout_docs,judge_lenient,paired_bootstrap,-0.095,-0.121,-0.069,0.0004997501249375312,-0.31041388481778726,500,0.031984007996002
qwen3-8b,concise40,base,vs_base,test_heldout_docs,judge_strict,paired_bootstrap,-0.176,-0.216,-0.136,0.0004997501249375312,-0.37064958505750306,500,0.031984007996002
qwen3-8b,concise40,base,vs_base,test_heldout_docs,keyfact_recall,paired_bootstrap,-0.17106666666666667,-0.19474166666666667,-0.1469325,0.0004997501249375312,-0.6372806491804799,500,0.031984007996002
qwen3-8b,concise40,base,vs_base,test_heldout_docs,contradiction_rate,paired_bootstrap,0.008733333333333334,-0.006133333333333332,0.023067499999999994,0.24237881059470265,0.05356293305997565,500,1.0
qwen3-8b,concise40,base,vs_base,test_heldout_docs,token_f1,paired_bootstrap,0.03239411809894546,0.02202345704742104,0.04307243189723146,0.0004997501249375312,0.27355309727380617,500,0.031984007996002
qwen3-8b,concise40,base,vs_base,test_heldout_docs,rouge_l,paired_bootstrap,0.04381312645464477,0.03512348742219849,0.05258422234793031,0.0004997501249375312,0.4469047132614967,500,0.031984007996002
qwen3-8b,concise40,base,vs_base,test_heldout_docs,exact_repro,paired_bootstrap,0.004,0.0,0.01,0.2913543228385807,0.06330902090945695,500,1.0
qwen3-8b,concise40,base,vs_base,test_heldout_docs,answer_words,paired_bootstrap,-96.71,-101.67045,-91.78865000000002,0.0004997501249375312,-1.67252748756242,500,0.031984007996002
qwen3-8b,concise40,base,vs_base,test_heldout_docs,judge_strict,mcnemar,-0.176,,,8.588622955874905e-16,-0.34375,500,3.349562952791213e-14
qwen3-8b,cpt_ep1,base,vs_base,test_trained_exact,judge_lenient,paired_bootstrap,-0.0871743486973948,-0.11625751503006013,-0.05711422845691383,0.0004997501249375312,-0.2522891315321944,499,0.031984007996002
qwen3-8b,cpt_ep1,base,vs_base,test_trained_exact,judge_strict,paired_bootstrap,-0.18637274549098196,-0.23446893787575152,-0.14228456913827656,0.0004997501249375312,-0.3422589835589369,499,0.031984007996002
qwen3-8b,cpt_ep1,base,vs_base,test_trained_exact,keyfact_recall,paired_bootstrap,-0.19556666666666667,-0.22417083333333332,-0.16796500000000006,0.0004997501249375312,-0.5964285436126265,500,0.031984007996002
qwen3-8b,cpt_ep1,base,vs_base,test_trained_exact,contradiction_rate,paired_bootstrap,-0.021200000000000004,-0.04080083333333333,-0.003698333333333341,0.026986506746626688,-0.09909489180867806,500,1.0
qwen3-8b,cpt_ep1,base,vs_base,test_trained_exact,token_f1,paired_bootstrap,0.14180391376370036,0.13018848687516102,0.15443360960189276,0.0004997501249375312,0.9891434416218008,500,0.031984007996002
qwen3-8b,cpt_ep1,base,vs_base,test_trained_exact,rouge_l,paired_bootstrap,0.13833676120247337,0.12629257440155905,0.15083464076732236,0.0004997501249375312,0.9945687100129902,500,0.031984007996002
qwen3-8b,cpt_ep1,base,vs_base,test_trained_exact,exact_repro,paired_bootstrap,0.022,0.01,0.036,0.0014992503748125937,0.1498328994263651,500,0.07796101949025487
qwen3-8b,cpt_ep1,base,vs_base,test_trained_exact,answer_words,paired_bootstrap,-91.53,-96.85735,-86.4756,0.0004997501249375312,-1.6111140510090038,500,0.031984007996002
qwen3-8b,cpt_ep1,base,vs_base,test_trained_exact,judge_strict,mcnemar,-0.18637274549098193,,,1.724948754551347e-13,-0.28181818181818186,499,6.554805267295118e-12
qwen3-8b,cpt_ep1,base,vs_base,test_seen_facts,judge_lenient,paired_bootstrap,-0.07347670250896057,-0.11648745519713262,-0.02867383512544803,0.0009995002498750624,-0.19556310745626607,279,0.031984007996002
qwen3-8b,cpt_ep1,base,vs_base,test_seen_facts,judge_strict,paired_bootstrap,-0.12544802867383512,-0.1863799283154122,-0.06093189964157706,0.0004997501249375312,-0.23012919486506703,279,0.031984007996002
qwen3-8b,cpt_ep1,base,vs_base,test_seen_facts,keyfact_recall,paired_bootstrap,-0.18918757467144562,-0.23142771804062126,-0.14724014336917568,0.0004997501249375312,-0.5297656406771996,279,0.031984007996002
qwen3-8b,cpt_ep1,base,vs_base,test_seen_facts,contradiction_rate,paired_bootstrap,-0.025746714456391876,-0.05137694145758661,-0.002090800477897251,0.04397801099450275,-0.12338032863846504,279,1.0
qwen3-8b,cpt_ep1,base,vs_base,test_seen_facts,token_f1,paired_bootstrap,0.09823659375632855,0.0843209547195024,0.11208992069458486,0.0004997501249375312,0.8211040301112414,279,0.031984007996002
qwen3-8b,cpt_ep1,base,vs_base,test_seen_facts,rouge_l,paired_bootstrap,0.08964153027997909,0.07792166089281007,0.10157203754330565,0.0004997501249375312,0.8941811048506293,279,0.031984007996002
qwen3-8b,cpt_ep1,base,vs_base,test_seen_facts,exact_repro,paired_bootstrap,0.0035842293906810036,0.0,0.010752688172043012,0.623688155922039,0.059868434008924984,279,1.0
qwen3-8b,cpt_ep1,base,vs_base,test_seen_facts,answer_words,paired_bootstrap,-107.30824372759857,-114.81370967741935,-99.81666666666666,0.0004997501249375312,-1.669355637046849,279,0.031984007996002
qwen3-8b,cpt_ep1,base,vs_base,test_seen_facts,judge_strict,mcnemar,-0.1254480286738351,,,0.0002236893560948182,-0.2011494252873563,279,0.0020132042048533636
qwen3-8b,cpt_ep1,base,vs_base,test_indomain,judge_lenient,paired_bootstrap,-0.112,-0.142,-0.082,0.0004997501249375312,-0.32509086167724327,500,0.031984007996002
qwen3-8b,cpt_ep1,base,vs_base,test_indomain,judge_strict,paired_bootstrap,-0.204,-0.252,-0.156,0.0004997501249375312,-0.37561102999022533,500,0.031984007996002
qwen3-8b,cpt_ep1,base,vs_base,test_indomain,keyfact_recall,paired_bootstrap,-0.19186666666666669,-0.22267083333333335,-0.16109166666666672,0.0004997501249375312,-0.5621454229488461,500,0.031984007996002
qwen3-8b,cpt_ep1,base,vs_base,test_indomain,contradiction_rate,paired_bootstrap,-0.0213,-0.041,-0.003761666666666694,0.026986506746626688,-0.10141249570703398,500,1.0
qwen3-8b,cpt_ep1,base,vs_base,test_indomain,token_f1,paired_bootstrap,0.11276121927025269,0.10161344235275567,0.12356150063721116,0.0004997501249375312,0.8798369762890184,500,0.031984007996002
qwen3-8b,cpt_ep1,base,vs_base,test_indomain,rouge_l,paired_bootstrap,0.10738501966928507,0.09747933976447098,0.11707176776651161,0.0004997501249375312,0.9569757676819934,500,0.031984007996002
qwen3-8b,cpt_ep1,base,vs_base,test_indomain,exact_repro,paired_bootstrap,0.004,0.0,0.01,0.2848575712143928,0.06330902090945695,500,1.0
qwen3-8b,cpt_ep1,base,vs_base,test_indomain,answer_words,paired_bootstrap,-91.644,-96.7797,-86.15580000000001,0.0004997501249375312,-1.5183340373618812,500,0.031984007996002
qwen3-8b,cpt_ep1,base,vs_base,test_indomain,judge_strict,mcnemar,-0.20400000000000001,,,7.6035700132688065e-16,-0.3035714285714286,500,3.0414280053075224e-14
qwen3-8b,cpt_ep1,base,vs_base,test_heldout_docs,judge_lenient,paired_bootstrap,-0.143,-0.174,-0.113,0.0004997501249375312,-0.4140328349073899,500,0.031984007996002
qwen3-8b,cpt_ep1,base,vs_base,test_heldout_docs,judge_strict,paired_bootstrap,-0.24,-0.284,-0.1979500000000003,0.0004997501249375312,-0.4791366036779339,500,0.031984007996002
qwen3-8b,cpt_ep1,base,vs_base,test_heldout_docs,keyfact_recall,paired_bootstrap,-0.19526666666666664,-0.22246833333333335,-0.16806666666666667,0.0004997501249375312,-0.626943923559881,500,0.031984007996002
qwen3-8b,cpt_ep1,base,vs_base,test_heldout_docs,contradiction_rate,paired_bootstrap,-0.0009666666666666659,-0.020435,0.018302499999999985,0.9205397301349325,-0.004442971108415758,500,1.0
qwen3-8b,cpt_ep1,base,vs_base,test_heldout_docs,token_f1,paired_bootstrap,0.09547681442001218,0.08495941318055868,0.10647928391978889,0.0004997501249375312,0.811313043778029,500,0.031984007996002
qwen3-8b,cpt_ep1,base,vs_base,test_heldout_docs,rouge_l,paired_bootstrap,0.09910926911725086,0.08999231458915675,0.10865373514463132,0.0004997501249375312,0.934429265971542,500,0.031984007996002
qwen3-8b,cpt_ep1,base,vs_base,test_heldout_docs,exact_repro,paired_bootstrap,0.004,0.0,0.01,0.26936531734132935,0.06330902090945695,500,1.0
qwen3-8b,cpt_ep1,base,vs_base,test_heldout_docs,answer_words,paired_bootstrap,-88.864,-93.84455,-84.0373,0.0004997501249375312,-1.5576280675133185,500,0.031984007996002
qwen3-8b,cpt_ep1,base,vs_base,test_heldout_docs,judge_strict,mcnemar,-0.23999999999999996,,,1.728718686048066e-24,-0.38961038961038963,500,8.297849693030717e-23
qwen3-8b,ep1,base,vs_base,test_trained_exact,judge_lenient,paired_bootstrap,-0.064,-0.093,-0.032,0.0004997501249375312,-0.18090770795042213,500,0.031984007996002
qwen3-8b,ep1,base,vs_base,test_trained_exact,judge_strict,paired_bootstrap,-0.134,-0.18,-0.09,0.0004997501249375312,-0.24942538565746156,500,0.031984007996002
qwen3-8b,ep1,base,vs_base,test_trained_exact,keyfact_recall,paired_bootstrap,-0.1595,-0.19067166666666668,-0.1272325,0.0004997501249375312,-0.42494509998757934,500,0.031984007996002
qwen3-8b,ep1,base,vs_base,test_trained_exact,contradiction_rate,paired_bootstrap,-0.023266666666666665,-0.042699999999999995,-0.005131666666666675,0.014492753623188406,-0.10757959391936384,500,0.7971014492753623
qwen3-8b,ep1,base,vs_base,test_trained_exact,token_f1,paired_bootstrap,0.17941683307572334,0.16524231944610993,0.19424575890610177,0.0004997501249375312,1.0644397674898156,500,0.031984007996002
qwen3-8b,ep1,base,vs_base,test_trained_exact,rouge_l,paired_bootstrap,0.18255128955934619,0.16780185113562976,0.19809794893200397,0.0004997501249375312,1.0495282939013104,500,0.031984007996002
qwen3-8b,ep1,base,vs_base,test_trained_exact,exact_repro,paired_bootstrap,0.054,0.036,0.074,0.0004997501249375312,0.238680304018633,500,0.031984007996002
qwen3-8b,ep1,base,vs_base,test_trained_exact,answer_words,paired_bootstrap,-91.388,-96.58624999999999,-86.27584999999999,0.0004997501249375312,-1.6070655824202846,500,0.031984007996002
qwen3-8b,ep1,base,vs_base,test_trained_exact,judge_strict,mcnemar,-0.13399999999999995,,,5.908093219102353e-08,-0.21895424836601307,500,1.5361042369666117e-06
qwen3-8b,ep1,base,vs_base,test_seen_facts,judge_lenient,paired_bootstrap,-0.07526881720430108,-0.11474014336917562,-0.034050179211469536,0.0004997501249375312,-0.21391248190677653,279,0.031984007996002
qwen3-8b,ep1,base,vs_base,test_seen_facts,judge_strict,paired_bootstrap,-0.15770609318996415,-0.21872759856630825,-0.0967741935483871,0.0004997501249375312,-0.2995392533114849,279,0.031984007996002
qwen3-8b,ep1,base,vs_base,test_seen_facts,keyfact_recall,paired_bootstrap,-0.18452807646356034,-0.22281959378733568,-0.14444295101553167,0.0004997501249375312,-0.5374866459994089,279,0.031984007996002
qwen3-8b,ep1,base,vs_base,test_seen_facts,contradiction_rate,paired_bootstrap,-0.022162485065710873,-0.05316606929510155,0.008186977299880509,0.15892053973013492,-0.0887381810335984,279,1.0
qwen3-8b,ep1,base,vs_base,test_seen_facts,token_f1,paired_bootstrap,0.12277261042864726,0.10815442216687975,0.13775837748243258,0.0004997501249375312,0.9489544203854507,279,0.031984007996002
qwen3-8b,ep1,base,vs_base,test_seen_facts,rouge_l,paired_bootstrap,0.11376347634811443,0.10027751884506875,0.12807687230096523,0.0004997501249375312,0.9300637501227821,279,0.031984007996002
qwen3-8b,ep1,base,vs_base,test_seen_facts,exact_repro,paired_bootstrap,0.010752688172043012,0.0,0.025089605734767026,0.13093453273363317,0.10407019843487954,279,1.0
qwen3-8b,ep1,base,vs_base,test_seen_facts,answer_words,paired_bootstrap,-107.21146953405018,-114.6097670250896,-99.64112903225806,0.0004997501249375312,-1.680822590342862,279,0.031984007996002
qwen3-8b,ep1,base,vs_base,test_seen_facts,judge_strict,mcnemar,-0.15770609318996415,,,1.5849255649693016e-06,-0.2619047619047619,279,3.4868362429324635e-05
qwen3-8b,ep1,base,vs_base,test_indomain,judge_lenient,paired_bootstrap,-0.134,-0.164,-0.104,0.0004997501249375312,-0.38798623095773455,500,0.031984007996002
qwen3-8b,ep1,base,vs_base,test_indomain,judge_strict,paired_bootstrap,-0.23,-0.276,-0.184,0.0004997501249375312,-0.4396754903331628,500,0.031984007996002
qwen3-8b,ep1,base,vs_base,test_indomain,keyfact_recall,paired_bootstrap,-0.2041666666666667,-0.23123666666666667,-0.17649666666666666,0.0004997501249375312,-0.6605031522307125,500,0.031984007996002
qwen3-8b,ep1,base,vs_base,test_indomain,contradiction_rate,paired_bootstrap,-0.025999999999999995,-0.047302500000000004,-0.004594166666666696,0.01699150424787606,-0.11030246872185763,500,0.9005497251374313
qwen3-8b,ep1,base,vs_base,test_indomain,token_f1,paired_bootstrap,0.09812997763065763,0.08719542320558687,0.10858271252772994,0.0004997501249375312,0.7674622435946801,500,0.031984007996002
qwen3-8b,ep1,base,vs_base,test_indomain,rouge_l,paired_bootstrap,0.09432791023449988,0.08423820300628364,0.1039847512962701,0.0004997501249375312,0.8323119067593073,500,0.031984007996002
qwen3-8b,ep1,base,vs_base,test_indomain,exact_repro,paired_bootstrap,0.002,0.0,0.006,0.6196901549225388,0.044721359549995794,500,1.0
qwen3-8b,ep1,base,vs_base,test_indomain,answer_words,paired_bootstrap,-91.226,-96.33064999999999,-85.9699,0.0004997501249375312,-1.5339167298308312,500,0.031984007996002
qwen3-8b,ep1,base,vs_base,test_indomain,judge_strict,mcnemar,-0.22999999999999998,,,6.921990662020086e-21,-0.352760736196319,500,2.907236078048436e-19
qwen3-8b,ep1,base,vs_base,test_heldout_docs,judge_lenient,paired_bootstrap,-0.136,-0.166,-0.107,0.0004997501249375312,-0.4015076735670286,500,0.031984007996002
qwen3-8b,ep1,base,vs_base,test_heldout_docs,judge_strict,paired_bootstrap,-0.234,-0.28,-0.192,0.0004997501249375312,-0.4591205914085865,500,0.031984007996002
qwen3-8b,ep1,base,vs_base,test_heldout_docs,keyfact_recall,paired_bootstrap,-0.17236666666666667,-0.20157,-0.145,0.0004997501249375312,-0.5156160991921713,500,0.031984007996002
qwen3-8b,ep1,base,vs_base,test_heldout_docs,contradiction_rate,paired_bootstrap,0.013033333333333334,-0.004334166666666668,0.03096666666666667,0.136431784107946,0.0646667699251752,500,1.0
qwen3-8b,ep1,base,vs_base,test_heldout_docs,token_f1,paired_bootstrap,0.08097248806730259,0.07130253334649862,0.0908141603716691,0.0004997501249375312,0.7241023060817025,500,0.031984007996002
qwen3-8b,ep1,base,vs_base,test_heldout_docs,rouge_l,paired_bootstrap,0.08073260724648698,0.07190267948300325,0.08966138789232128,0.0004997501249375312,0.8007421749183453,500,0.031984007996002
qwen3-8b,ep1,base,vs_base,test_heldout_docs,exact_repro,paired_bootstrap,0.004,0.0,0.01,0.26936531734132935,0.06330902090945695,500,1.0
qwen3-8b,ep1,base,vs_base,test_heldout_docs,answer_words,paired_bootstrap,-88.534,-93.4824,-83.63795,0.0004997501249375312,-1.552316135884708,500,0.031984007996002
qwen3-8b,ep1,base,vs_base,test_heldout_docs,judge_strict,mcnemar,-0.23399999999999999,,,1.2294064166935403e-22,-0.3726114649681529,500,5.6552695167902856e-21
qwen3-8b,ep2,base,vs_base,test_trained_exact,judge_lenient,paired_bootstrap,0.01,-0.025,0.045,0.6086956521739131,0.023819484096564567,500,1.0
qwen3-8b,ep2,base,vs_base,test_trained_exact,judge_strict,paired_bootstrap,-0.02,-0.07204999999999999,0.032,0.5087456271864068,-0.031766335972413226,500,1.0
qwen3-8b,ep2,base,vs_base,test_trained_exact,keyfact_recall,paired_bootstrap,-0.047133333333333326,-0.08286666666666667,-0.01233000000000002,0.009995002498750625,-0.11630191538035968,500,0.0399800099950025
qwen3-8b,ep2,base,vs_base,test_trained_exact,contradiction_rate,paired_bootstrap,-0.04496666666666667,-0.06540333333333333,-0.02626500000000001,0.0004997501249375312,-0.20316893441947087,500,0.031984007996002
qwen3-8b,ep2,base,vs_base,test_trained_exact,token_f1,paired_bootstrap,0.2708354979387856,0.2504032755000464,0.29191985713560303,0.0004997501249375312,1.1383544894416215,500,0.031984007996002
qwen3-8b,ep2,base,vs_base,test_trained_exact,rouge_l,paired_bootstrap,0.2885535992217216,0.2653922202177722,0.31123267863902476,0.0004997501249375312,1.0967152715326096,500,0.031984007996002
qwen3-8b,ep2,base,vs_base,test_trained_exact,exact_repro,paired_bootstrap,0.184,0.15,0.218,0.0004997501249375312,0.4743829841871169,500,0.031984007996002
qwen3-8b,ep2,base,vs_base,test_trained_exact,answer_words,paired_bootstrap,-85.176,-90.2154,-80.08794999999999,0.0004997501249375312,-1.526546845596856,500,0.031984007996002
qwen3-8b,ep2,base,vs_base,test_trained_exact,judge_strict,mcnemar,-0.019999999999999962,,,0.5225360220908681,-0.02525252525252525,500,1.0
qwen3-8b,ep2,base,vs_base,test_seen_facts,judge_lenient,paired_bootstrap,-0.05913978494623656,-0.1003584229390681,-0.016129032258064516,0.005497251374312844,-0.16150947703914784,279,0.06596701649175413
qwen3-8b,ep2,base,vs_base,test_seen_facts,judge_strict,paired_bootstrap,-0.16129032258064516,-0.22580645161290322,-0.09668458781362056,0.0004997501249375312,-0.2938726784691861,279,0.031984007996002
qwen3-8b,ep2,base,vs_base,test_seen_facts,keyfact_recall,paired_bootstrap,-0.0965352449223417,-0.1369787933094385,-0.056508363201911604,0.0004997501249375312,-0.2808780831312911,279,0.031984007996002
qwen3-8b,ep2,base,vs_base,test_seen_facts,contradiction_rate,paired_bootstrap,-0.025268817204301075,-0.05257019115890083,0.0010767622461170772,0.06696651674162919,-0.11334850891064259,279,1.0
qwen3-8b,ep2,base,vs_base,test_seen_facts,token_f1,paired_bootstrap,0.15339039450761646,0.13536492998936533,0.17117164937882076,0.0004997501249375312,1.0081814168920158,279,0.031984007996002
qwen3-8b,ep2,base,vs_base,test_seen_facts,rouge_l,paired_bootstrap,0.1418174772687695,0.12442139727459167,0.16037698223386704,0.0004997501249375312,0.9002710511445295,279,0.031984007996002
qwen3-8b,ep2,base,vs_base,test_seen_facts,exact_repro,paired_bootstrap,0.025089605734767026,0.007168458781362007,0.04659498207885305,0.012993503248375811,0.1601344838568282,279,0.6366816591704147
qwen3-8b,ep2,base,vs_base,test_seen_facts,answer_words,paired_bootstrap,-99.49462365591398,-107.01236559139785,-92.20412186379929,0.0004997501249375312,-1.5668596735559646,279,0.031984007996002
qwen3-8b,ep2,base,vs_base,test_seen_facts,judge_strict,mcnemar,-0.16129032258064513,,,2.5221536534654515e-06,-0.24725274725274726,279,5.044307306930903e-05
qwen3-8b,ep2,base,vs_base,test_indomain,judge_lenient,paired_bootstrap,-0.161,-0.192,-0.13,0.0004997501249375312,-0.4520748183934966,500,0.031984007996002
qwen3-8b,ep2,base,vs_base,test_indomain,judge_strict,paired_bootstrap,-0.268,-0.314,-0.22,0.0004997501249375312,-0.5022342962486334,500,0.031984007996002
qwen3-8b,ep2,base,vs_base,test_indomain,keyfact_recall,paired_bootstrap,-0.18356666666666668,-0.21423999999999999,-0.15233333333333335,0.0004997501249375312,-0.5408886345538149,500,0.031984007996002
qwen3-8b,ep2,base,vs_base,test_indomain,contradiction_rate,paired_bootstrap,-0.010766666666666666,-0.031335833333333334,0.008869166666666654,0.28835582208895555,-0.04723530336483851,500,1.0
qwen3-8b,ep2,base,vs_base,test_indomain,token_f1,paired_bootstrap,0.07784608138261138,0.06814445872690233,0.08832614725181438,0.0004997501249375312,0.6655726214445267,500,0.031984007996002
qwen3-8b,ep2,base,vs_base,test_indomain,rouge_l,paired_bootstrap,0.07259970038502914,0.06390846990419598,0.08150581516142455,0.0004997501249375312,0.7247687447194876,500,0.031984007996002
qwen3-8b,ep2,base,vs_base,test_indomain,exact_repro,paired_bootstrap,0.0,0.0,0.0,1.0,0.0,500,1.0
qwen3-8b,ep2,base,vs_base,test_indomain,answer_words,paired_bootstrap,-84.436,-89.50165,-79.05175000000001,0.0004997501249375312,-1.4272072575152575,500,0.031984007996002
qwen3-8b,ep2,base,vs_base,test_indomain,judge_strict,mcnemar,-0.268,,,4.5016560533262966e-26,-0.3764044943820225,500,2.2958445871964114e-24
qwen3-8b,ep2,base,vs_base,test_heldout_docs,judge_lenient,paired_bootstrap,-0.165,-0.196,-0.135,0.0004997501249375312,-0.4694741769673606,500,0.031984007996002
qwen3-8b,ep2,base,vs_base,test_heldout_docs,judge_strict,paired_bootstrap,-0.256,-0.3,-0.212,0.0004997501249375312,-0.49543417909912396,500,0.031984007996002
qwen3-8b,ep2,base,vs_base,test_heldout_docs,keyfact_recall,paired_bootstrap,-0.19446666666666668,-0.22341,-0.1651916666666667,0.0004997501249375312,-0.5877731996057429,500,0.031984007996002
qwen3-8b,ep2,base,vs_base,test_heldout_docs,contradiction_rate,paired_bootstrap,-0.0033999999999999985,-0.022774166666666668,0.015769166666666654,0.7191404297851074,-0.015419697550267607,500,1.0
qwen3-8b,ep2,base,vs_base,test_heldout_docs,token_f1,paired_bootstrap,0.05972529379776775,0.05034850123002473,0.06951610723562829,0.0004997501249375312,0.5388154576174069,500,0.031984007996002
qwen3-8b,ep2,base,vs_base,test_heldout_docs,rouge_l,paired_bootstrap,0.05748904534268359,0.049927629179773746,0.06586795310241324,0.0004997501249375312,0.6251065746627766,500,0.031984007996002
qwen3-8b,ep2,base,vs_base,test_heldout_docs,exact_repro,paired_bootstrap,0.002,0.0,0.006,0.6206896551724138,0.044721359549995794,500,1.0
qwen3-8b,ep2,base,vs_base,test_heldout_docs,answer_words,paired_bootstrap,-80.984,-85.7808,-76.17980000000001,0.0004997501249375312,-1.4422743623666614,500,0.031984007996002
qwen3-8b,ep2,base,vs_base,test_heldout_docs,judge_strict,mcnemar,-0.256,,,1.0499069308703426e-25,-0.3855421686746988,500,5.249534654351713e-24
qwen3-8b,ep3,base,vs_base,test_trained_exact,judge_lenient,paired_bootstrap,0.013,-0.024,0.05,0.4992503748125937,0.030753546120707628,500,1.0
qwen3-8b,ep3,base,vs_base,test_trained_exact,judge_strict,paired_bootstrap,-0.014,-0.066,0.04,0.6316841579210395,-0.022287083735454686,500,1.0
qwen3-8b,ep3,base,vs_base,test_trained_exact,keyfact_recall,paired_bootstrap,-0.029533333333333335,-0.06613499999999999,0.00570083333333333,0.10944527736131934,-0.07122926497701934,500,0.328335832083958
qwen3-8b,ep3,base,vs_base,test_trained_exact,contradiction_rate,paired_bootstrap,-0.037399999999999996,-0.05893416666666666,-0.018131666666666674,0.001999000499750125,-0.16313426607344625,500,0.11594202898550725
qwen3-8b,ep3,base,vs_base,test_trained_exact,token_f1,paired_bootstrap,0.2955880686091481,0.27386589794050786,0.3175702057036502,0.0004997501249375312,1.1813463754509514,500,0.031984007996002
qwen3-8b,ep3,base,vs_base,test_trained_exact,rouge_l,paired_bootstrap,0.31663108529597106,0.29327418362949853,0.34027816727472154,0.0004997501249375312,1.1518332882318234,500,0.031984007996002
qwen3-8b,ep3,base,vs_base,test_trained_exact,exact_repro,paired_bootstrap,0.214,0.178,0.248,0.0004997501249375312,0.521267783179788,500,0.031984007996002
qwen3-8b,ep3,base,vs_base,test_trained_exact,answer_words,paired_bootstrap,-85.808,-90.90050000000001,-80.6219,0.0004997501249375312,-1.5245988334310887,500,0.031984007996002
qwen3-8b,ep3,base,vs_base,test_trained_exact,judge_strict,mcnemar,-0.013999999999999957,,,0.6691366685528435,-0.017766497461928932,500,1.0
qwen3-8b,ep3,base,vs_base,test_seen_facts,judge_lenient,paired_bootstrap,-0.06451612903225806,-0.10931899641577061,-0.017921146953405017,0.008995502248875561,-0.1683273529241314,279,0.09895052473763118
qwen3-8b,ep3,base,vs_base,test_seen_facts,judge_strict,paired_bootstrap,-0.15412186379928317,-0.2222222222222222,-0.07885304659498207,0.0004997501249375312,-0.25908914772725783,279,0.031984007996002
qwen3-8b,ep3,base,vs_base,test_seen_facts,keyfact_recall,paired_bootstrap,-0.11571087216248506,-0.1563351254480287,-0.07513888888888895,0.0004997501249375312,-0.3200556849578823,279,0.031984007996002
qwen3-8b,ep3,base,vs_base,test_seen_facts,contradiction_rate,paired_bootstrap,-0.03004778972520908,-0.05747461170848267,-0.0029256272401433758,0.030484757621189407,-0.13124906581100912,279,1.0
qwen3-8b,ep3,base,vs_base,test_seen_facts,token_f1,paired_bootstrap,0.14408566736598724,0.12645253887197316,0.16195104248428518,0.0004997501249375312,0.9470830518887056,279,0.031984007996002
qwen3-8b,ep3,base,vs_base,test_seen_facts,rouge_l,paired_bootstrap,0.13791056103708083,0.12017929656406272,0.15703539886529905,0.0004997501249375312,0.8700573190110171,279,0.031984007996002
qwen3-8b,ep3,base,vs_base,test_seen_facts,exact_repro,paired_bootstrap,0.025089605734767026,0.007168458781362007,0.043010752688172046,0.012993503248375811,0.1601344838568282,279,0.6366816591704147
qwen3-8b,ep3,base,vs_base,test_seen_facts,answer_words,paired_bootstrap,-98.87813620071685,-106.30654121863799,-91.43521505376344,0.0004997501249375312,-1.5430695450396792,279,0.031984007996002
qwen3-8b,ep3,base,vs_base,test_seen_facts,judge_strict,mcnemar,-0.1541218637992831,,,3.27553526874422e-05,-0.20476190476190476,279,0.0004258195849367486
qwen3-8b,ep3,base,vs_base,test_indomain,judge_lenient,paired_bootstrap,-0.13326653306613226,-0.1653306613226453,-0.10320641282565131,0.0004997501249375312,-0.37957257209440964,499,0.031984007996002
qwen3-8b,ep3,base,vs_base,test_indomain,judge_strict,paired_bootstrap,-0.24448897795591182,-0.29458917835671344,-0.19839679358717435,0.0004997501249375312,-0.4482191212482633,499,0.031984007996002
qwen3-8b,ep3,base,vs_base,test_indomain,keyfact_recall,paired_bootstrap,-0.1795,-0.20770583333333337,-0.14939916666666667,0.0004997501249375312,-0.5414258683405984,500,0.031984007996002
qwen3-8b,ep3,base,vs_base,test_indomain,contradiction_rate,paired_bootstrap,-0.016933333333333335,-0.03896666666666667,0.003271666666666638,0.12643678160919541,-0.07170642646845822,500,1.0
qwen3-8b,ep3,base,vs_base,test_indomain,token_f1,paired_bootstrap,0.07789107459602854,0.06756908793835968,0.08783405683849194,0.0004997501249375312,0.6543898467514688,500,0.031984007996002
qwen3-8b,ep3,base,vs_base,test_indomain,rouge_l,paired_bootstrap,0.07153246234275397,0.06283025428461902,0.08039406789592551,0.0004997501249375312,0.7059843055334519,500,0.031984007996002
qwen3-8b,ep3,base,vs_base,test_indomain,exact_repro,paired_bootstrap,0.0,0.0,0.0,1.0,0.0,500,1.0
qwen3-8b,ep3,base,vs_base,test_indomain,answer_words,paired_bootstrap,-84.114,-89.31535,-78.86195,0.0004997501249375312,-1.424303996756458,500,0.031984007996002
qwen3-8b,ep3,base,vs_base,test_indomain,judge_strict,mcnemar,-0.24448897795591182,,,2.2890355796571063e-21,-0.34269662921348315,499,1.0071756550491268e-19
qwen3-8b,ep3,base,vs_base,test_heldout_docs,judge_lenient,paired_bootstrap,-0.16733466933867736,-0.19739478957915832,-0.13627254509018036,0.0004997501249375312,-0.48298264660419127,499,0.031984007996002
qwen3-8b,ep3,base,vs_base,test_heldout_docs,judge_strict,paired_bootstrap,-0.2605210420841683,-0.3046092184368738,-0.21643286573146292,0.0004997501249375312,-0.5176597301270889,499,0.031984007996002
qwen3-8b,ep3,base,vs_base,test_heldout_docs,keyfact_recall,paired_bootstrap,-0.1809,-0.20920083333333336,-0.15379916666666665,0.0004997501249375312,-0.5664947842372571,500,0.031984007996002
qwen3-8b,ep3,base,vs_base,test_heldout_docs,contradiction_rate,paired_bootstrap,0.002600000000000001,-0.016701666666666667,0.021073333333333298,0.7791104447776112,0.012036678467494002,500,1.0
qwen3-8b,ep3,base,vs_base,test_heldout_docs,token_f1,paired_bootstrap,0.055544107389300046,0.04630438959475364,0.0650227162311997,0.0004997501249375312,0.5063748318284885,500,0.031984007996002
qwen3-8b,ep3,base,vs_base,test_heldout_docs,rouge_l,paired_bootstrap,0.052120182923324765,0.044008719569555044,0.06037272403181912,0.0004997501249375312,0.5613865097080079,500,0.031984007996002
qwen3-8b,ep3,base,vs_base,test_heldout_docs,exact_repro,paired_bootstrap,0.002,0.0,0.006,0.6206896551724138,0.044721359549995794,500,1.0
qwen3-8b,ep3,base,vs_base,test_heldout_docs,answer_words,paired_bootstrap,-81.79,-86.7341,-77.02565,0.0004997501249375312,-1.441170589651632,500,0.031984007996002
qwen3-8b,ep3,base,vs_base,test_heldout_docs,judge_strict,mcnemar,-0.2605210420841684,,,6.8261748636946295e-28,-0.40625,499,3.549610929121207e-26
qwen3-8b,cpt_ep1,ep1,vs_qa_only,test_trained_exact,judge_lenient,paired_bootstrap,-0.023046092184368736,-0.052104208416833664,0.0070140280561122245,0.13693153423288357,-0.06812896704989392,499,0.8535732133933034
qwen3-8b,cpt_ep1,ep1,vs_qa_only,test_trained_exact,judge_strict,paired_bootstrap,-0.052104208416833664,-0.09423847695390782,-0.006012024048096192,0.025487256371814093,-0.1009581900347034,499,0.3058470764617691
qwen3-8b,cpt_ep1,ep1,vs_qa_only,test_trained_exact,keyfact_recall,paired_bootstrap,-0.03606666666666667,-0.06263500000000001,-0.011730833333333348,0.008995502248875561,-0.11926394350549636,500,0.12593703148425786
qwen3-8b,cpt_ep1,ep1,vs_qa_only,test_trained_exact,contradiction_rate,paired_bootstrap,0.0020666666666666654,-0.01494,0.01857083333333331,0.8025987006496752,0.010900053097539093,500,1.0
qwen3-8b,cpt_ep1,ep1,vs_qa_only,test_trained_exact,token_f1,paired_bootstrap,-0.03761291931202294,-0.05005959349472673,-0.026352649141550128,0.0004997501249375312,-0.27344596610449967,500,0.0079960019990005
qwen3-8b,cpt_ep1,ep1,vs_qa_only,test_trained_exact,rouge_l,paired_bootstrap,-0.044214528356872805,-0.05711885251432499,-0.03192840626541275,0.0004997501249375312,-0.30342519406803775,500,0.0079960019990005
qwen3-8b,cpt_ep1,ep1,vs_qa_only,test_trained_exact,exact_repro,paired_bootstrap,-0.032,-0.05,-0.014,0.0014992503748125937,-0.15420634849160852,500,0.020989505247376312
qwen3-8b,cpt_ep1,ep1,vs_qa_only,test_trained_exact,answer_words,paired_bootstrap,-0.142,-1.1340999999999999,0.8482499999999986,0.783608195902049,-0.012512328071136256,500,1.0
qwen3-8b,cpt_ep1,ep1,vs_qa_only,test_trained_exact,judge_strict,mcnemar,-0.052104208416833664,,,0.030414804699519817,-0.09701492537313433,499,0.3649776563942378
qwen3-8b,cpt_ep1,ep1,vs_qa_only,test_seen_facts,judge_lenient,paired_bootstrap,0.0017921146953405018,-0.034050179211469536,0.037679211469533805,0.9635182408795602,0.005777415202086714,279,1.0
qwen3-8b,cpt_ep1,ep1,vs_qa_only,test_seen_facts,judge_strict,paired_bootstrap,0.03225806451612903,-0.021505376344086023,0.08602150537634409,0.27886056971514245,0.070194948064532,279,1.0
qwen3-8b,cpt_ep1,ep1,vs_qa_only,test_seen_facts,keyfact_recall,paired_bootstrap,-0.004659498207885301,-0.03960722819593788,0.030648148148148133,0.7916041979010495,-0.0161463782824458,279,1.0
qwen3-8b,cpt_ep1,ep1,vs_qa_only,test_seen_facts,contradiction_rate,paired_bootstrap,-0.0035842293906810023,-0.026284348864994027,0.01756571087216247,0.7511244377811095,-0.019628368594961573,279,1.0
qwen3-8b,cpt_ep1,ep1,vs_qa_only,test_seen_facts,token_f1,paired_bootstrap,-0.02453601667231871,-0.037569940811862636,-0.012004558316463255,0.0004997501249375312,-0.22115804999418706,279,0.0079960019990005
qwen3-8b,cpt_ep1,ep1,vs_qa_only,test_seen_facts,rouge_l,paired_bootstrap,-0.024121946068135322,-0.03678040141329365,-0.01120743134796419,0.0004997501249375312,-0.2203799245664498,279,0.0079960019990005
qwen3-8b,cpt_ep1,ep1,vs_qa_only,test_seen_facts,exact_repro,paired_bootstrap,-0.007168458781362007,-0.021505376344086023,0.007168458781362007,0.4307846076961519,-0.05986843400892495,279,1.0
qwen3-8b,cpt_ep1,ep1,vs_qa_only,test_seen_facts,answer_words,paired_bootstrap,-0.0967741935483871,-1.3767921146953406,1.2367383512544794,0.8875562218890555,-0.008688010420522453,279,1.0
qwen3-8b,cpt_ep1,ep1,vs_qa_only,test_seen_facts,judge_strict,mcnemar,0.03225806451612906,,,0.2975952082844287,0.07627118644067798,279,1.0
qwen3-8b,cpt_ep1,ep1,vs_qa_only,test_indomain,judge_lenient,paired_bootstrap,0.022,-0.005,0.049,0.12193903048475763,0.07186956071098725,500,0.8535732133933034
qwen3-8b,cpt_ep1,ep1,vs_qa_only,test_indomain,judge_strict,paired_bootstrap,0.026,-0.018,0.07,0.24387806096951525,0.053317255839661,500,1.0
qwen3-8b,cpt_ep1,ep1,vs_qa_only,test_indomain,keyfact_recall,paired_bootstrap,0.012299999999999997,-0.011834166666666668,0.03476999999999998,0.312343828085957,0.04413068404155493,500,1.0
qwen3-8b,cpt_ep1,ep1,vs_qa_only,test_indomain,contradiction_rate,paired_bootstrap,0.004699999999999999,-0.012468333333333335,0.021101666666666654,0.5717141429285357,0.02472022815755622,500,1.0
qwen3-8b,cpt_ep1,ep1,vs_qa_only,test_indomain,token_f1,paired_bootstrap,0.014631241639595057,0.006011819927006209,0.022697832682959048,0.0009995002498750624,0.15498111165342532,500,0.0079960019990005
qwen3-8b,cpt_ep1,ep1,vs_qa_only,test_indomain,rouge_l,paired_bootstrap,0.01305710943478519,0.0049497379885693575,0.02081960657958089,0.0024987506246876563,0.14053303975653794,500,0.009995002498750625
qwen3-8b,cpt_ep1,ep1,vs_qa_only,test_indomain,exact_repro,paired_bootstrap,0.002,0.0,0.008,0.6286856571714143,0.044721359549995794,500,1.0
qwen3-8b,cpt_ep1,ep1,vs_qa_only,test_indomain,answer_words,paired_bootstrap,-0.418,-1.49,0.6181999999999989,0.4447776111944028,-0.03639614681644144,500,1.0
qwen3-8b,cpt_ep1,ep1,vs_qa_only,test_indomain,judge_strict,mcnemar,0.025999999999999968,,,0.271248337759405,0.054621848739495826,500,1.0
qwen3-8b,cpt_ep1,ep1,vs_qa_only,test_heldout_docs,judge_lenient,paired_bootstrap,-0.007,-0.034025,0.021,0.6301849075462269,-0.022754119284552038,500,1.0
qwen3-8b,cpt_ep1,ep1,vs_qa_only,test_heldout_docs,judge_strict,paired_bootstrap,-0.006,-0.04404999999999999,0.034049999999999726,0.8065967016491754,-0.013471731261781868,500,1.0
qwen3-8b,cpt_ep1,ep1,vs_qa_only,test_heldout_docs,keyfact_recall,paired_bootstrap,-0.022900000000000004,-0.0453675,0.0017016666666666569,0.05247376311844078,-0.0847192853484817,500,0.5772113943028485
qwen3-8b,cpt_ep1,ep1,vs_qa_only,test_heldout_docs,contradiction_rate,paired_bootstrap,-0.014,-0.032068333333333324,0.0031024999999999863,0.11944027986006997,-0.069514505636758,500,1.0
qwen3-8b,cpt_ep1,ep1,vs_qa_only,test_heldout_docs,token_f1,paired_bootstrap,0.014504326352709597,0.006969992442288035,0.02251275010660046,0.0004997501249375312,0.16945152950173986,500,0.0079960019990005
qwen3-8b,cpt_ep1,ep1,vs_qa_only,test_heldout_docs,rouge_l,paired_bootstrap,0.018376661870763894,0.01097274853520731,0.025760022601026018,0.0004997501249375312,0.2238194317326109,500,0.0079960019990005
qwen3-8b,cpt_ep1,ep1,vs_qa_only,test_heldout_docs,exact_repro,paired_bootstrap,0.0,0.0,0.0,1.0,0.0,500,1.0
qwen3-8b,cpt_ep1,ep1,vs_qa_only,test_heldout_docs,answer_words,paired_bootstrap,-0.33,-1.3060500000000002,0.7241499999999992,0.5372313843078461,-0.028497740156128288,500,1.0
qwen3-8b,cpt_ep1,ep1,vs_qa_only,test_heldout_docs,judge_strict,mcnemar,-0.005999999999999978,,,0.8408215252256424,-0.015151515151515138,500,1.0
gemma-4-e4b-it,concise40,base,vs_base,test_trained_exact,judge_lenient,paired_bootstrap,-0.156,-0.186,-0.124,0.0004997501249375312,-0.45051381282656927,500,0.031984007996002
gemma-4-e4b-it,concise40,base,vs_base,test_trained_exact,judge_strict,paired_bootstrap,-0.302,-0.352,-0.2519500000000003,0.0004997501249375312,-0.5446874477192792,500,0.031984007996002
gemma-4-e4b-it,concise40,base,vs_base,test_trained_exact,keyfact_recall,paired_bootstrap,-0.2459666666666667,-0.27567,-0.21636583333333334,0.0004997501249375312,-0.7316408963234459,500,0.031984007996002
gemma-4-e4b-it,concise40,base,vs_base,test_trained_exact,contradiction_rate,paired_bootstrap,0.0086,-0.006833333333333334,0.024001666666666654,0.2868565717141429,0.04698624472200595,500,1.0
gemma-4-e4b-it,concise40,base,vs_base,test_trained_exact,token_f1,paired_bootstrap,0.11554325809546569,0.10616210292434974,0.12553676950205236,0.0004997501249375312,1.0347330179408558,500,0.031984007996002
gemma-4-e4b-it,concise40,base,vs_base,test_trained_exact,rouge_l,paired_bootstrap,0.09617815231022622,0.08837064570599086,0.10431455471263092,0.0004997501249375312,1.0356514623439554,500,0.031984007996002
gemma-4-e4b-it,concise40,base,vs_base,test_trained_exact,exact_repro,paired_bootstrap,0.002,0.0,0.006,0.6451774112943528,0.044721359549995794,500,1.0
gemma-4-e4b-it,concise40,base,vs_base,test_trained_exact,answer_words,paired_bootstrap,-201.478,-209.8526,-192.82960000000003,0.0004997501249375312,-2.097993718294519,500,0.031984007996002
gemma-4-e4b-it,concise40,base,vs_base,test_trained_exact,judge_strict,mcnemar,-0.30199999999999994,,,1.6272070820869612e-29,-0.37939698492462315,500,8.949638951478287e-28
gemma-4-e4b-it,concise40,base,vs_base,test_seen_facts,judge_lenient,paired_bootstrap,-0.07347670250896057,-0.11115591397849461,-0.03225806451612903,0.0004997501249375312,-0.21744182972441442,279,0.031984007996002
gemma-4-e4b-it,concise40,base,vs_base,test_seen_facts,judge_strict,paired_bootstrap,-0.1827956989247312,-0.24731182795698925,-0.11827956989247312,0.0004997501249375312,-0.32927228869157166,279,0.031984007996002
gemma-4-e4b-it,concise40,base,vs_base,test_seen_facts,keyfact_recall,paired_bootstrap,-0.22718040621266428,-0.2654151732377539,-0.18936379928315417,0.0004997501249375312,-0.69833166636668,279,0.031984007996002
gemma-4-e4b-it,concise40,base,vs_base,test_seen_facts,contradiction_rate,paired_bootstrap,0.014038231780167266,-0.008723118279569892,0.035609318996415736,0.20239880059970014,0.07587271995523237,279,1.0
gemma-4-e4b-it,concise40,base,vs_base,test_seen_facts,token_f1,paired_bootstrap,0.09739995810532129,0.08644990768582914,0.10881534067064788,0.0004997501249375312,1.0102551581652284,279,0.031984007996002
gemma-4-e4b-it,concise40,base,vs_base,test_seen_facts,rouge_l,paired_bootstrap,0.07836799577510324,0.06966762818092097,0.08777693173879367,0.0004997501249375312,1.0338944064401798,279,0.031984007996002
gemma-4-e4b-it,concise40,base,vs_base,test_seen_facts,exact_repro,paired_bootstrap,0.0,0.0,0.0,1.0,0.0,279,1.0
gemma-4-e4b-it,concise40,base,vs_base,test_seen_facts,answer_words,paired_bootstrap,-210.88172043010752,-223.0612007168459,-198.88835125448028,0.0004997501249375312,-2.003204443431979,279,0.031984007996002
gemma-4-e4b-it,concise40,base,vs_base,test_seen_facts,judge_strict,mcnemar,-0.1827956989247312,,,1.4629823583851448e-07,-0.26842105263157895,279,3.657455895962862e-06
gemma-4-e4b-it,concise40,base,vs_base,test_indomain,judge_lenient,paired_bootstrap,-0.13627254509018036,-0.16432865731462926,-0.10721442885771543,0.0004997501249375312,-0.42486031407656744,499,0.031984007996002
gemma-4-e4b-it,concise40,base,vs_base,test_indomain,judge_strict,paired_bootstrap,-0.2685370741482966,-0.31462925851703405,-0.22044088176352705,0.0004997501249375312,-0.5255577809375309,499,0.031984007996002
gemma-4-e4b-it,concise40,base,vs_base,test_indomain,keyfact_recall,paired_bootstrap,-0.20703333333333335,-0.23190083333333333,-0.18219916666666666,0.0004997501249375312,-0.7219506480018149,500,0.031984007996002
gemma-4-e4b-it,concise40,base,vs_base,test_indomain,contradiction_rate,paired_bootstrap,-0.0105,-0.02643333333333333,0.005467499999999995,0.2028985507246377,-0.05689352455538943,500,1.0
gemma-4-e4b-it,concise40,base,vs_base,test_indomain,token_f1,paired_bootstrap,0.10980697369021769,0.0999354797574491,0.11951642114211487,0.0004997501249375312,0.9782776643476667,500,0.031984007996002
gemma-4-e4b-it,concise40,base,vs_base,test_indomain,rouge_l,paired_bootstrap,0.09125189014407349,0.08327617345366915,0.09882838686732094,0.0004997501249375312,1.0516127250810559,500,0.031984007996002
gemma-4-e4b-it,concise40,base,vs_base,test_indomain,exact_repro,paired_bootstrap,0.0,0.0,0.0,1.0,0.0,500,1.0
gemma-4-e4b-it,concise40,base,vs_base,test_indomain,answer_words,paired_bootstrap,-201.32,-209.1342,-193.31945,0.0004997501249375312,-2.1689860824747167,500,0.031984007996002
gemma-4-e4b-it,concise40,base,vs_base,test_indomain,judge_strict,mcnemar,-0.26853707414829664,,,1.7996612706363048e-28,-0.4036144578313253,499,9.718170861436046e-27
gemma-4-e4b-it,concise40,base,vs_base,test_heldout_docs,judge_lenient,paired_bootstrap,-0.115,-0.143,-0.08797500000000014,0.0004997501249375312,-0.359234771590294,500,0.031984007996002
gemma-4-e4b-it,concise40,base,vs_base,test_heldout_docs,judge_strict,paired_bootstrap,-0.22,-0.264,-0.176,0.0004997501249375312,-0.44529652857165175,500,0.031984007996002
gemma-4-e4b-it,concise40,base,vs_base,test_heldout_docs,keyfact_recall,paired_bootstrap,-0.1979,-0.22336666666666669,-0.17112500000000005,0.0004997501249375312,-0.6627171005060901,500,0.031984007996002
gemma-4-e4b-it,concise40,base,vs_base,test_heldout_docs,contradiction_rate,paired_bootstrap,0.002466666666666667,-0.011467499999999999,0.016434166666666663,0.7296351824087957,0.014822734537814627,500,1.0
gemma-4-e4b-it,concise40,base,vs_base,test_heldout_docs,token_f1,paired_bootstrap,0.0981943641702118,0.08800695030631467,0.10853395228236302,0.0004997501249375312,0.8459581259780489,500,0.031984007996002
gemma-4-e4b-it,concise40,base,vs_base,test_heldout_docs,rouge_l,paired_bootstrap,0.0854364859037699,0.07625610541899754,0.09419041121939026,0.0004997501249375312,0.860710777979754,500,0.031984007996002
gemma-4-e4b-it,concise40,base,vs_base,test_heldout_docs,exact_repro,paired_bootstrap,0.0,0.0,0.0,1.0,0.0,500,1.0
gemma-4-e4b-it,concise40,base,vs_base,test_heldout_docs,answer_words,paired_bootstrap,-195.444,-203.8488,-187.58985,0.0004997501249375312,-2.117804884265149,500,0.031984007996002
gemma-4-e4b-it,concise40,base,vs_base,test_heldout_docs,judge_strict,mcnemar,-0.22000000000000003,,,1.2380952785722498e-21,-0.3767123287671233,500,5.571428753575124e-20
gemma-4-e4b-it,cpt_ep1,base,vs_base,test_trained_exact,judge_lenient,paired_bootstrap,-0.168,-0.199,-0.136,0.0004997501249375312,-0.4588655454544031,500,0.031984007996002
gemma-4-e4b-it,cpt_ep1,base,vs_base,test_trained_exact,judge_strict,paired_bootstrap,-0.302,-0.352,-0.252,0.0004997501249375312,-0.5310166534385465,500,0.031984007996002
gemma-4-e4b-it,cpt_ep1,base,vs_base,test_trained_exact,keyfact_recall,paired_bootstrap,-0.2297,-0.26186833333333337,-0.20073083333333336,0.0004997501249375312,-0.6745052293817931,500,0.031984007996002
gemma-4-e4b-it,cpt_ep1,base,vs_base,test_trained_exact,contradiction_rate,paired_bootstrap,0.003200000000000001,-0.016301666666666666,0.022233333333333334,0.7481259370314842,0.014587644107898657,500,1.0
gemma-4-e4b-it,cpt_ep1,base,vs_base,test_trained_exact,token_f1,paired_bootstrap,0.22056715615516975,0.20826703754434675,0.23302469149347066,0.0004997501249375312,1.5698644885288167,500,0.031984007996002
gemma-4-e4b-it,cpt_ep1,base,vs_base,test_trained_exact,rouge_l,paired_bootstrap,0.19378552640084756,0.18271076757579793,0.20575217873471616,0.0004997501249375312,1.4396124772716679,500,0.031984007996002
gemma-4-e4b-it,cpt_ep1,base,vs_base,test_trained_exact,exact_repro,paired_bootstrap,0.01,0.002,0.02,0.03248375812093953,0.10040322744218974,500,1.0
gemma-4-e4b-it,cpt_ep1,base,vs_base,test_trained_exact,answer_words,paired_bootstrap,-198.216,-206.10920000000002,-189.8484,0.0004997501249375312,-2.133698610443593,500,0.031984007996002
gemma-4-e4b-it,cpt_ep1,base,vs_base,test_trained_exact,judge_strict,mcnemar,-0.30199999999999994,,,3.9171566545657357e-28,-0.3647342995169082,500,2.07609302691984e-26
gemma-4-e4b-it,cpt_ep1,base,vs_base,test_seen_facts,judge_lenient,paired_bootstrap,-0.11469534050179211,-0.15770609318996415,-0.06810035842293907,0.0004997501249375312,-0.29746562670737026,279,0.031984007996002
gemma-4-e4b-it,cpt_ep1,base,vs_base,test_seen_facts,judge_strict,paired_bootstrap,-0.23297491039426524,-0.2974910394265233,-0.16487455197132617,0.0004997501249375312,-0.41442340912134373,279,0.031984007996002
gemma-4-e4b-it,cpt_ep1,base,vs_base,test_seen_facts,keyfact_recall,paired_bootstrap,-0.21314217443249703,-0.25436529271206687,-0.17508661887694152,0.0004997501249375312,-0.6128324689938125,279,0.031984007996002
gemma-4-e4b-it,cpt_ep1,base,vs_base,test_seen_facts,contradiction_rate,paired_bootstrap,0.036977299880525685,0.010089605734767025,0.06739545997610508,0.01649175412293853,0.14998614338234628,279,0.8905547226386807
gemma-4-e4b-it,cpt_ep1,base,vs_base,test_seen_facts,token_f1,paired_bootstrap,0.15400797520242007,0.141896502952044,0.16641625467581025,0.0004997501249375312,1.4540877426116958,279,0.031984007996002
gemma-4-e4b-it,cpt_ep1,base,vs_base,test_seen_facts,rouge_l,paired_bootstrap,0.12278838119413217,0.112796071480552,0.13334903207483775,0.0004997501249375312,1.382488065720104,279,0.031984007996002
gemma-4-e4b-it,cpt_ep1,base,vs_base,test_seen_facts,exact_repro,paired_bootstrap,0.0035842293906810036,0.0,0.010752688172043012,0.623688155922039,0.059868434008924984,279,1.0
gemma-4-e4b-it,cpt_ep1,base,vs_base,test_seen_facts,answer_words,paired_bootstrap,-204.51971326164875,-216.43037634408603,-192.9168458781362,0.0004997501249375312,-2.032036757551201,279,0.031984007996002
gemma-4-e4b-it,cpt_ep1,base,vs_base,test_seen_facts,judge_strict,mcnemar,-0.2329749103942652,,,6.207629780314812e-11,-0.31553398058252424,279,1.9864415297007397e-09
gemma-4-e4b-it,cpt_ep1,base,vs_base,test_indomain,judge_lenient,paired_bootstrap,-0.18336673346693386,-0.21445390781563126,-0.1523046092184369,0.0004997501249375312,-0.51161167437158,499,0.031984007996002
gemma-4-e4b-it,cpt_ep1,base,vs_base,test_indomain,judge_strict,paired_bootstrap,-0.3186372745490982,-0.3687875751503006,-0.2665330661322645,0.0004997501249375312,-0.5615582549027915,499,0.031984007996002
gemma-4-e4b-it,cpt_ep1,base,vs_base,test_indomain,keyfact_recall,paired_bootstrap,-0.20946666666666666,-0.23683500000000005,-0.18096583333333333,0.0004997501249375312,-0.6296208563959368,500,0.031984007996002
gemma-4-e4b-it,cpt_ep1,base,vs_base,test_indomain,contradiction_rate,paired_bootstrap,-0.0044666666666666665,-0.025235833333333332,0.017234999999999986,0.6931534232883558,-0.01805851752894128,500,1.0
gemma-4-e4b-it,cpt_ep1,base,vs_base,test_indomain,token_f1,paired_bootstrap,0.20021429550143396,0.18775513560761217,0.2123285984331214,0.0004997501249375312,1.4683358283043964,500,0.031984007996002
gemma-4-e4b-it,cpt_ep1,base,vs_base,test_indomain,rouge_l,paired_bootstrap,0.17199427878453993,0.1607463931942454,0.183071939226688,0.0004997501249375312,1.3747244961819256,500,0.031984007996002
gemma-4-e4b-it,cpt_ep1,base,vs_base,test_indomain,exact_repro,paired_bootstrap,0.008,0.002,0.016,0.07246376811594203,0.08971280341609104,500,1.0
gemma-4-e4b-it,cpt_ep1,base,vs_base,test_indomain,answer_words,paired_bootstrap,-196.728,-204.39855,-188.90795,0.0004997501249375312,-2.1831539235120117,500,0.031984007996002
gemma-4-e4b-it,cpt_ep1,base,vs_base,test_indomain,judge_strict,mcnemar,-0.31863727454909824,,,9.477349752473e-31,-0.3767772511848341,499,5.402089358909611e-29
gemma-4-e4b-it,cpt_ep1,base,vs_base,test_heldout_docs,judge_lenient,paired_bootstrap,-0.146,-0.177,-0.117,0.0004997501249375312,-0.426984856086419,500,0.031984007996002
gemma-4-e4b-it,cpt_ep1,base,vs_base,test_heldout_docs,judge_strict,paired_bootstrap,-0.264,-0.314,-0.218,0.0004997501249375312,-0.49289622238359,500,0.031984007996002
gemma-4-e4b-it,cpt_ep1,base,vs_base,test_heldout_docs,keyfact_recall,paired_bootstrap,-0.206,-0.23430083333333332,-0.17703249999999998,0.0004997501249375312,-0.623854700327668,500,0.031984007996002
gemma-4-e4b-it,cpt_ep1,base,vs_base,test_heldout_docs,contradiction_rate,paired_bootstrap,0.016399999999999998,-0.0018683333333333334,0.03513416666666667,0.08945527236381809,0.07659086841540005,500,1.0
gemma-4-e4b-it,cpt_ep1,base,vs_base,test_heldout_docs,token_f1,paired_bootstrap,0.1852106046423847,0.17348280872681668,0.19680512407720321,0.0004997501249375312,1.3789015345954447,500,0.031984007996002
gemma-4-e4b-it,cpt_ep1,base,vs_base,test_heldout_docs,rouge_l,paired_bootstrap,0.15984903724669317,0.14934205201956163,0.17074184223904335,0.0004997501249375312,1.314050163594338,500,0.031984007996002
gemma-4-e4b-it,cpt_ep1,base,vs_base,test_heldout_docs,exact_repro,paired_bootstrap,0.008,0.002,0.016,0.07246376811594203,0.08971280341609104,500,1.0
gemma-4-e4b-it,cpt_ep1,base,vs_base,test_heldout_docs,answer_words,paired_bootstrap,-191.476,-199.48755,-184.03580000000002,0.0004997501249375312,-2.1566569793687793,500,0.031984007996002
gemma-4-e4b-it,cpt_ep1,base,vs_base,test_heldout_docs,judge_strict,mcnemar,-0.264,,,3.0791283502002227e-25,-0.3707865168539326,500,1.5087728915981092e-23
gemma-4-e4b-it,ep1,base,vs_base,test_trained_exact,judge_lenient,paired_bootstrap,-0.139,-0.172,-0.105,0.0004997501249375312,-0.3571365810837704,500,0.031984007996002
gemma-4-e4b-it,ep1,base,vs_base,test_trained_exact,judge_strict,paired_bootstrap,-0.266,-0.318,-0.214,0.0004997501249375312,-0.44837609482512775,500,0.031984007996002
gemma-4-e4b-it,ep1,base,vs_base,test_trained_exact,keyfact_recall,paired_bootstrap,-0.1976,-0.23103333333333334,-0.16492416666666673,0.0004997501249375312,-0.5168382388055164,500,0.031984007996002
gemma-4-e4b-it,ep1,base,vs_base,test_trained_exact,contradiction_rate,paired_bootstrap,0.00016666666666666606,-0.017733333333333334,0.017502499999999987,0.9875062468765617,0.0008179899424591137,500,1.0
gemma-4-e4b-it,ep1,base,vs_base,test_trained_exact,token_f1,paired_bootstrap,0.24844005582141127,0.23464806898078305,0.2624147343793641,0.0004997501249375312,1.5654213542737891,500,0.031984007996002
gemma-4-e4b-it,ep1,base,vs_base,test_trained_exact,rouge_l,paired_bootstrap,0.2228573559359695,0.20875883944088441,0.2375844568180569,0.0004997501249375312,1.3726236638250842,500,0.031984007996002
gemma-4-e4b-it,ep1,base,vs_base,test_trained_exact,exact_repro,paired_bootstrap,0.026,0.014,0.04,0.0014992503748125937,0.16321965900034502,500,0.07796101949025487
gemma-4-e4b-it,ep1,base,vs_base,test_trained_exact,answer_words,paired_bootstrap,-197.116,-205.11374999999998,-188.6629,0.0004997501249375312,-2.1412750034516663,500,0.031984007996002
gemma-4-e4b-it,ep1,base,vs_base,test_trained_exact,judge_strict,mcnemar,-0.26599999999999996,,,4.0132582738222105e-21,-0.31516587677725116,500,1.7257010577435505e-19
gemma-4-e4b-it,ep1,base,vs_base,test_seen_facts,judge_lenient,paired_bootstrap,-0.07347670250896057,-0.11827956989247312,-0.026881720430107527,0.0009995002498750624,-0.1852312090633183,279,0.031984007996002
gemma-4-e4b-it,ep1,base,vs_base,test_seen_facts,judge_strict,paired_bootstrap,-0.17204301075268819,-0.23306451612903226,-0.1039426523297491,0.0004997501249375312,-0.3028040755190811,279,0.031984007996002
gemma-4-e4b-it,ep1,base,vs_base,test_seen_facts,keyfact_recall,paired_bootstrap,-0.1709080047789725,-0.21697281959378734,-0.12460274790919956,0.0004997501249375312,-0.43387337930098246,279,0.031984007996002
gemma-4-e4b-it,ep1,base,vs_base,test_seen_facts,contradiction_rate,paired_bootstrap,0.021983273596176824,-0.0066367980884109905,0.05125597371565113,0.13493253373313344,0.0901961205308387,279,1.0
gemma-4-e4b-it,ep1,base,vs_base,test_seen_facts,token_f1,paired_bootstrap,0.18922926517675684,0.1754977385372145,0.2054681543528822,0.0004997501249375312,1.4830776414207136,279,0.031984007996002
gemma-4-e4b-it,ep1,base,vs_base,test_seen_facts,rouge_l,paired_bootstrap,0.1548854041916384,0.14189350978797097,0.17040964835114464,0.0004997501249375312,1.2634776710421027,279,0.031984007996002
gemma-4-e4b-it,ep1,base,vs_base,test_seen_facts,exact_repro,paired_bootstrap,0.014336917562724014,0.0035842293906810036,0.02867383512544803,0.05847076461769116,0.1203882066473785,279,1.0
gemma-4-e4b-it,ep1,base,vs_base,test_seen_facts,answer_words,paired_bootstrap,-203.20430107526883,-215.20071684587813,-191.89874551971326,0.0004997501249375312,-2.0141475636271964,279,0.031984007996002
gemma-4-e4b-it,ep1,base,vs_base,test_seen_facts,judge_strict,mcnemar,-0.17204301075268813,,,1.2796062450772919e-06,-0.24489795918367346,279,2.9430943636777714e-05
gemma-4-e4b-it,ep1,base,vs_base,test_indomain,judge_lenient,paired_bootstrap,-0.17735470941883769,-0.21042084168336672,-0.14428857715430862,0.0004997501249375312,-0.48153905245292156,499,0.031984007996002
gemma-4-e4b-it,ep1,base,vs_base,test_indomain,judge_strict,paired_bootstrap,-0.3226452905811623,-0.3747995991983968,-0.2704909819639281,0.0004997501249375312,-0.5604370424876185,499,0.031984007996002
gemma-4-e4b-it,ep1,base,vs_base,test_indomain,keyfact_recall,paired_bootstrap,-0.20326666666666665,-0.23376833333333338,-0.17319583333333335,0.0004997501249375312,-0.5787067100522165,500,0.031984007996002
gemma-4-e4b-it,ep1,base,vs_base,test_indomain,contradiction_rate,paired_bootstrap,-0.009,-0.03007,0.011399999999999999,0.3918040979510245,-0.038563504081641845,500,1.0
gemma-4-e4b-it,ep1,base,vs_base,test_indomain,token_f1,paired_bootstrap,0.1924330532868919,0.18000792564536222,0.203889179241004,0.0004997501249375312,1.3844455362803894,500,0.031984007996002
gemma-4-e4b-it,ep1,base,vs_base,test_indomain,rouge_l,paired_bootstrap,0.16064424848851896,0.14985446635449742,0.17116625643940322,0.0004997501249375312,1.29202401805527,500,0.031984007996002
gemma-4-e4b-it,ep1,base,vs_base,test_indomain,exact_repro,paired_bootstrap,0.006,0.0,0.014,0.14442778610694654,0.07761536490422041,500,1.0
gemma-4-e4b-it,ep1,base,vs_base,test_indomain,answer_words,paired_bootstrap,-196.68,-204.4316,-188.8019,0.0004997501249375312,-2.1936832563630397,500,0.031984007996002
gemma-4-e4b-it,ep1,base,vs_base,test_indomain,judge_strict,mcnemar,-0.32264529058116237,,,1.557075019459044e-30,-0.3709677419354839,499,8.719620108970647e-29
gemma-4-e4b-it,ep1,base,vs_base,test_heldout_docs,judge_lenient,paired_bootstrap,-0.179,-0.209,-0.15,0.0004997501249375312,-0.5195582801994172,500,0.031984007996002
gemma-4-e4b-it,ep1,base,vs_base,test_heldout_docs,judge_strict,paired_bootstrap,-0.302,-0.352,-0.2539500000000003,0.0004997501249375312,-0.5594715403997385,500,0.031984007996002
gemma-4-e4b-it,ep1,base,vs_base,test_heldout_docs,keyfact_recall,paired_bootstrap,-0.21873333333333334,-0.2488025,-0.1885591666666667,0.0004997501249375312,-0.6446221161333269,500,0.031984007996002
gemma-4-e4b-it,ep1,base,vs_base,test_heldout_docs,contradiction_rate,paired_bootstrap,0.030833333333333327,0.012064166666666667,0.04990083333333333,0.001999000499750125,0.14334944414400405,500,0.11594202898550725
gemma-4-e4b-it,ep1,base,vs_base,test_heldout_docs,token_f1,paired_bootstrap,0.17000669792767129,0.1589427337522955,0.18163431723839674,0.0004997501249375312,1.3346942029351585,500,0.031984007996002
gemma-4-e4b-it,ep1,base,vs_base,test_heldout_docs,rouge_l,paired_bootstrap,0.14881428454422693,0.13911885565989313,0.15909372586293757,0.0004997501249375312,1.3201818645041659,500,0.031984007996002
gemma-4-e4b-it,ep1,base,vs_base,test_heldout_docs,exact_repro,paired_bootstrap,0.002,0.0,0.008,0.6306846576711644,0.044721359549995794,500,1.0
gemma-4-e4b-it,ep1,base,vs_base,test_heldout_docs,answer_words,paired_bootstrap,-190.844,-198.79525,-183.44545,0.0004997501249375312,-2.1557314459183976,500,0.031984007996002
gemma-4-e4b-it,ep1,base,vs_base,test_heldout_docs,judge_strict,mcnemar,-0.30200000000000005,,,4.4116026604458475e-31,-0.39528795811518325,500,2.5587295430585914e-29
gemma-4-e4b-it,ep2,base,vs_base,test_trained_exact,judge_lenient,paired_bootstrap,-0.088,-0.123,-0.051,0.0004997501249375312,-0.2136859196572675,500,0.031984007996002
gemma-4-e4b-it,ep2,base,vs_base,test_trained_exact,judge_strict,paired_bootstrap,-0.196,-0.25,-0.142,0.0004997501249375312,-0.3186504605706154,500,0.031984007996002
gemma-4-e4b-it,ep2,base,vs_base,test_trained_exact,keyfact_recall,paired_bootstrap,-0.14023333333333335,-0.1753016666666667,-0.10499583333333336,0.0004997501249375312,-0.34440007387288823,500,0.031984007996002
gemma-4-e4b-it,ep2,base,vs_base,test_trained_exact,contradiction_rate,paired_bootstrap,-0.005333333333333334,-0.02490083333333333,0.01380083333333333,0.5867066466766616,-0.02375206396672676,500,1.0
gemma-4-e4b-it,ep2,base,vs_base,test_trained_exact,token_f1,paired_bootstrap,0.2933078242113603,0.27743118522389143,0.3099234162455128,0.0004997501249375312,1.5609160319771294,500,0.031984007996002
gemma-4-e4b-it,ep2,base,vs_base,test_trained_exact,rouge_l,paired_bootstrap,0.2759681911247561,0.2590089611634751,0.29443939201188046,0.0004997501249375312,1.3592930575020412,500,0.031984007996002
gemma-4-e4b-it,ep2,base,vs_base,test_trained_exact,exact_repro,paired_bootstrap,0.066,0.044,0.088,0.0004997501249375312,0.26556069728038223,500,0.031984007996002
gemma-4-e4b-it,ep2,base,vs_base,test_trained_exact,answer_words,paired_bootstrap,-194.33,-202.39440000000002,-185.8711,0.0004997501249375312,-2.092712508113073,500,0.031984007996002
gemma-4-e4b-it,ep2,base,vs_base,test_trained_exact,judge_strict,mcnemar,-0.19599999999999995,,,7.106913122896171e-12,-0.23557692307692307,500,2.5584887242426215e-10
gemma-4-e4b-it,ep2,base,vs_base,test_seen_facts,judge_lenient,paired_bootstrap,-0.06989247311827956,-0.11474014336917562,-0.023297491039426525,0.00399800099950025,-0.18005810534421715,279,0.051974012993503245
gemma-4-e4b-it,ep2,base,vs_base,test_seen_facts,judge_strict,paired_bootstrap,-0.16487455197132617,-0.23297491039426524,-0.0967741935483871,0.0004997501249375312,-0.2859584812017228,279,0.031984007996002
gemma-4-e4b-it,ep2,base,vs_base,test_seen_facts,keyfact_recall,paired_bootstrap,-0.144026284348865,-0.18793757467144565,-0.09862455197132619,0.0004997501249375312,-0.37368565387532493,279,0.031984007996002
gemma-4-e4b-it,ep2,base,vs_base,test_seen_facts,contradiction_rate,paired_bootstrap,0.02706093189964158,-0.0023297491039426504,0.05753584229390675,0.07946026986506746,0.10696247875679143,279,1.0
gemma-4-e4b-it,ep2,base,vs_base,test_seen_facts,token_f1,paired_bootstrap,0.20813767854158452,0.19359552493380933,0.22457728531277907,0.0004997501249375312,1.587607034034687,279,0.031984007996002
gemma-4-e4b-it,ep2,base,vs_base,test_seen_facts,rouge_l,paired_bootstrap,0.17067339130929124,0.15617725377852124,0.1865915648672202,0.0004997501249375312,1.3137838530288124,279,0.031984007996002
gemma-4-e4b-it,ep2,base,vs_base,test_seen_facts,exact_repro,paired_bootstrap,0.017921146953405017,0.0035842293906810036,0.035842293906810034,0.03698150924537731,0.13484350016469612,279,1.0
gemma-4-e4b-it,ep2,base,vs_base,test_seen_facts,answer_words,paired_bootstrap,-200.87455197132616,-212.92482078853047,-189.26514336917563,0.0004997501249375312,-1.972272016700041,279,0.031984007996002
gemma-4-e4b-it,ep2,base,vs_base,test_seen_facts,judge_strict,mcnemar,-0.16487455197132617,,,4.69241261264223e-06,-0.22999999999999998,279,7.977101441491791e-05
gemma-4-e4b-it,ep2,base,vs_base,test_indomain,judge_lenient,paired_bootstrap,-0.20040080160320642,-0.23146292585170342,-0.1683366733466934,0.0004997501249375312,-0.5613896042637406,499,0.031984007996002
gemma-4-e4b-it,ep2,base,vs_base,test_indomain,judge_strict,paired_bootstrap,-0.33867735470941884,-0.3867735470941884,-0.28857715430861725,0.0004997501249375312,-0.6017242674076502,499,0.031984007996002
gemma-4-e4b-it,ep2,base,vs_base,test_indomain,keyfact_recall,paired_bootstrap,-0.21026666666666666,-0.24013750000000003,-0.18002833333333335,0.0004997501249375312,-0.6007765490376921,500,0.031984007996002
gemma-4-e4b-it,ep2,base,vs_base,test_indomain,contradiction_rate,paired_bootstrap,-0.008300000000000002,-0.028766666666666666,0.011366666666666666,0.4267866066966517,-0.036875055038590225,500,1.0
gemma-4-e4b-it,ep2,base,vs_base,test_indomain,token_f1,paired_bootstrap,0.17411291932041667,0.16338090281750708,0.18513181796551975,0.0004997501249375312,1.41550975543285,500,0.031984007996002
gemma-4-e4b-it,ep2,base,vs_base,test_indomain,rouge_l,paired_bootstrap,0.1438711272882061,0.13426029382527488,0.15358695415724927,0.0004997501249375312,1.2689859689861922,500,0.031984007996002
gemma-4-e4b-it,ep2,base,vs_base,test_indomain,exact_repro,paired_bootstrap,0.0,0.0,0.0,1.0,0.0,500,1.0
gemma-4-e4b-it,ep2,base,vs_base,test_indomain,answer_words,paired_bootstrap,-193.012,-200.70204999999999,-185.15185,0.0004997501249375312,-2.137847288597535,500,0.031984007996002
gemma-4-e4b-it,ep2,base,vs_base,test_indomain,judge_strict,mcnemar,-0.3386773547094189,,,2.1778332678497907e-34,-0.3930232558139535,499,1.3284782933883722e-32
gemma-4-e4b-it,ep2,base,vs_base,test_heldout_docs,judge_lenient,paired_bootstrap,-0.181,-0.211,-0.153,0.0004997501249375312,-0.5361534966885503,500,0.031984007996002
gemma-4-e4b-it,ep2,base,vs_base,test_heldout_docs,judge_strict,paired_bootstrap,-0.292,-0.338,-0.248,0.0004997501249375312,-0.5734818693345995,500,0.031984007996002
gemma-4-e4b-it,ep2,base,vs_base,test_heldout_docs,keyfact_recall,paired_bootstrap,-0.21343333333333334,-0.242835,-0.18403083333333334,0.0004997501249375312,-0.6397710581161083,500,0.031984007996002
gemma-4-e4b-it,ep2,base,vs_base,test_heldout_docs,contradiction_rate,paired_bootstrap,0.02803333333333333,0.007599166666666666,0.04946666666666666,0.0079960019990005,0.11920294906648071,500,0.447776111944028
gemma-4-e4b-it,ep2,base,vs_base,test_heldout_docs,token_f1,paired_bootstrap,0.15461738720341497,0.1439658082469754,0.16517436020184317,0.0004997501249375312,1.2627267693047117,500,0.031984007996002
gemma-4-e4b-it,ep2,base,vs_base,test_heldout_docs,rouge_l,paired_bootstrap,0.1275041803313558,0.11872557148732862,0.13693960442970268,0.0004997501249375312,1.2146466432568197,500,0.031984007996002
gemma-4-e4b-it,ep2,base,vs_base,test_heldout_docs,exact_repro,paired_bootstrap,0.002,0.0,0.008,0.6306846576711644,0.044721359549995794,500,1.0
gemma-4-e4b-it,ep2,base,vs_base,test_heldout_docs,answer_words,paired_bootstrap,-187.494,-195.6303,-179.91745,0.0004997501249375312,-2.0992148375379425,500,0.031984007996002
gemma-4-e4b-it,ep2,base,vs_base,test_heldout_docs,judge_strict,mcnemar,-0.29200000000000004,,,4.227536149253027e-33,-0.42441860465116277,500,2.4942463280592857e-31
gemma-4-e4b-it,ep3,base,vs_base,test_trained_exact,judge_lenient,paired_bootstrap,-0.064,-0.099,-0.028,0.0014992503748125937,-0.15744528141543165,500,0.031984007996002
gemma-4-e4b-it,ep3,base,vs_base,test_trained_exact,judge_strict,paired_bootstrap,-0.178,-0.232,-0.122,0.0004997501249375312,-0.28035068437393634,500,0.031984007996002
gemma-4-e4b-it,ep3,base,vs_base,test_trained_exact,keyfact_recall,paired_bootstrap,-0.13023333333333334,-0.16793333333333332,-0.09456416666666667,0.0004997501249375312,-0.3137084509433609,500,0.031984007996002
gemma-4-e4b-it,ep3,base,vs_base,test_trained_exact,contradiction_rate,paired_bootstrap,-0.0124,-0.030039166666666665,0.00483416666666666,0.1794102948525737,-0.0614755540020923,500,1.0
gemma-4-e4b-it,ep3,base,vs_base,test_trained_exact,token_f1,paired_bootstrap,0.31229898616854085,0.29660520379464567,0.3292781051307107,0.0004997501249375312,1.6356343016627606,500,0.031984007996002
gemma-4-e4b-it,ep3,base,vs_base,test_trained_exact,rouge_l,paired_bootstrap,0.29546414096531454,0.27820068435640644,0.31416257156519056,0.0004997501249375312,1.4221269013527815,500,0.031984007996002
gemma-4-e4b-it,ep3,base,vs_base,test_trained_exact,exact_repro,paired_bootstrap,0.09,0.066,0.116,0.0004997501249375312,0.3141708081653938,500,0.031984007996002
gemma-4-e4b-it,ep3,base,vs_base,test_trained_exact,answer_words,paired_bootstrap,-193.878,-201.84210000000002,-185.33460000000002,0.0004997501249375312,-2.075528630523512,500,0.031984007996002
gemma-4-e4b-it,ep3,base,vs_base,test_trained_exact,judge_strict,mcnemar,-0.17799999999999994,,,1.3733788834334996e-09,-0.20506912442396313,500,4.120136650300499e-08
gemma-4-e4b-it,ep3,base,vs_base,test_seen_facts,judge_lenient,paired_bootstrap,-0.03942652329749104,-0.08243727598566308,0.005376344086021506,0.08095952023988005,-0.10258126456914358,279,0.4047976011994003
gemma-4-e4b-it,ep3,base,vs_base,test_seen_facts,judge_strict,paired_bootstrap,-0.13978494623655913,-0.20430107526881722,-0.07526881720430108,0.0004997501249375312,-0.249091396212859,279,0.031984007996002
gemma-4-e4b-it,ep3,base,vs_base,test_seen_facts,keyfact_recall,paired_bootstrap,-0.12795698924731183,-0.1715800477897252,-0.08284647550776587,0.0004997501249375312,-0.33485563777963206,279,0.031984007996002
gemma-4-e4b-it,ep3,base,vs_base,test_seen_facts,contradiction_rate,paired_bootstrap,0.022879330943847073,-0.005854241338112304,0.05083781362007168,0.11394302848575712,0.09267029440548452,279,1.0
gemma-4-e4b-it,ep3,base,vs_base,test_seen_facts,token_f1,paired_bootstrap,0.21754803406911244,0.20268616023932148,0.23396748572584347,0.0004997501249375312,1.595076425996383,279,0.031984007996002
gemma-4-e4b-it,ep3,base,vs_base,test_seen_facts,rouge_l,paired_bootstrap,0.17851355508472688,0.16349056252879948,0.1958136010907187,0.0004997501249375312,1.278521736224242,279,0.031984007996002
gemma-4-e4b-it,ep3,base,vs_base,test_seen_facts,exact_repro,paired_bootstrap,0.017921146953405017,0.0035842293906810036,0.035842293906810034,0.031484257871064465,0.13484350016469615,279,1.0
gemma-4-e4b-it,ep3,base,vs_base,test_seen_facts,answer_words,paired_bootstrap,-199.9390681003584,-211.83333333333334,-188.5548387096774,0.0004997501249375312,-1.9879471688917687,279,0.031984007996002
gemma-4-e4b-it,ep3,base,vs_base,test_seen_facts,judge_strict,mcnemar,-0.13978494623655913,,,6.467045262218053e-05,-0.2096774193548387,279,0.0007113749788439858
gemma-4-e4b-it,ep3,base,vs_base,test_indomain,judge_lenient,paired_bootstrap,-0.19839679358717435,-0.23048597194388779,-0.1653306613226453,0.0004997501249375312,-0.5394515132844659,499,0.031984007996002
gemma-4-e4b-it,ep3,base,vs_base,test_indomain,judge_strict,paired_bootstrap,-0.33867735470941884,-0.3867735470941884,-0.2865731462925852,0.0004997501249375312,-0.5942381452988543,499,0.031984007996002
gemma-4-e4b-it,ep3,base,vs_base,test_indomain,keyfact_recall,paired_bootstrap,-0.2057,-0.23443999999999998,-0.17693166666666665,0.0004997501249375312,-0.6065548949251822,500,0.031984007996002
gemma-4-e4b-it,ep3,base,vs_base,test_indomain,contradiction_rate,paired_bootstrap,-0.0013333333333333335,-0.023103333333333333,0.0201,0.9010494752623688,-0.0055535121280163415,500,1.0
gemma-4-e4b-it,ep3,base,vs_base,test_indomain,token_f1,paired_bootstrap,0.1627728448815204,0.15174530579322615,0.17405499551429482,0.0004997501249375312,1.2924621588925018,500,0.031984007996002
gemma-4-e4b-it,ep3,base,vs_base,test_indomain,rouge_l,paired_bootstrap,0.13269500472374468,0.12304587709710114,0.1421677788096735,0.0004997501249375312,1.1970027529097742,500,0.031984007996002
gemma-4-e4b-it,ep3,base,vs_base,test_indomain,exact_repro,paired_bootstrap,0.0,0.0,0.0,1.0,0.0,500,1.0
gemma-4-e4b-it,ep3,base,vs_base,test_indomain,answer_words,paired_bootstrap,-192.886,-200.69225,-185.01950000000002,0.0004997501249375312,-2.133867204783379,500,0.031984007996002
gemma-4-e4b-it,ep3,base,vs_base,test_indomain,judge_strict,mcnemar,-0.3386773547094189,,,1.3697763216144082e-33,-0.3858447488584475,499,8.218657929686449e-32
gemma-4-e4b-it,ep3,base,vs_base,test_heldout_docs,judge_lenient,paired_bootstrap,-0.195,-0.223,-0.165,0.0004997501249375312,-0.5808605491428789,500,0.031984007996002
gemma-4-e4b-it,ep3,base,vs_base,test_heldout_docs,judge_strict,paired_bootstrap,-0.298,-0.342,-0.254,0.0004997501249375312,-0.5963634263311506,500,0.031984007996002
gemma-4-e4b-it,ep3,base,vs_base,test_heldout_docs,keyfact_recall,paired_bootstrap,-0.2053333333333333,-0.23413416666666667,-0.17586083333333338,0.0004997501249375312,-0.6162921596228799,500,0.031984007996002
gemma-4-e4b-it,ep3,base,vs_base,test_heldout_docs,contradiction_rate,paired_bootstrap,0.019233333333333335,0.000199166666666666,0.039934999999999984,0.054972513743128434,0.08950666346896777,500,1.0
gemma-4-e4b-it,ep3,base,vs_base,test_heldout_docs,token_f1,paired_bootstrap,0.14886063854550605,0.1380381507853358,0.15934813501630796,0.0004997501249375312,1.2167950194594281,500,0.031984007996002
gemma-4-e4b-it,ep3,base,vs_base,test_heldout_docs,rouge_l,paired_bootstrap,0.12105816775929149,0.11216310930046183,0.13028749790942296,0.0004997501249375312,1.1438977509693298,500,0.031984007996002
gemma-4-e4b-it,ep3,base,vs_base,test_heldout_docs,exact_repro,paired_bootstrap,0.002,0.0,0.008,0.6306846576711644,0.044721359549995794,500,1.0
gemma-4-e4b-it,ep3,base,vs_base,test_heldout_docs,answer_words,paired_bootstrap,-186.556,-194.792,-179.03765,0.0004997501249375312,-2.0882076014344237,500,0.031984007996002
gemma-4-e4b-it,ep3,base,vs_base,test_heldout_docs,judge_strict,mcnemar,-0.29800000000000004,,,1.1376864949316992e-35,-0.44082840236686394,500,7.053656268576535e-34
gemma-4-e4b-it,cpt_ep1,ep1,vs_qa_only,test_trained_exact,judge_lenient,paired_bootstrap,-0.029,-0.056,-0.001,0.044977511244377814,-0.09318416536418096,500,0.40479760119940034
gemma-4-e4b-it,cpt_ep1,ep1,vs_qa_only,test_trained_exact,judge_strict,paired_bootstrap,-0.036,-0.078,0.004,0.09245377311344327,-0.07761536490422043,500,0.5547226386806596
gemma-4-e4b-it,cpt_ep1,ep1,vs_qa_only,test_trained_exact,keyfact_recall,paired_bootstrap,-0.032100000000000004,-0.05570166666666666,-0.007631666666666674,0.010494752623688156,-0.1155486838225451,500,0.13643178410794604
gemma-4-e4b-it,cpt_ep1,ep1,vs_qa_only,test_trained_exact,contradiction_rate,paired_bootstrap,0.003033333333333333,-0.01370333333333333,0.018634999999999992,0.7026486756621689,0.016317674526525144,500,1.0
gemma-4-e4b-it,cpt_ep1,ep1,vs_qa_only,test_trained_exact,token_f1,paired_bootstrap,-0.027872899666241523,-0.03864374225534554,-0.017846584588715787,0.0004997501249375312,-0.2392306156950213,500,0.0079960019990005
gemma-4-e4b-it,cpt_ep1,ep1,vs_qa_only,test_trained_exact,rouge_l,paired_bootstrap,-0.029071829535121958,-0.04061530954769295,-0.01780819427936633,0.0004997501249375312,-0.23328387953371824,500,0.0079960019990005
gemma-4-e4b-it,cpt_ep1,ep1,vs_qa_only,test_trained_exact,exact_repro,paired_bootstrap,-0.016,-0.032,-0.002,0.047976011994003,-0.09596231478702923,500,0.5757121439280359
gemma-4-e4b-it,cpt_ep1,ep1,vs_qa_only,test_trained_exact,answer_words,paired_bootstrap,-1.1,-2.062,-0.1936000000000022,0.02048975512243878,-0.10318327432812872,500,0.26636681659170414
gemma-4-e4b-it,cpt_ep1,ep1,vs_qa_only,test_trained_exact,judge_strict,mcnemar,-0.035999999999999976,,,0.10143273504110485,-0.08333333333333331,500,0.6085964102466291
gemma-4-e4b-it,cpt_ep1,ep1,vs_qa_only,test_seen_facts,judge_lenient,paired_bootstrap,-0.04121863799283154,-0.07885304659498207,-0.0035842293906810036,0.0384807596201899,-0.12490128014296831,279,0.384807596201899
gemma-4-e4b-it,cpt_ep1,ep1,vs_qa_only,test_seen_facts,judge_strict,paired_bootstrap,-0.06093189964157706,-0.12186379928315412,0.0,0.053973013493253376,-0.12323303559697611,279,0.4407796101949026
gemma-4-e4b-it,cpt_ep1,ep1,vs_qa_only,test_seen_facts,keyfact_recall,paired_bootstrap,-0.04223416965352449,-0.07777777777777778,-0.008242234169653532,0.019490254872563718,-0.14813227189491782,279,0.23388305847076463
gemma-4-e4b-it,cpt_ep1,ep1,vs_qa_only,test_seen_facts,contradiction_rate,paired_bootstrap,0.014994026284348866,-0.00967741935483871,0.04020310633213859,0.23438280859570215,0.07225995262721226,279,1.0
gemma-4-e4b-it,cpt_ep1,ep1,vs_qa_only,test_seen_facts,token_f1,paired_bootstrap,-0.035221289974336774,-0.047117265745470656,-0.024132967561438536,0.0004997501249375312,-0.357503499973614,279,0.0079960019990005
gemma-4-e4b-it,cpt_ep1,ep1,vs_qa_only,test_seen_facts,rouge_l,paired_bootstrap,-0.03209702299750623,-0.04289106639402326,-0.022103012529759703,0.0004997501249375312,-0.3549845887099463,279,0.0079960019990005
gemma-4-e4b-it,cpt_ep1,ep1,vs_qa_only,test_seen_facts,exact_repro,paired_bootstrap,-0.010752688172043012,-0.025089605734767026,0.0,0.14042978510744628,-0.10407019843487955,279,1.0
gemma-4-e4b-it,cpt_ep1,ep1,vs_qa_only,test_seen_facts,answer_words,paired_bootstrap,-1.3154121863799284,-2.813709677419355,0.07186379928315315,0.07396301849075462,-0.1064471245755545,279,0.8875562218890555
gemma-4-e4b-it,cpt_ep1,ep1,vs_qa_only,test_seen_facts,judge_strict,mcnemar,-0.06093189964157708,,,0.05328936381651365,-0.12318840579710144,279,0.5044215663996978
gemma-4-e4b-it,cpt_ep1,ep1,vs_qa_only,test_indomain,judge_lenient,paired_bootstrap,-0.006,-0.033,0.022,0.6901549225387307,-0.020095988351113817,500,1.0
gemma-4-e4b-it,cpt_ep1,ep1,vs_qa_only,test_indomain,judge_strict,paired_bootstrap,0.004,-0.034,0.046,0.889055472263868,0.008679080580989007,500,1.0
gemma-4-e4b-it,cpt_ep1,ep1,vs_qa_only,test_indomain,keyfact_recall,paired_bootstrap,-0.006199999999999999,-0.02763416666666666,0.01620916666666662,0.6011994002998501,-0.024296686061355918,500,1.0
gemma-4-e4b-it,cpt_ep1,ep1,vs_qa_only,test_indomain,contradiction_rate,paired_bootstrap,0.0045333333333333345,-0.010071666666666665,0.019368333333333324,0.5372313843078461,0.027099983055997458,500,1.0
gemma-4-e4b-it,cpt_ep1,ep1,vs_qa_only,test_indomain,token_f1,paired_bootstrap,0.007781242214542034,-0.0005984587585333727,0.015837058937005852,0.05897051474262868,0.08241917629308518,500,0.11794102948525736
gemma-4-e4b-it,cpt_ep1,ep1,vs_qa_only,test_indomain,rouge_l,paired_bootstrap,0.011350030296020976,0.0032982013338769592,0.019256099035317317,0.0034982508745627187,0.12689590270599968,500,0.009995002498750625
gemma-4-e4b-it,cpt_ep1,ep1,vs_qa_only,test_indomain,exact_repro,paired_bootstrap,0.002,0.0,0.006,0.631184407796102,0.044721359549995794,500,1.0
gemma-4-e4b-it,cpt_ep1,ep1,vs_qa_only,test_indomain,answer_words,paired_bootstrap,-0.048,-1.0002,0.962,0.9205397301349325,-0.0043238651799668995,500,1.0
gemma-4-e4b-it,cpt_ep1,ep1,vs_qa_only,test_indomain,judge_strict,mcnemar,0.0040000000000000036,,,0.9226851594412756,0.009433962264150941,500,1.0
gemma-4-e4b-it,cpt_ep1,ep1,vs_qa_only,test_heldout_docs,judge_lenient,paired_bootstrap,0.033,0.008975,0.058,0.010494752623688156,0.11087306645074406,500,0.13643178410794604
gemma-4-e4b-it,cpt_ep1,ep1,vs_qa_only,test_heldout_docs,judge_strict,paired_bootstrap,0.038,0.002,0.076,0.04897551224387806,0.08836591582043202,500,0.4407796101949026
gemma-4-e4b-it,cpt_ep1,ep1,vs_qa_only,test_heldout_docs,keyfact_recall,paired_bootstrap,0.012733333333333331,-0.007335833333333336,0.033401666666666656,0.21839080459770116,0.05566463343190494,500,1.0
gemma-4-e4b-it,cpt_ep1,ep1,vs_qa_only,test_heldout_docs,contradiction_rate,paired_bootstrap,-0.014433333333333333,-0.028969166666666664,-0.00016333333333335223,0.05147426286856572,-0.08715719244668015,500,0.7721139430284858
gemma-4-e4b-it,cpt_ep1,ep1,vs_qa_only,test_heldout_docs,token_f1,paired_bootstrap,0.015203906714713427,0.0076568743758118766,0.02291631759736039,0.0009995002498750624,0.17467027910475896,500,0.0079960019990005
gemma-4-e4b-it,cpt_ep1,ep1,vs_qa_only,test_heldout_docs,rouge_l,paired_bootstrap,0.011034752702466236,0.003708006104398834,0.01818726904351,0.0029985007496251873,0.13742429215986102,500,0.009995002498750625
gemma-4-e4b-it,cpt_ep1,ep1,vs_qa_only,test_heldout_docs,exact_repro,paired_bootstrap,0.006,0.0,0.014,0.13043478260869565,0.07761536490422041,500,1.0
gemma-4-e4b-it,cpt_ep1,ep1,vs_qa_only,test_heldout_docs,answer_words,paired_bootstrap,-0.632,-1.5540500000000002,0.27814999999999923,0.16841579210394803,-0.06213918500297234,500,1.0
gemma-4-e4b-it,cpt_ep1,ep1,vs_qa_only,test_heldout_docs,judge_strict,mcnemar,0.038000000000000006,,,0.06138589870445953,0.10215053763440862,500,0.5044215663996978
